#pragma once
#include <stdint.h>
// Generated by tools/generate_stone_background.py; pixels reside in flash.
namespace StoneBackground {
constexpr int Width = 280, Height = 240;
static const uint16_t Pixels[] = {
  0x39c7,0x39c7,0x39c7,0x39c7,0x39c7,0x39c7,0x39c7,0x39c7,0x39e7,0x41e7,0x41e7,0x4207,0x41e7,0x41e7,0x41e7,0x4207,0x4207,0x4207,0x4207,0x4207,
  0x41e7,0x41e7,0x4a07,0x4a07,0x4a07,0x4a07,0x41e7,0x39a6,0x3986,0x3165,0x3165,0x2924,0x2103,0x20e3,0x20e3,0x18a2,0x1082,0x0861,0x0840,0x0841,
  0x0841,0x0841,0x0841,0x0820,0x0821,0x0820,0x0840,0x0841,0x0861,0x1082,0x10a2,0x18c3,0x18e3,0x18e3,0x2104,0x2124,0x2925,0x2945,0x2965,0x2966,
  0x2965,0x2965,0x2965,0x2965,0x2965,0x2965,0x2965,0x2965,0x2965,0x2965,0x2945,0x2945,0x2965,0x2965,0x2965,0x2965,0x2965,0x2965,0x2965,0x2965,
  0x2965,0x2965,0x2965,0x2966,0x2966,0x3186,0x3186,0x3186,0x3186,0x3186,0x3166,0x2966,0x2966,0x2966,0x2965,0x2965,0x2965,0x2965,0x2965,0x2965,
  0x2965,0x2965,0x2965,0x2945,0x2965,0x2965,0x2965,0x2945,0x2965,0x2965,0x2966,0x2966,0x2966,0x2945,0x2945,0x2966,0x2966,0x2946,0x2945,0x2945,
  0x2945,0x2945,0x2945,0x2945,0x2946,0x2945,0x2945,0x2966,0x2966,0x2966,0x2966,0x2945,0x2945,0x2945,0x2945,0x2945,0x2125,0x2125,0x2125,0x2124,
  0x2104,0x2104,0x18e4,0x18c3,0x18c3,0x10a2,0x1082,0x0862,0x0861,0x0841,0x0841,0x0841,0x0841,0x0841,0x0841,0x0841,0x0841,0x0841,0x0841,0x0841,
  0x0861,0x1082,0x18c3,0x2103,0x2924,0x2945,0x3185,0x39a6,0x39a6,0x39a6,0x3185,0x3165,0x3165,0x3165,0x3165,0x3165,0x3165,0x2965,0x2945,0x2945,
  0x2945,0x2925,0x2924,0x2124,0x2104,0x2104,0x2104,0x2104,0x2104,0x2104,0x2104,0x2104,0x2104,0x2104,0x2104,0x2124,0x2104,0x2124,0x2104,0x20e4,
  0x2104,0x2104,0x2104,0x18e4,0x18e4,0x18e3,0x2104,0x2104,0x2104,0x2104,0x18e3,0x18e3,0x18e3,0x18e4,0x20e4,0x2104,0x20e3,0x18e3,0x18e3,0x18c3,
  0x18c3,0x18c3,0x18c3,0x18c3,0x18e3,0x18e3,0x2104,0x2104,0x2104,0x2104,0x18e3,0x18e3,0x18e3,0x18e3,0x18e3,0x18e3,0x18e3,0x18e4,0x2104,0x2945,
  0x2945,0x2124,0x20e4,0x18e3,0x18e3,0x18e3,0x18e3,0x18e3,0x18e3,0x18e3,0x18e3,0x18e3,0x18c3,0x18c3,0x10a2,0x10a2,0x18c3,0x18c3,0x18e3,0x2103,
  0x2103,0x20e3,0x18c3,0x18c3,0x18a2,0x10a2,0x1082,0x1082,0x1082,0x1082,0x1082,0x1082,0x1082,0x1082,0x1082,0x1082,0x1082,0x1082,0x1082,0x1082,
  0x39a7,0x39c7,0x39c7,0x39e7,0x41e7,0x41e7,0x39e7,0x39c7,0x39c7,0x39c7,0x39c7,0x41e7,0x41e7,0x41e7,0x41e7,0x41e7,0x41e7,0x41e7,0x41e7,0x41e7,
  0x41e7,0x41e7,0x41e7,0x4207,0x4a07,0x4a07,0x4a07,0x41e7,0x41c6,0x39a6,0x3985,0x3165,0x3144,0x2944,0x2924,0x2103,0x18c3,0x18a2,0x0861,0x0841,
  0x0820,0x0820,0x0820,0x0020,0x0020,0x0020,0x0841,0x0861,0x1082,0x10a2,0x10a3,0x18c3,0x18e4,0x2104,0x2124,0x2125,0x2945,0x2945,0x2945,0x2965,
  0x2965,0x2965,0x2965,0x2965,0x2965,0x2965,0x2965,0x2965,0x2945,0x2945,0x2945,0x2945,0x2965,0x2965,0x2965,0x2965,0x2965,0x2965,0x2966,0x2966,
  0x2965,0x2965,0x2965,0x2966,0x2966,0x3186,0x3186,0x3186,0x3186,0x3186,0x3186,0x3186,0x2966,0x2966,0x2966,0x2966,0x2966,0x2965,0x2965,0x2966,
  0x2965,0x2965,0x2965,0x2965,0x2965,0x2965,0x2965,0x2965,0x2966,0x2966,0x2966,0x2966,0x2966,0x2966,0x2966,0x2966,0x2966,0x2966,0x2966,0x2966,
  0x2966,0x2966,0x2966,0x2966,0x2966,0x2966,0x2966,0x2966,0x2966,0x2966,0x2966,0x2946,0x2945,0x2945,0x2945,0x2945,0x2925,0x2125,0x2125,0x2125,
  0x2104,0x2104,0x20e4,0x18e4,0x18c3,0x10a3,0x10a2,0x1082,0x0861,0x0861,0x0861,0x0841,0x0841,0x0841,0x0841,0x0841,0x0841,0x0841,0x0840,0x0841,
  0x1061,0x18a2,0x20e3,0x2124,0x2944,0x3165,0x39a6,0x39a6,0x39a6,0x3986,0x3185,0x3165,0x3165,0x3165,0x3165,0x3165,0x3165,0x2945,0x2945,0x2945,
  0x2945,0x2924,0x2124,0x2104,0x2104,0x2104,0x2104,0x2104,0x2104,0x2104,0x2104,0x2104,0x2104,0x2104,0x2104,0x2104,0x2104,0x2104,0x20e4,0x18e4,
  0x18e3,0x18e4,0x18e3,0x18e3,0x18e3,0x18e3,0x2104,0x2104,0x2104,0x2104,0x18e3,0x18e3,0x18e3,0x18e4,0x2104,0x2104,0x20e3,0x18e3,0x18c3,0x18c3,
  0x18a3,0x10a3,0x10a3,0x18c3,0x18c3,0x18c3,0x18e4,0x2104,0x2104,0x2104,0x18e3,0x18e3,0x18e4,0x18e3,0x18e3,0x18c3,0x18e3,0x18e3,0x2104,0x2924,
  0x2945,0x2124,0x2104,0x20e4,0x18e4,0x20e4,0x20e4,0x18e3,0x18e3,0x18c3,0x18c3,0x18c3,0x18c3,0x10a3,0x10a2,0x10a2,0x18c3,0x18c3,0x20e3,0x2103,
  0x20e3,0x18e3,0x18c3,0x18c3,0x10a2,0x10a2,0x1082,0x1082,0x1082,0x1082,0x1082,0x1082,0x1082,0x1082,0x1082,0x10a2,0x1082,0x1082,0x1082,0x0862,
  0x31a6,0x39a7,0x39c7,0x39c7,0x41e7,0x39e7,0x39e7,0x39c7,0x39a7,0x39a7,0x39c7,0x39c7,0x41e7,0x41e7,0x41e7,0x41e7,0x41e7,0x41e7,0x41e7,0x41e7,
  0x41e7,0x41e7,0x41e7,0x41e7,0x4a07,0x4a07,0x41e7,0x41e7,0x41e6,0x41c6,0x41c6,0x39a6,0x39a6,0x3985,0x3165,0x3144,0x2924,0x20e3,0x18a2,0x0861,
  0x0841,0x0020,0x0020,0x0020,0x0020,0x0020,0x0841,0x0861,0x1082,0x10a3,0x18c3,0x18e3,0x2104,0x2124,0x2925,0x2925,0x2945,0x2945,0x2945,0x2965,
  0x2965,0x2965,0x2945,0x2945,0x2965,0x2965,0x2945,0x2965,0x2945,0x2945,0x2945,0x2945,0x2965,0x2965,0x2965,0x2945,0x2965,0x2965,0x2966,0x2966,
  0x2965,0x2965,0x2965,0x2965,0x2966,0x3166,0x3166,0x3186,0x3186,0x3186,0x3186,0x3186,0x3186,0x3186,0x3186,0x3186,0x3166,0x3166,0x3166,0x3166,
  0x3166,0x3166,0x3166,0x3166,0x3166,0x3166,0x2966,0x2966,0x2966,0x2966,0x2966,0x2966,0x2966,0x2966,0x2966,0x2966,0x2966,0x2966,0x2966,0x2966,
  0x2966,0x2966,0x2966,0x2966,0x2966,0x2966,0x2966,0x2966,0x2966,0x2966,0x2966,0x2945,0x2945,0x2945,0x2945,0x2945,0x2925,0x2125,0x2125,0x2125,
  0x2125,0x2104,0x2104,0x18e4,0x18c3,0x18c3,0x10a3,0x1082,0x0882,0x0862,0x0861,0x0861,0x0841,0x0841,0x0841,0x0841,0x0841,0x0841,0x0841,0x0841,
  0x1082,0x18c3,0x2104,0x2924,0x3165,0x3186,0x39a6,0x39a6,0x39a6,0x3186,0x3186,0x3185,0x3165,0x3165,0x3165,0x2965,0x2945,0x2945,0x2945,0x2945,
  0x2925,0x2924,0x2124,0x2104,0x2104,0x20e3,0x2104,0x2104,0x2104,0x2104,0x2104,0x2104,0x2104,0x2104,0x2104,0x2104,0x2104,0x2104,0x18e3,0x18e3,
  0x18e3,0x18e3,0x18e3,0x18e3,0x18e4,0x2104,0x2104,0x2104,0x2104,0x2104,0x18e3,0x18e3,0x18e3,0x20e4,0x20e4,0x20e3,0x18c3,0x18c3,0x18a2,0x10a2,
  0x10a2,0x10a2,0x10a2,0x10a2,0x18c3,0x18c3,0x18e3,0x2104,0x2104,0x2104,0x18e4,0x18e4,0x18e4,0x18e3,0x18e3,0x18e3,0x18e3,0x18e3,0x20e4,0x2104,
  0x2104,0x2104,0x2104,0x2104,0x2104,0x20e4,0x20e4,0x18e3,0x18e3,0x18c3,0x18c3,0x18c3,0x18c3,0x10a2,0x10a2,0x18a2,0x18c3,0x18c3,0x18e3,0x18e3,
  0x18c3,0x18c3,0x18a3,0x18a2,0x10a2,0x10a2,0x1082,0x1082,0x1082,0x1082,0x1082,0x1082,0x1082,0x1082,0x10a2,0x10a2,0x10a2,0x1082,0x1082,0x0862,
  0x3186,0x3186,0x31a6,0x39a7,0x39c7,0x39c7,0x39a7,0x31a6,0x31a6,0x31a6,0x31a7,0x39c7,0x41e7,0x41e7,0x4208,0x4a08,0x4207,0x41e7,0x41e7,0x41e7,
  0x41e7,0x41e7,0x41e7,0x41e7,0x41e7,0x41e7,0x41c6,0x41c6,0x41c6,0x41c6,0x41c6,0x41c6,0x41e6,0x41c6,0x41a6,0x3985,0x3165,0x2924,0x20e3,0x18a2,
  0x0861,0x0020,0x0020,0x0020,0x0020,0x0841,0x0861,0x1082,0x10a2,0x18c3,0x18e3,0x18e4,0x2104,0x2125,0x2945,0x2945,0x2945,0x2945,0x2945,0x2945,
  0x2945,0x2945,0x2945,0x2945,0x2945,0x2945,0x2945,0x2965,0x2965,0x2965,0x2965,0x2965,0x2945,0x2945,0x2945,0x2965,0x2965,0x2965,0x2965,0x2965,
  0x2965,0x2965,0x2965,0x2966,0x2966,0x3166,0x3166,0x3186,0x3186,0x3186,0x3186,0x3186,0x3186,0x3186,0x3186,0x3186,0x3166,0x3186,0x3186,0x3186,
  0x3186,0x3186,0x3186,0x3186,0x3186,0x3166,0x3166,0x3166,0x3166,0x2966,0x2966,0x2966,0x2966,0x3166,0x3186,0x3166,0x2966,0x3186,0x3186,0x2966,
  0x2966,0x2966,0x2966,0x2966,0x2966,0x2966,0x2966,0x2966,0x2966,0x2966,0x2965,0x2945,0x2945,0x2945,0x2945,0x2945,0x2925,0x2125,0x2125,0x2125,
  0x2125,0x2125,0x2104,0x2104,0x18e4,0x18c3,0x18c3,0x10a3,0x1082,0x1082,0x0862,0x0861,0x0841,0x0841,0x0841,0x0041,0x0020,0x0020,0x0841,0x0861,
  0x18a2,0x20e3,0x2124,0x2945,0x3165,0x39a6,0x39a6,0x39a6,0x39a6,0x3986,0x3186,0x3185,0x3165,0x3165,0x2945,0x2945,0x2944,0x2924,0x2925,0x2925,
  0x2924,0x2924,0x2124,0x2124,0x2104,0x2104,0x20e3,0x20e4,0x2104,0x2104,0x2104,0x2104,0x2104,0x2104,0x2124,0x2124,0x2124,0x2104,0x18e3,0x18e3,
  0x18e3,0x18e3,0x18e4,0x20e4,0x18e4,0x2104,0x2104,0x2124,0x2104,0x2104,0x18e3,0x18e3,0x18e3,0x20e3,0x20e3,0x18e3,0x18c3,0x10a2,0x10a2,0x10a2,
  0x10a2,0x10a2,0x10a2,0x10a2,0x18c3,0x18c3,0x18e3,0x18e4,0x18e4,0x18e3,0x18e3,0x18e3,0x18e3,0x18e3,0x18e4,0x18e3,0x18e3,0x18e3,0x18e3,0x18e3,
  0x18e3,0x18e3,0x18e3,0x18e3,0x20e3,0x18e3,0x18e3,0x18e3,0x18e3,0x18c3,0x18c3,0x18c3,0x18c3,0x18c3,0x18c3,0x18c3,0x18c3,0x18c3,0x18c3,0x18c3,
  0x18c2,0x10a2,0x10a2,0x10a2,0x10a2,0x10a2,0x10a2,0x1082,0x1082,0x1082,0x1082,0x1082,0x1082,0x1082,0x10a2,0x10a2,0x10a2,0x1082,0x0862,0x0861,
  0x3166,0x2966,0x3166,0x3186,0x3186,0x3186,0x3186,0x3186,0x3186,0x3186,0x31a6,0x39c7,0x41e7,0x4208,0x4a28,0x4a28,0x4208,0x41e7,0x39c6,0x39c6,
  0x41c6,0x41c6,0x41c7,0x41e7,0x41e7,0x41c6,0x41c6,0x39a6,0x39a6,0x39a6,0x41c6,0x41c6,0x41e6,0x49e7,0x4a07,0x41e6,0x39a6,0x3165,0x2924,0x18e3,
  0x10a2,0x0841,0x0020,0x0020,0x0020,0x0841,0x0861,0x10a2,0x18c3,0x18e3,0x18e4,0x2104,0x2124,0x2125,0x2145,0x2925,0x2925,0x2945,0x2945,0x2945,
  0x2945,0x2945,0x2945,0x2945,0x2945,0x2945,0x2945,0x2945,0x2945,0x2965,0x2965,0x2965,0x2945,0x2945,0x2965,0x2965,0x2965,0x2965,0x2965,0x2965,
  0x2965,0x2965,0x2965,0x2966,0x2965,0x2966,0x3186,0x3186,0x3186,0x3186,0x3186,0x3186,0x3186,0x3186,0x3186,0x3186,0x3186,0x3186,0x3186,0x3186,
  0x3186,0x3186,0x3186,0x3186,0x3186,0x3186,0x3186,0x3186,0x3186,0x3186,0x3186,0x3166,0x3166,0x3166,0x3186,0x3186,0x3186,0x3166,0x3166,0x3166,
  0x2966,0x2966,0x2966,0x2966,0x2966,0x2966,0x2966,0x2966,0x2966,0x2945,0x2945,0x2945,0x2945,0x2945,0x2945,0x2945,0x2925,0x2125,0x2125,0x2125,
  0x2125,0x2125,0x2104,0x2104,0x18e4,0x18e4,0x18c3,0x18c3,0x10a2,0x1082,0x1062,0x0861,0x0841,0x0841,0x0841,0x0020,0x0020,0x0020,0x0841,0x1082,
  0x18c3,0x2103,0x2924,0x3165,0x3186,0x39a6,0x39a6,0x3986,0x3186,0x3186,0x3185,0x3185,0x3165,0x3165,0x2945,0x2944,0x2924,0x2924,0x2924,0x2924,
  0x2924,0x2924,0x2924,0x2924,0x2104,0x2104,0x20e4,0x20e4,0x2104,0x2104,0x2104,0x2104,0x2104,0x2124,0x2924,0x2925,0x2124,0x2104,0x18e4,0x18e4,
  0x18e4,0x2104,0x18e4,0x18e4,0x18e4,0x2104,0x2104,0x2124,0x2104,0x2104,0x18e3,0x18e3,0x18e3,0x20e3,0x20e3,0x18c3,0x18a3,0x10a2,0x10a2,0x10a2,
  0x10a2,0x10a2,0x18c3,0x18c3,0x18c3,0x18c3,0x18c3,0x18e3,0x18e3,0x18c3,0x18c3,0x18c3,0x18c3,0x18e3,0x20e4,0x18e4,0x18e3,0x18e3,0x18c3,0x18c3,
  0x10a3,0x18c3,0x18c3,0x18c3,0x18c3,0x18e3,0x18e3,0x18e3,0x18c3,0x18c3,0x18c3,0x18c3,0x18c3,0x18c3,0x18c3,0x18e3,0x18e3,0x18e3,0x18c3,0x18a2,
  0x10a2,0x1082,0x1082,0x10a2,0x10a2,0x18a2,0x10a2,0x10a2,0x1082,0x1082,0x1082,0x1082,0x10a2,0x10a2,0x10a2,0x10a2,0x10a2,0x1082,0x0861,0x0861,
  0x2945,0x2945,0x2945,0x2965,0x2965,0x2965,0x2965,0x2965,0x2965,0x2966,0x3186,0x39a6,0x39c7,0x41e7,0x41e7,0x41e7,0x39c7,0x39c6,0x39a6,0x3986,
  0x3185,0x39a6,0x39a6,0x39a6,0x39a6,0x39a6,0x39a6,0x39a6,0x39a6,0x39a6,0x39a6,0x41c6,0x41c6,0x41e7,0x4a07,0x4a07,0x41c6,0x3985,0x3144,0x2103,
  0x18c2,0x1081,0x0841,0x0020,0x0841,0x0861,0x1082,0x10a2,0x18c3,0x18e3,0x2104,0x2124,0x2124,0x2125,0x2125,0x2125,0x2125,0x2945,0x2945,0x2945,
  0x2945,0x2945,0x2945,0x2945,0x2945,0x2945,0x2945,0x2945,0x2945,0x2945,0x2965,0x2945,0x2945,0x2965,0x2965,0x2965,0x2965,0x2965,0x2965,0x2965,
  0x2965,0x2965,0x2965,0x2965,0x2966,0x3166,0x3166,0x3186,0x3186,0x3186,0x3186,0x3186,0x3186,0x3186,0x3186,0x3186,0x3186,0x3186,0x3186,0x3186,
  0x3186,0x3186,0x3186,0x3186,0x3186,0x3186,0x3186,0x3186,0x3166,0x3186,0x3186,0x2966,0x2966,0x2966,0x3186,0x3166,0x3186,0x3166,0x2966,0x2966,
  0x2966,0x2966,0x2966,0x2966,0x2966,0x2966,0x2966,0x2966,0x2966,0x2966,0x2945,0x2945,0x2945,0x2945,0x2945,0x2945,0x2925,0x2125,0x2125,0x2125,
  0x2125,0x2125,0x2104,0x2104,0x2104,0x18e4,0x18e4,0x18c3,0x10a3,0x10a2,0x1082,0x0861,0x0861,0x0841,0x0841,0x0821,0x0020,0x0020,0x0841,0x1082,
  0x18e3,0x2104,0x2944,0x3165,0x39a6,0x39a6,0x3186,0x3185,0x3165,0x3165,0x3165,0x3165,0x3165,0x2945,0x2944,0x2924,0x2124,0x2124,0x2124,0x2124,
  0x2924,0x2945,0x2944,0x2924,0x2104,0x20e4,0x20e3,0x2104,0x2104,0x2104,0x2104,0x2104,0x2104,0x2124,0x2924,0x2924,0x2124,0x2104,0x2104,0x2104,
  0x2104,0x2104,0x18e4,0x18e3,0x18e4,0x20e4,0x2104,0x2104,0x2104,0x2104,0x18e3,0x18e3,0x18e3,0x20e3,0x18e3,0x18c3,0x18a3,0x10a2,0x18a3,0x18c3,
  0x18c3,0x18c3,0x18c3,0x18c3,0x18c3,0x18e3,0x18c3,0x18c3,0x18c3,0x18c3,0x18c3,0x18c3,0x18c3,0x18e3,0x18e3,0x18e3,0x18e3,0x18c3,0x10a3,0x10a2,
  0x10a2,0x10a2,0x18c3,0x18c3,0x18c3,0x18c3,0x18c3,0x18c3,0x18c3,0x18c3,0x10a3,0x10a2,0x18c3,0x18c3,0x18c3,0x18e3,0x18e3,0x18c3,0x18c3,0x10a2,
  0x1082,0x1082,0x1082,0x1082,0x10a2,0x18a2,0x18a2,0x10a2,0x10a2,0x1082,0x1082,0x10a2,0x10a2,0x10a2,0x10a2,0x1082,0x1082,0x1062,0x0861,0x0861,
  0x2125,0x2124,0x2124,0x2124,0x2124,0x2125,0x2945,0x2945,0x2945,0x2945,0x2965,0x3186,0x31a6,0x39a6,0x39c7,0x39c7,0x39a6,0x3186,0x3165,0x3165,
  0x3165,0x3165,0x3185,0x3985,0x3985,0x3985,0x39a6,0x39a6,0x39a6,0x39a6,0x39a6,0x39a6,0x41c6,0x41e6,0x41e7,0x49e7,0x41e6,0x41a6,0x3165,0x2924,
  0x20e3,0x10a2,0x0861,0x0841,0x0841,0x0862,0x10a2,0x18c3,0x18e3,0x18e4,0x2104,0x2124,0x2124,0x2124,0x2125,0x2125,0x2125,0x2125,0x2925,0x2945,
  0x2945,0x2945,0x2945,0x2945,0x2945,0x2945,0x2945,0x2945,0x2945,0x2945,0x2945,0x2945,0x2945,0x2945,0x2965,0x2965,0x2965,0x2965,0x2965,0x2965,
  0x2965,0x2965,0x2965,0x2965,0x2966,0x3186,0x3186,0x3186,0x3186,0x3186,0x3186,0x3186,0x3186,0x3186,0x3186,0x3186,0x3186,0x3186,0x3186,0x3186,
  0x3186,0x3186,0x3186,0x3186,0x3186,0x3186,0x3186,0x3186,0x3186,0x3186,0x3186,0x2966,0x3166,0x3166,0x3186,0x3166,0x3186,0x3186,0x2966,0x2966,
  0x2966,0x2966,0x2966,0x2966,0x2966,0x2966,0x2966,0x2966,0x2966,0x2966,0x2966,0x2945,0x2945,0x2945,0x2945,0x2945,0x2945,0x2125,0x2125,0x2125,
  0x2125,0x2125,0x2104,0x2104,0x2104,0x18e4,0x18e4,0x18c3,0x18c3,0x10a2,0x1082,0x1082,0x0861,0x0861,0x0841,0x0841,0x0041,0x0841,0x0861,0x10a2,
  0x18e3,0x2924,0x2945,0x3165,0x3986,0x3186,0x3185,0x3165,0x3165,0x3165,0x3165,0x3165,0x2945,0x2944,0x2924,0x2124,0x2104,0x2104,0x2104,0x2104,
  0x2124,0x2924,0x2924,0x2124,0x2104,0x18e3,0x18e3,0x2104,0x2104,0x2104,0x2104,0x2104,0x2104,0x2104,0x2104,0x2104,0x2104,0x20e4,0x20e4,0x20e4,
  0x18e4,0x2104,0x2104,0x2104,0x18e4,0x18e4,0x2104,0x2104,0x2104,0x20e4,0x18e3,0x18e3,0x18e3,0x18e3,0x18c3,0x18c3,0x18c3,0x18c3,0x18c3,0x18e3,
  0x18e3,0x18e3,0x18e3,0x18e3,0x18e3,0x18e3,0x18c3,0x18c3,0x18c3,0x18c3,0x18c3,0x18c3,0x18c3,0x18c3,0x18c3,0x18c3,0x18c3,0x18c3,0x10a2,0x1082,
  0x10a2,0x18c3,0x18c3,0x18c3,0x18c3,0x18c3,0x18c3,0x18c3,0x18c3,0x10a3,0x10a3,0x18a3,0x18c3,0x18c3,0x18c3,0x18c3,0x18c3,0x18c2,0x18a2,0x10a2,
  0x1082,0x1082,0x1082,0x1082,0x10a2,0x10a2,0x18c3,0x10a2,0x10a2,0x1082,0x1082,0x10a2,0x10a2,0x10a2,0x10a2,0x1082,0x1082,0x1082,0x0862,0x0861,
  0x2124,0x2104,0x2104,0x2104,0x2104,0x2124,0x2124,0x2925,0x2925,0x2945,0x2945,0x2965,0x3165,0x3186,0x3186,0x3186,0x3185,0x2965,0x2945,0x2924,
  0x2924,0x2944,0x2944,0x3165,0x3165,0x3165,0x3985,0x3985,0x3985,0x39a6,0x39a6,0x39a6,0x41c6,0x41c6,0x41c6,0x41c6,0x41c6,0x41c6,0x3986,0x3145,
  0x2103,0x18c3,0x1082,0x0861,0x0861,0x1082,0x10a3,0x18c3,0x18e4,0x2104,0x2104,0x2124,0x2124,0x2125,0x2125,0x2125,0x2125,0x2125,0x2945,0x2945,
  0x2125,0x2125,0x2125,0x2925,0x2945,0x2945,0x2945,0x2945,0x2945,0x2945,0x2945,0x2945,0x2945,0x2945,0x2945,0x2945,0x2965,0x2965,0x2965,0x2965,
  0x2965,0x2965,0x2965,0x2966,0x3166,0x3166,0x3186,0x3186,0x3186,0x3186,0x3186,0x3186,0x3186,0x3186,0x3186,0x3186,0x3186,0x3186,0x3186,0x3186,
  0x3186,0x3186,0x3186,0x3186,0x3186,0x3186,0x3186,0x3186,0x3186,0x3186,0x3186,0x2966,0x3166,0x3186,0x3186,0x3186,0x3186,0x3186,0x3166,0x2966,
  0x2966,0x2966,0x2966,0x2966,0x2966,0x2966,0x2966,0x2966,0x2966,0x2966,0x2945,0x2945,0x2945,0x2945,0x2945,0x2945,0x2945,0x2145,0x2125,0x2125,
  0x2125,0x2125,0x2125,0x2104,0x2104,0x18e4,0x18e4,0x18c3,0x18c3,0x10a3,0x10a2,0x1082,0x0862,0x0861,0x0841,0x0841,0x0841,0x0841,0x1061,0x18a2,
  0x20e3,0x2924,0x2945,0x3165,0x3185,0x3185,0x3165,0x3165,0x3145,0x2945,0x2945,0x2945,0x2945,0x2924,0x2124,0x2104,0x2104,0x2104,0x2104,0x2104,
  0x2104,0x2104,0x2104,0x2104,0x20e4,0x18e3,0x18e3,0x18e3,0x20e4,0x20e4,0x18e3,0x20e4,0x2104,0x2104,0x20e4,0x20e3,0x18e3,0x18e3,0x18e3,0x18e3,
  0x18e4,0x2104,0x2104,0x2104,0x20e4,0x2104,0x2104,0x2104,0x2104,0x20e4,0x18e3,0x18e3,0x18e3,0x18e3,0x18c3,0x18c3,0x18c3,0x18c3,0x18e3,0x18e3,
  0x18e3,0x18e3,0x18e3,0x18e3,0x18e3,0x18e3,0x18e3,0x18c3,0x18c3,0x18c3,0x18c3,0x18c3,0x18c3,0x18c3,0x18c3,0x18e3,0x18c3,0x18c3,0x10a2,0x10a2,
  0x10a3,0x18c3,0x18e3,0x18c3,0x18c3,0x10a3,0x10a2,0x10a3,0x18c3,0x18c3,0x18c3,0x18c3,0x18c3,0x18c3,0x18a3,0x18c2,0x18c2,0x18c2,0x18a2,0x10a2,
  0x1082,0x1082,0x1082,0x1082,0x10a2,0x10a2,0x18a2,0x10a2,0x10a2,0x1082,0x1082,0x10a2,0x10a2,0x10a2,0x1082,0x1082,0x1082,0x1082,0x1082,0x1082,
  0x2924,0x2124,0x2104,0x2104,0x2104,0x2124,0x2924,0x2945,0x2924,0x2124,0x2124,0x2924,0x2924,0x2945,0x2945,0x2945,0x2945,0x2124,0x2104,0x20e3,
  0x20e3,0x2104,0x2924,0x2924,0x2924,0x3144,0x3165,0x3165,0x3185,0x3986,0x39a6,0x39a6,0x39a6,0x39a6,0x39a6,0x39a6,0x39a6,0x39a6,0x39a6,0x3165,
  0x2924,0x20e3,0x18a2,0x1082,0x1082,0x1082,0x18c3,0x18e3,0x20e4,0x2104,0x2104,0x2124,0x2124,0x2125,0x2125,0x2125,0x2125,0x2125,0x2125,0x2125,
  0x2125,0x2125,0x2925,0x2945,0x2945,0x2945,0x2945,0x2945,0x2945,0x2945,0x2945,0x2945,0x2945,0x2945,0x2945,0x2945,0x2945,0x2945,0x2965,0x2945,
  0x2945,0x2945,0x2965,0x2965,0x2966,0x2966,0x3166,0x3186,0x3166,0x3186,0x3186,0x3186,0x3186,0x3186,0x3186,0x3186,0x3186,0x3186,0x3186,0x3186,
  0x3186,0x3186,0x3186,0x3186,0x3186,0x3186,0x3186,0x3186,0x3186,0x3186,0x3186,0x3186,0x3186,0x3186,0x3186,0x3186,0x3186,0x3166,0x3166,0x3166,
  0x2966,0x2966,0x2966,0x2966,0x2966,0x2966,0x2966,0x2966,0x2966,0x2966,0x2945,0x2945,0x2945,0x2945,0x2945,0x2945,0x2945,0x2925,0x2925,0x2925,
  0x2125,0x2125,0x2125,0x2124,0x2104,0x1904,0x18e4,0x18e4,0x18c3,0x18c3,0x10a2,0x1082,0x1082,0x0862,0x0861,0x0841,0x0841,0x0841,0x1082,0x18c3,
  0x2103,0x2924,0x2945,0x3165,0x3185,0x3165,0x3165,0x2945,0x2945,0x2944,0x2944,0x2944,0x2944,0x2924,0x2924,0x2124,0x2104,0x2104,0x2104,0x2104,
  0x2104,0x2104,0x2104,0x2104,0x20e3,0x18e3,0x18e3,0x18e3,0x20e3,0x18e3,0x18e3,0x20e3,0x2104,0x20e4,0x18e3,0x18c3,0x18c3,0x18c3,0x18e3,0x18e3,
  0x18e4,0x2104,0x2104,0x2104,0x2104,0x2104,0x2104,0x20e4,0x20e3,0x20e4,0x20e4,0x2103,0x20e3,0x18e3,0x18c3,0x18c3,0x18c3,0x18c3,0x18c3,0x18e3,
  0x18e3,0x18e3,0x18e3,0x18c3,0x18e3,0x18e3,0x18e3,0x18c3,0x18c3,0x18c3,0x18c3,0x18c3,0x18c3,0x18c3,0x18e3,0x18e3,0x18c3,0x18c3,0x10a2,0x10a2,
  0x10c3,0x18c3,0x18c3,0x18c3,0x18c3,0x10a2,0x1082,0x10a2,0x10a3,0x18c3,0x18c3,0x18c3,0x18e3,0x18c3,0x18a2,0x18a2,0x18c2,0x18c2,0x18a2,0x1082,
  0x1082,0x1082,0x1082,0x1082,0x10a2,0x10a2,0x10a2,0x1082,0x1082,0x1082,0x1082,0x1082,0x1082,0x1082,0x1082,0x1082,0x1082,0x1082,0x1082,0x1082,
  0x2924,0x2924,0x2124,0x2104,0x2104,0x2124,0x2944,0x2944,0x2924,0x2124,0x2104,0x2104,0x20e3,0x2104,0x2104,0x2104,0x2104,0x20e3,0x18c3,0x18c2,
  0x18c2,0x18c3,0x20e3,0x2103,0x2924,0x2944,0x3145,0x3165,0x3165,0x3185,0x3185,0x3985,0x3986,0x3986,0x39a6,0x3986,0x3986,0x3985,0x3985,0x3165,
  0x2944,0x2103,0x18c3,0x18a2,0x10a2,0x10a2,0x18c3,0x18e3,0x2104,0x2104,0x2124,0x2124,0x2124,0x2125,0x2125,0x2125,0x2125,0x2125,0x2125,0x2125,
  0x2125,0x2125,0x2125,0x2945,0x2945,0x2945,0x2945,0x2945,0x2945,0x2945,0x2945,0x2945,0x2945,0x2945,0x2945,0x2945,0x2945,0x2945,0x2945,0x2945,
  0x2945,0x2965,0x2965,0x2965,0x2966,0x2966,0x3166,0x3166,0x3166,0x3166,0x3186,0x3186,0x3186,0x3186,0x3186,0x3186,0x3186,0x3186,0x3186,0x3186,
  0x3186,0x3186,0x3186,0x3186,0x3186,0x3186,0x3186,0x3186,0x3186,0x3186,0x3186,0x3186,0x3186,0x3186,0x3186,0x3186,0x3166,0x3166,0x2966,0x2966,
  0x2966,0x2966,0x2966,0x2966,0x2966,0x2966,0x2966,0x3166,0x2966,0x2966,0x2966,0x2946,0x2945,0x2945,0x2945,0x2945,0x2945,0x2945,0x2945,0x2945,
  0x2945,0x2125,0x2125,0x2125,0x2104,0x2104,0x18e4,0x18e4,0x18c3,0x18c3,0x10a3,0x10a2,0x1082,0x0862,0x0861,0x0861,0x0841,0x0861,0x1082,0x18c3,
  0x2103,0x2924,0x3145,0x3165,0x3165,0x3165,0x2945,0x2944,0x2924,0x2924,0x2924,0x2944,0x2944,0x2924,0x2924,0x2124,0x2104,0x2104,0x2104,0x2104,
  0x2104,0x2104,0x2104,0x2104,0x2104,0x20e3,0x18e3,0x18e3,0x20e3,0x20e3,0x20e3,0x20e4,0x2104,0x20e3,0x18e3,0x18c3,0x10a3,0x18c3,0x18e3,0x18e4,
  0x18e4,0x20e4,0x2104,0x20e4,0x2104,0x2104,0x2104,0x20e4,0x18e3,0x20e3,0x2104,0x2104,0x2104,0x18e3,0x18c3,0x18c3,0x18c3,0x18c3,0x18c3,0x18c3,
  0x18c3,0x18e3,0x18c3,0x18c3,0x18e3,0x18e3,0x18e3,0x18c3,0x18c3,0x18c3,0x18c3,0x18c3,0x18c3,0x18c3,0x18e3,0x18e3,0x18c3,0x10a3,0x10a2,0x10a2,
  0x10a3,0x18c3,0x18c3,0x18c3,0x18c3,0x10a2,0x10a2,0x10a2,0x10a3,0x18c3,0x18c3,0x18c3,0x18c3,0x18c3,0x18a2,0x18a2,0x18a2,0x18a2,0x18a2,0x1082,
  0x1082,0x1082,0x1082,0x10a2,0x10a2,0x10a2,0x10a2,0x1082,0x1082,0x1082,0x1082,0x1082,0x0861,0x0861,0x0861,0x1062,0x1082,0x10a2,0x1082,0x1082,
  0x2924,0x2924,0x2924,0x2924,0x2924,0x2924,0x2924,0x2924,0x2924,0x2104,0x2103,0x18e3,0x18c3,0x18c3,0x18c3,0x18e3,0x18e3,0x18c3,0x18c2,0x18a2,
  0x18c2,0x18c3,0x20e3,0x2103,0x2104,0x2924,0x2944,0x2944,0x2945,0x3165,0x3165,0x3185,0x3185,0x3985,0x3185,0x3185,0x3185,0x3165,0x3165,0x3165,
  0x2944,0x2103,0x20e3,0x18c3,0x18c3,0x10c3,0x18c3,0x18e4,0x2104,0x2104,0x2104,0x2124,0x2124,0x2125,0x2125,0x2125,0x2125,0x2125,0x2125,0x2125,
  0x2125,0x2125,0x2925,0x2925,0x2945,0x2945,0x2945,0x2945,0x2945,0x2945,0x2945,0x2945,0x2945,0x2945,0x2945,0x2945,0x2945,0x2945,0x2945,0x2945,
  0x2945,0x2945,0x2965,0x2965,0x2966,0x2966,0x2966,0x3166,0x3166,0x3166,0x3166,0x3166,0x3186,0x3186,0x3186,0x3186,0x3186,0x31a6,0x31a6,0x31a6,
  0x39a6,0x31a6,0x3186,0x3186,0x3186,0x3186,0x3186,0x3186,0x3186,0x3186,0x3166,0x3186,0x3186,0x3186,0x3186,0x3186,0x3166,0x2966,0x2966,0x2966,
  0x2966,0x2966,0x2966,0x2966,0x3166,0x3166,0x3186,0x3186,0x3186,0x3186,0x3186,0x2966,0x2966,0x2966,0x2966,0x2965,0x2945,0x2945,0x2945,0x2945,
  0x2925,0x2125,0x2125,0x2125,0x2104,0x2104,0x2104,0x18e4,0x18e3,0x18c3,0x10c3,0x10a2,0x1082,0x1082,0x0862,0x0861,0x0861,0x0861,0x10a2,0x18c3,
  0x2103,0x2924,0x3165,0x3165,0x3165,0x3165,0x2945,0x2944,0x2924,0x2924,0x2924,0x2944,0x2944,0x2944,0x2924,0x2924,0x2104,0x2104,0x2104,0x2104,
  0x2104,0x2124,0x2124,0x2104,0x2104,0x2104,0x20e3,0x20e3,0x2104,0x20e3,0x20e3,0x2104,0x2104,0x20e4,0x18e3,0x18c3,0x18c3,0x18c3,0x18e4,0x2104,
  0x20e4,0x18e4,0x18e4,0x18e3,0x18e4,0x20e3,0x18e3,0x18e3,0x18e3,0x20e3,0x2104,0x2103,0x2103,0x18e3,0x18c3,0x18c3,0x18c3,0x18a3,0x10a3,0x18a3,
  0x18c3,0x18e3,0x18c3,0x18c3,0x18c3,0x18e3,0x18e3,0x18c3,0x18e3,0x18e3,0x18c3,0x18c3,0x18c3,0x18c3,0x18c3,0x18c3,0x18c3,0x10a3,0x10a2,0x10a2,
  0x10a2,0x18c3,0x18c3,0x18c3,0x18c3,0x10a3,0x10a2,0x10a2,0x10a3,0x18c3,0x18c3,0x18a3,0x18a2,0x18a2,0x10a2,0x18a2,0x10a2,0x10a2,0x10a2,0x1082,
  0x1082,0x1082,0x1082,0x10a2,0x18a2,0x10a2,0x1082,0x1082,0x1082,0x1062,0x0862,0x0861,0x0861,0x0861,0x0861,0x0861,0x1082,0x1082,0x1082,0x1082,
  0x2944,0x2945,0x2944,0x2924,0x2924,0x2924,0x2904,0x2924,0x2924,0x2103,0x20e3,0x18c3,0x18a2,0x10a2,0x18a2,0x18a2,0x18c2,0x18c2,0x18c3,0x18c3,
  0x20e3,0x20e3,0x2103,0x2103,0x2104,0x2924,0x2924,0x2924,0x2944,0x2945,0x3145,0x3165,0x3165,0x3185,0x3185,0x3165,0x3165,0x3165,0x3144,0x3144,
  0x2944,0x2104,0x20e3,0x18e3,0x18c3,0x18c3,0x18e3,0x2104,0x2104,0x2104,0x2124,0x2124,0x2125,0x2125,0x2125,0x2125,0x2125,0x2125,0x2125,0x2125,
  0x2125,0x2125,0x2925,0x2945,0x2945,0x2945,0x2945,0x2945,0x2945,0x2945,0x2945,0x2945,0x2945,0x2945,0x2945,0x2945,0x2945,0x2945,0x2945,0x2965,
  0x2945,0x2945,0x2965,0x2965,0x2966,0x2966,0x2966,0x2966,0x2966,0x3166,0x3166,0x3186,0x3186,0x3186,0x3186,0x3186,0x3186,0x31a6,0x31a6,0x39a6,
  0x39a6,0x31a6,0x3186,0x3186,0x3186,0x3186,0x3186,0x3186,0x3186,0x3166,0x3186,0x3186,0x3186,0x3186,0x3186,0x3186,0x3166,0x2966,0x2966,0x2966,
  0x2966,0x2966,0x2966,0x2966,0x3166,0x3166,0x3186,0x3186,0x3186,0x3186,0x3186,0x3186,0x3166,0x2966,0x2966,0x2966,0x2966,0x2946,0x2945,0x2945,
  0x2945,0x2125,0x2125,0x2125,0x2104,0x2104,0x2104,0x18e4,0x18e4,0x18c3,0x18c3,0x10a3,0x10a2,0x1082,0x1082,0x0862,0x0861,0x1082,0x10a2,0x18c3,
  0x2103,0x2924,0x3165,0x3165,0x3165,0x3145,0x2945,0x2944,0x2924,0x2924,0x2924,0x2944,0x2944,0x2944,0x2924,0x2924,0x2124,0x2124,0x2124,0x2124,
  0x2124,0x2124,0x2124,0x2104,0x20e4,0x20e4,0x20e3,0x20e3,0x2104,0x2104,0x20e4,0x2104,0x2104,0x2104,0x20e3,0x18e3,0x18e3,0x18e4,0x2104,0x2104,
  0x2104,0x18e4,0x18e3,0x18e3,0x18e3,0x18e3,0x18c3,0x18c3,0x18c3,0x18e3,0x20e3,0x2103,0x20e3,0x18c3,0x18c3,0x18c3,0x18c3,0x10a3,0x10a2,0x10a3,
  0x18c3,0x18c3,0x18c3,0x18c3,0x18c3,0x18c3,0x18c3,0x18c3,0x18e3,0x18c3,0x18c3,0x18c3,0x18c3,0x18c3,0x18c3,0x18c3,0x18c3,0x18a3,0x10a2,0x10a2,
  0x10a3,0x18c3,0x18c3,0x18c3,0x18c3,0x10a3,0x10a3,0x10a3,0x18a3,0x18c3,0x18a3,0x18a2,0x10a2,0x1082,0x1082,0x10a2,0x10a2,0x10a2,0x1082,0x1082,
  0x1082,0x1082,0x1082,0x10a2,0x10a2,0x10a2,0x1082,0x1082,0x0862,0x0862,0x0862,0x0861,0x0861,0x0861,0x0861,0x0861,0x0862,0x1082,0x1062,0x0861,
  0x2944,0x3145,0x3144,0x2944,0x2924,0x2903,0x2103,0x2103,0x2103,0x20e3,0x20e3,0x18c3,0x18a2,0x10a2,0x10a2,0x18a2,0x18c2,0x20e3,0x20e3,0x2103,
  0x2104,0x2104,0x2124,0x2924,0x2924,0x2924,0x2924,0x2924,0x2944,0x2945,0x2945,0x3165,0x3165,0x3165,0x3165,0x3144,0x2944,0x2944,0x2944,0x2944,
  0x2924,0x2904,0x2103,0x20e3,0x18e3,0x18c3,0x18e3,0x2104,0x2104,0x2104,0x2124,0x2125,0x2125,0x2125,0x2125,0x2125,0x2125,0x2125,0x2125,0x2125,
  0x2125,0x2125,0x2925,0x2945,0x2945,0x2945,0x2945,0x2945,0x2945,0x2945,0x2945,0x2945,0x2945,0x2945,0x2945,0x2945,0x2945,0x2945,0x2965,0x2945,
  0x2945,0x2945,0x2965,0x2965,0x2965,0x2966,0x2966,0x2966,0x2966,0x3166,0x3186,0x3186,0x3186,0x3186,0x3186,0x31a6,0x31a6,0x31a6,0x39a6,0x39a6,
  0x39a6,0x31a6,0x3186,0x31a6,0x3186,0x3186,0x3186,0x3186,0x3186,0x3186,0x3186,0x3186,0x3186,0x3186,0x3186,0x3186,0x3186,0x3166,0x3166,0x2966,
  0x2966,0x2966,0x2966,0x3166,0x3166,0x3186,0x3186,0x3186,0x3186,0x3186,0x3186,0x3186,0x3186,0x3186,0x3186,0x3166,0x2966,0x2966,0x2966,0x2945,
  0x2945,0x2925,0x2125,0x2125,0x2104,0x2104,0x2104,0x18e4,0x18e4,0x18c3,0x18c3,0x18c3,0x10a3,0x10a2,0x1082,0x1082,0x0861,0x1082,0x10a2,0x18c3,
  0x2103,0x2924,0x3145,0x3165,0x3145,0x2944,0x2944,0x2944,0x2924,0x2924,0x2924,0x2924,0x2924,0x2924,0x2924,0x2924,0x2124,0x2124,0x2124,0x2104,
  0x2124,0x2104,0x2104,0x2104,0x20e3,0x20e4,0x20e3,0x18e3,0x20e3,0x2104,0x20e3,0x2104,0x2104,0x2104,0x2104,0x2104,0x2104,0x2104,0x2104,0x2104,
  0x2104,0x20e4,0x18e3,0x18e3,0x18e3,0x18e3,0x18c3,0x18c3,0x18c3,0x18c3,0x18e3,0x18e3,0x18c3,0x18c3,0x18c3,0x18c3,0x18a3,0x10a3,0x10a2,0x18c3,
  0x18c3,0x18e3,0x18c3,0x18c3,0x18c3,0x18c3,0x18c3,0x18c3,0x18c3,0x18c3,0x18c3,0x18c3,0x18c3,0x18a3,0x18c3,0x18c3,0x18c3,0x18c3,0x10a3,0x10a3,
  0x18c3,0x18e3,0x18e3,0x18c3,0x18c3,0x10a3,0x10a2,0x10a3,0x18a2,0x18c3,0x18c3,0x18a2,0x10a2,0x1082,0x1082,0x1082,0x10a2,0x10a2,0x1082,0x1082,
  0x1082,0x1082,0x1082,0x10a2,0x1082,0x1082,0x1082,0x0862,0x0882,0x0862,0x0861,0x0861,0x0861,0x0861,0x0861,0x0861,0x0861,0x0861,0x0861,0x0861,
  0x2924,0x2944,0x2944,0x2924,0x2903,0x2103,0x20e3,0x20e3,0x20e3,0x20e3,0x20e3,0x18c3,0x18c3,0x18c2,0x18c2,0x18c3,0x20e3,0x2103,0x2924,0x2924,
  0x2924,0x2924,0x2924,0x2924,0x2924,0x2944,0x2944,0x2944,0x3145,0x3165,0x2945,0x3165,0x3165,0x3165,0x3145,0x2944,0x2924,0x2924,0x2924,0x2924,
  0x2924,0x2904,0x2103,0x20e3,0x18e3,0x18e3,0x18e3,0x2104,0x2104,0x2104,0x2124,0x2124,0x2125,0x2125,0x2125,0x2125,0x2125,0x2125,0x2125,0x2125,
  0x2125,0x2945,0x2925,0x2945,0x2945,0x2945,0x2945,0x2945,0x2945,0x2945,0x2965,0x2945,0x2945,0x2945,0x2945,0x2945,0x2945,0x2945,0x2965,0x2965,
  0x2945,0x2945,0x2965,0x2965,0x2965,0x2966,0x2966,0x2966,0x2966,0x3166,0x3186,0x3186,0x3186,0x3186,0x3186,0x31a6,0x31a6,0x31a6,0x31a6,0x31a6,
  0x39a6,0x39a6,0x31a6,0x31a6,0x31a6,0x31a6,0x3186,0x3186,0x3186,0x3186,0x3186,0x3186,0x3186,0x3186,0x3186,0x3186,0x3186,0x3186,0x3186,0x3186,
  0x3186,0x3166,0x3186,0x3186,0x3186,0x3186,0x3186,0x3186,0x3186,0x3186,0x3186,0x3186,0x31a7,0x3187,0x3186,0x3186,0x3186,0x3166,0x2966,0x2966,
  0x2945,0x2945,0x2125,0x2125,0x2124,0x2104,0x2104,0x20e4,0x18e4,0x18e3,0x18c3,0x18c3,0x10a3,0x10a2,0x1082,0x1082,0x0862,0x1082,0x18a2,0x18e3,
  0x2104,0x2924,0x3145,0x3145,0x2944,0x2924,0x2924,0x2924,0x2924,0x2924,0x2924,0x2924,0x2924,0x2924,0x2924,0x2924,0x2924,0x2104,0x2104,0x2104,
  0x2104,0x2104,0x2104,0x20e4,0x18e3,0x20e3,0x20e3,0x18e3,0x20e3,0x20e3,0x18e3,0x18e3,0x20e3,0x2104,0x2104,0x2104,0x2104,0x2104,0x2104,0x2104,
  0x2104,0x18e4,0x18e3,0x20e3,0x20e3,0x20e3,0x18c3,0x18c3,0x18c3,0x18c3,0x18c3,0x18c3,0x18c3,0x18c3,0x18c3,0x10a3,0x18a3,0x18a3,0x18a3,0x18c3,
  0x18c3,0x18c3,0x18c3,0x18c3,0x18c3,0x18c3,0x18c3,0x18c3,0x18c3,0x18c3,0x18c3,0x10a3,0x10a2,0x10a3,0x10a3,0x18c3,0x18c3,0x18c3,0x10a2,0x10a3,
  0x18c3,0x18c3,0x18e3,0x18c3,0x18c3,0x18a3,0x10a2,0x10a2,0x10a2,0x18a2,0x18a2,0x18a2,0x10a2,0x1082,0x1082,0x10a2,0x10a2,0x1082,0x1082,0x1082,
  0x1061,0x1082,0x1082,0x1082,0x1082,0x1082,0x0861,0x0861,0x1062,0x0862,0x0862,0x0861,0x0861,0x0861,0x0861,0x0861,0x0861,0x0861,0x0861,0x0861,
  0x2103,0x2104,0x2924,0x2903,0x2903,0x2103,0x20e3,0x20e3,0x20e3,0x20e3,0x2103,0x20e3,0x20e3,0x20e3,0x20e3,0x2103,0x2104,0x2924,0x2944,0x3165,
  0x3145,0x2945,0x2944,0x2945,0x2945,0x2945,0x2945,0x3145,0x3165,0x3165,0x3165,0x3145,0x3145,0x2945,0x2944,0x2944,0x2924,0x2924,0x2924,0x2904,
  0x2904,0x2103,0x2103,0x20e3,0x18e3,0x18e3,0x18e3,0x18e4,0x2104,0x2104,0x2104,0x2124,0x2124,0x2125,0x2125,0x2125,0x2125,0x2125,0x2125,0x2125,
  0x2945,0x2945,0x2945,0x2945,0x2945,0x2945,0x2965,0x2965,0x2965,0x2965,0x2965,0x2965,0x2945,0x2945,0x2945,0x2945,0x2945,0x2965,0x2965,0x2965,
  0x2965,0x2945,0x2965,0x2965,0x2965,0x2966,0x2966,0x2966,0x3166,0x3186,0x3186,0x3186,0x3186,0x3186,0x3186,0x31a6,0x31a6,0x31a6,0x31a6,0x31a6,
  0x39a7,0x39a6,0x31a7,0x31a6,0x31a6,0x31a6,0x31a6,0x31a6,0x3186,0x3186,0x3186,0x3186,0x3186,0x3186,0x3187,0x3187,0x3186,0x3186,0x3186,0x3186,
  0x3186,0x3186,0x3186,0x3186,0x3186,0x3186,0x3186,0x3186,0x3186,0x3186,0x31a7,0x31a7,0x31a7,0x31a7,0x31a7,0x3187,0x3186,0x3186,0x3166,0x2966,
  0x2966,0x2945,0x2945,0x2125,0x2124,0x2104,0x2104,0x2104,0x18e4,0x18e3,0x18c3,0x18c3,0x18c3,0x10a3,0x10a2,0x1082,0x1062,0x1082,0x18a2,0x18e3,
  0x2103,0x2924,0x2944,0x2944,0x2924,0x2924,0x2924,0x2924,0x2924,0x2924,0x2124,0x2924,0x2124,0x2124,0x2924,0x2124,0x2104,0x2104,0x2104,0x2104,
  0x2104,0x2104,0x2103,0x18e3,0x18e3,0x18e3,0x20e3,0x18e3,0x18e3,0x18e3,0x18e3,0x18c3,0x18e3,0x18e3,0x20e3,0x2104,0x2104,0x2104,0x2104,0x20e4,
  0x18e3,0x18e3,0x20e3,0x2103,0x20e3,0x20e3,0x18c3,0x18a3,0x18c3,0x18c3,0x18c3,0x18c3,0x18c3,0x18c3,0x18c3,0x18c3,0x18a3,0x18c3,0x18c3,0x18c3,
  0x18c3,0x18e3,0x18c3,0x18c3,0x18c3,0x18c3,0x10c3,0x18c3,0x18c3,0x18c3,0x10a3,0x10a2,0x10a2,0x10a2,0x10a3,0x18c3,0x18c3,0x10a2,0x10a2,0x10a2,
  0x18c3,0x18c3,0x18c3,0x18c3,0x18c3,0x10a3,0x10a2,0x10a2,0x10a2,0x10a2,0x10a2,0x10a2,0x1082,0x1082,0x1082,0x10a2,0x1082,0x1082,0x1082,0x1081,
  0x0861,0x1081,0x1082,0x1082,0x1082,0x0861,0x0861,0x1062,0x1082,0x1082,0x0882,0x1062,0x0861,0x0862,0x0862,0x0861,0x0861,0x0861,0x0861,0x0861,
  0x20e3,0x20e3,0x2103,0x2103,0x2103,0x2103,0x2103,0x2103,0x2103,0x2904,0x2904,0x2904,0x2104,0x2104,0x2104,0x2124,0x2924,0x2945,0x3165,0x3165,
  0x3165,0x3165,0x3145,0x3145,0x3165,0x3165,0x3165,0x3165,0x3165,0x3165,0x3165,0x2945,0x2945,0x2944,0x2944,0x2924,0x2924,0x2924,0x2104,0x2104,
  0x2103,0x2103,0x20e3,0x18e3,0x18e3,0x18e3,0x18e3,0x18e3,0x18e4,0x2104,0x2104,0x2104,0x2124,0x2124,0x2125,0x2124,0x2124,0x2124,0x2125,0x2125,
  0x2945,0x2945,0x2945,0x2945,0x2945,0x2945,0x2965,0x2965,0x2965,0x2965,0x2965,0x2965,0x2945,0x2945,0x2945,0x2945,0x2945,0x2965,0x2945,0x2945,
  0x2965,0x2965,0x2965,0x2965,0x2966,0x3166,0x3166,0x3166,0x3166,0x3186,0x3186,0x3186,0x3186,0x3186,0x3186,0x3186,0x31a6,0x31a6,0x31a6,0x31a6,
  0x31a7,0x39a7,0x31a7,0x31a7,0x31a7,0x31a7,0x31a6,0x31a7,0x31a7,0x3187,0x3186,0x3186,0x3187,0x31a7,0x31a7,0x31a7,0x31a7,0x31a7,0x3186,0x3186,
  0x3186,0x3186,0x3186,0x3186,0x3186,0x3186,0x3186,0x3186,0x3186,0x3186,0x3186,0x31a7,0x31a7,0x31a7,0x31a7,0x31a7,0x31a6,0x3186,0x3186,0x2966,
  0x2966,0x2945,0x2945,0x2125,0x2125,0x2104,0x2104,0x2104,0x18e4,0x18e3,0x18e3,0x18c3,0x18c3,0x10a3,0x10a2,0x1082,0x1082,0x1082,0x18a2,0x18e3,
  0x2103,0x2924,0x2924,0x2924,0x2924,0x2924,0x2924,0x2924,0x2924,0x2104,0x2104,0x2104,0x2104,0x2104,0x2104,0x2104,0x2103,0x20e3,0x20e3,0x20e3,
  0x20e3,0x20e4,0x20e3,0x18e3,0x18e3,0x18e3,0x18e3,0x18e3,0x18e3,0x18e3,0x18c3,0x18c3,0x18c3,0x18e3,0x18e3,0x20e4,0x20e4,0x18e3,0x18e3,0x18e3,
  0x18e3,0x18e3,0x20e3,0x2103,0x20e3,0x20e3,0x18c3,0x18c3,0x18c3,0x18c3,0x18c3,0x18c3,0x18c3,0x18c3,0x18c3,0x18c3,0x18c3,0x18c3,0x18c3,0x18c3,
  0x18c3,0x18e3,0x18e3,0x18c3,0x18c3,0x18c3,0x18c3,0x18c3,0x18a3,0x10a3,0x10a2,0x10a2,0x10a2,0x10a3,0x18c3,0x10a3,0x10a2,0x10a2,0x10a2,0x10a2,
  0x10a3,0x18c3,0x18c3,0x18c3,0x18c3,0x10a2,0x10a2,0x1082,0x1082,0x1082,0x10a2,0x1082,0x1082,0x1082,0x10a2,0x1082,0x1082,0x1082,0x1061,0x1061,
  0x1061,0x1082,0x1082,0x1082,0x1062,0x0861,0x0861,0x1082,0x1082,0x1082,0x1082,0x1062,0x1082,0x1082,0x1082,0x0861,0x0861,0x0861,0x0841,0x0841,
  0x18c3,0x18e3,0x20e3,0x20e3,0x2103,0x2103,0x2103,0x2103,0x2103,0x2924,0x2924,0x2924,0x2924,0x2924,0x2924,0x2944,0x2945,0x3165,0x3165,0x3185,
  0x3185,0x3165,0x3165,0x3165,0x3165,0x3165,0x3165,0x2965,0x3165,0x3165,0x3165,0x2945,0x2924,0x2924,0x2924,0x2924,0x2904,0x2103,0x2103,0x2103,
  0x2103,0x20e3,0x20e3,0x18e3,0x18c3,0x18c3,0x18c3,0x18e3,0x18e3,0x18e4,0x2104,0x2104,0x2104,0x2104,0x2124,0x2124,0x2124,0x2125,0x2125,0x2125,
  0x2945,0x2945,0x2945,0x2945,0x2945,0x2945,0x2965,0x2965,0x2965,0x2965,0x2965,0x2965,0x2945,0x2945,0x2945,0x2945,0x2945,0x2945,0x2945,0x2965,
  0x2965,0x2965,0x2965,0x2965,0x2966,0x2966,0x3166,0x3166,0x3186,0x3186,0x3186,0x3186,0x3186,0x3186,0x3186,0x3186,0x3186,0x31a6,0x31a6,0x31a6,
  0x31a7,0x31a7,0x31a6,0x31a6,0x31a7,0x31a7,0x31a7,0x31a7,0x31a7,0x31a7,0x3187,0x3187,0x31a7,0x31a7,0x31a7,0x31a7,0x31a7,0x31a7,0x31a7,0x3187,
  0x3186,0x3186,0x3186,0x3186,0x3186,0x3186,0x3186,0x3186,0x3186,0x3186,0x31a7,0x31a7,0x3187,0x31a7,0x31a7,0x31a7,0x31a6,0x3186,0x3186,0x3166,
  0x2966,0x2945,0x2945,0x2945,0x2125,0x2104,0x2104,0x2104,0x18e4,0x18e3,0x18e3,0x18c3,0x18c3,0x10a3,0x10a2,0x1082,0x1082,0x1082,0x18a2,0x18e3,
  0x20e3,0x2104,0x2924,0x2924,0x2924,0x2924,0x2904,0x2924,0x2104,0x2104,0x2103,0x2103,0x2103,0x2103,0x2103,0x20e3,0x20e3,0x20e3,0x18e3,0x18e3,
  0x20e3,0x18e3,0x18e3,0x18e3,0x18c3,0x18e3,0x18e3,0x18e3,0x18e3,0x18e3,0x18c3,0x18c3,0x18c3,0x18e3,0x20e3,0x20e3,0x20e3,0x18e3,0x18e3,0x18e3,
  0x18c3,0x18e3,0x18e3,0x18e3,0x18e3,0x18e3,0x18c3,0x18c3,0x18c3,0x18c3,0x18c3,0x18c3,0x18c3,0x18c3,0x18c3,0x18c3,0x18c3,0x18c3,0x18c3,0x18c3,
  0x18c3,0x18c3,0x18e3,0x18c3,0x18c3,0x18c3,0x18c3,0x18c3,0x18a3,0x10a3,0x10a3,0x18c3,0x18c3,0x18c3,0x18c3,0x18c3,0x10a3,0x10a2,0x10a2,0x10a2,
  0x10a3,0x18a3,0x18c3,0x18c3,0x18a3,0x10a2,0x1082,0x1082,0x1082,0x1082,0x1082,0x1082,0x1082,0x1082,0x1082,0x1082,0x1062,0x1081,0x0861,0x1061,
  0x1082,0x1082,0x10a2,0x1082,0x1062,0x0861,0x0861,0x0861,0x1082,0x1082,0x1082,0x1082,0x1082,0x1082,0x1082,0x0861,0x0861,0x0861,0x0841,0x0841,
  0x18c2,0x18c2,0x18c3,0x18c3,0x18e3,0x20e3,0x20e3,0x2103,0x2103,0x2103,0x2904,0x2924,0x2924,0x2944,0x2944,0x2945,0x2945,0x2945,0x3165,0x3165,
  0x3165,0x3165,0x3165,0x3165,0x3165,0x3165,0x2945,0x2945,0x2945,0x2944,0x2944,0x2924,0x2924,0x2924,0x2104,0x2103,0x2103,0x2103,0x20e3,0x20e3,
  0x20e3,0x20e3,0x18e3,0x18c3,0x18c3,0x18c3,0x18c3,0x18c3,0x18e3,0x18e4,0x18e4,0x2104,0x2104,0x2104,0x2104,0x2104,0x2124,0x2125,0x2125,0x2125,
  0x2925,0x2945,0x2945,0x2945,0x2945,0x2945,0x2965,0x2965,0x2965,0x2965,0x2965,0x2965,0x2965,0x2945,0x2945,0x2945,0x2945,0x2945,0x2945,0x2965,
  0x2965,0x2965,0x2965,0x2965,0x2966,0x2966,0x3166,0x3166,0x3186,0x3186,0x3186,0x3186,0x3186,0x3186,0x3186,0x3186,0x3186,0x3186,0x31a6,0x31a6,
  0x31a6,0x31a6,0x31a7,0x31a6,0x31a7,0x31a7,0x31a7,0x31a7,0x31a7,0x31a7,0x31a7,0x31a7,0x31a7,0x31a7,0x31a7,0x31a7,0x31a7,0x31a7,0x31a7,0x31a7,
  0x3187,0x3186,0x3186,0x3186,0x3186,0x3186,0x3186,0x3186,0x3186,0x3186,0x3186,0x3186,0x3187,0x31a7,0x31a7,0x31a7,0x31a6,0x3186,0x3186,0x2966,
  0x2966,0x2965,0x2945,0x2925,0x2125,0x2104,0x2104,0x2104,0x20e4,0x18e3,0x18e3,0x18c3,0x18c3,0x18c3,0x10a2,0x10a2,0x1082,0x1082,0x18a2,0x18c3,
  0x20e3,0x2103,0x2904,0x2924,0x2924,0x2104,0x2924,0x2104,0x2104,0x2103,0x2103,0x20e3,0x20e3,0x20e3,0x20e3,0x18e3,0x18e3,0x18e3,0x18e3,0x18e3,
  0x18e3,0x18e3,0x18c3,0x18e3,0x18c3,0x18c3,0x18c3,0x18c3,0x18c3,0x18c3,0x18c3,0x18c3,0x18c3,0x18e3,0x20e3,0x20e3,0x20e3,0x18e3,0x18c3,0x18c3,
  0x18e3,0x18e3,0x18e3,0x18c3,0x18c3,0x18c3,0x18e3,0x18e3,0x18e3,0x18e3,0x18c3,0x18c3,0x18c3,0x18c3,0x18c3,0x18c3,0x18c3,0x18c3,0x18c3,0x18c3,
  0x18c3,0x18c3,0x18c3,0x18c3,0x18c3,0x18c3,0x18c3,0x18c3,0x18c3,0x10a3,0x18c3,0x18e3,0x18e3,0x18e3,0x18c3,0x18c3,0x18a3,0x10a3,0x18c3,0x18c3,
  0x18c3,0x18c3,0x18c3,0x18a3,0x10a2,0x1082,0x1082,0x1082,0x1082,0x1082,0x1082,0x1082,0x1081,0x1061,0x1082,0x1062,0x0861,0x0861,0x0861,0x0861,
  0x1082,0x10a2,0x18a2,0x10a2,0x1082,0x0861,0x0861,0x0861,0x0861,0x0862,0x0862,0x0861,0x1081,0x1082,0x1082,0x0861,0x0861,0x0841,0x0841,0x0841,
  0x10a2,0x10a2,0x18a2,0x18a2,0x18c3,0x18c3,0x18e3,0x20e3,0x20e3,0x20e3,0x20e3,0x2104,0x2104,0x2924,0x2924,0x2924,0x2944,0x2944,0x2945,0x2945,
  0x2945,0x2945,0x2945,0x3165,0x3165,0x2945,0x2945,0x2944,0x2924,0x2944,0x2924,0x2924,0x2103,0x2103,0x2103,0x20e3,0x20e3,0x20e3,0x18e3,0x18c3,
  0x18c3,0x18c3,0x18c3,0x18c3,0x18c3,0x18c3,0x18c3,0x18c3,0x18c3,0x18e3,0x18e4,0x18e4,0x2104,0x2104,0x2104,0x2104,0x2104,0x2125,0x2124,0x2125,
  0x2925,0x2945,0x2945,0x2945,0x2945,0x2945,0x2965,0x2965,0x2965,0x2965,0x2965,0x2965,0x2965,0x2945,0x2945,0x2945,0x2945,0x2945,0x2945,0x2945,
  0x2965,0x2965,0x2965,0x2965,0x2965,0x2966,0x2966,0x2966,0x2966,0x3166,0x3166,0x3186,0x3186,0x3186,0x3186,0x3186,0x3186,0x3186,0x31a6,0x31a6,
  0x31a6,0x31a6,0x31a7,0x31a7,0x31a7,0x31a7,0x31a7,0x31a7,0x31a7,0x31a7,0x31a7,0x31a7,0x31a7,0x31a7,0x31a7,0x31a7,0x31a7,0x31a7,0x31a7,0x31a7,
  0x31a7,0x3186,0x3186,0x3186,0x3186,0x3186,0x3186,0x3186,0x3186,0x3186,0x3186,0x3186,0x3186,0x3186,0x31a7,0x31a6,0x3186,0x3186,0x3166,0x2966,
  0x2966,0x2965,0x2945,0x2925,0x2125,0x2104,0x2104,0x2104,0x20e4,0x18e3,0x18e3,0x18c3,0x18c3,0x18c3,0x10a3,0x10a2,0x1082,0x1082,0x10a2,0x18c2,
  0x20e3,0x20e3,0x2103,0x2904,0x2904,0x2903,0x2924,0x2104,0x2103,0x2103,0x20e3,0x20e3,0x20e3,0x20e3,0x18c3,0x18c3,0x18c3,0x18c3,0x18c3,0x18c3,
  0x18e3,0x18c3,0x18c3,0x18c3,0x18c3,0x18c3,0x18c3,0x18c3,0x18c3,0x18c3,0x18c3,0x18c3,0x18e3,0x18e3,0x20e3,0x20e3,0x20e3,0x18e3,0x18c3,0x18c3,
  0x18e3,0x18e3,0x18c3,0x18c3,0x18c3,0x18c3,0x18c3,0x18e3,0x18e3,0x18e3,0x18e3,0x18c3,0x18c3,0x18c3,0x18c3,0x18c3,0x18c3,0x18c3,0x18c3,0x18c3,
  0x18c3,0x18c3,0x18c3,0x18c3,0x18c3,0x18c3,0x18c3,0x18c3,0x18c3,0x18c3,0x18c3,0x18e4,0x20e4,0x18e3,0x18c3,0x18c3,0x10a3,0x18a3,0x18c3,0x18c3,
  0x18c3,0x18c3,0x18c3,0x10a2,0x10a2,0x1082,0x10a2,0x10a2,0x1082,0x1082,0x1082,0x1082,0x0861,0x0861,0x0861,0x1061,0x1061,0x1061,0x1061,0x1061,
  0x1082,0x1082,0x18a2,0x1082,0x1061,0x0861,0x0861,0x0861,0x0861,0x0861,0x0861,0x0861,0x0861,0x0861,0x0861,0x0861,0x0861,0x0841,0x0841,0x0841,
  0x1082,0x1082,0x10a2,0x10a2,0x18a2,0x18c2,0x18c3,0x18c3,0x18c3,0x18c3,0x18e3,0x20e3,0x20e3,0x2103,0x2104,0x2104,0x2104,0x2924,0x2924,0x2924,
  0x2924,0x2924,0x2924,0x2944,0x2944,0x2924,0x2924,0x2924,0x2924,0x2924,0x2104,0x2103,0x20e3,0x20e3,0x20e3,0x18c3,0x18c3,0x18c3,0x18c2,0x18c2,
  0x18c2,0x18c2,0x18c2,0x18a2,0x18a2,0x10a3,0x10a3,0x18a3,0x18c3,0x18c3,0x18c3,0x18e3,0x18e4,0x2104,0x2104,0x2104,0x2104,0x2124,0x2125,0x2125,
  0x2945,0x2945,0x2945,0x2945,0x2945,0x2945,0x2945,0x2945,0x2965,0x2965,0x2965,0x2965,0x2945,0x2945,0x2945,0x2945,0x2945,0x2945,0x2945,0x2945,
  0x2965,0x2965,0x2965,0x2965,0x2965,0x2965,0x2966,0x2966,0x2966,0x3166,0x2966,0x2966,0x3186,0x3186,0x3186,0x3186,0x3186,0x3186,0x3186,0x3186,
  0x31a6,0x31a6,0x3186,0x31a6,0x31a7,0x31a7,0x31a7,0x31a7,0x31a7,0x31a7,0x31a7,0x31a7,0x31a7,0x39a7,0x39a7,0x39c7,0x31a7,0x39a7,0x31a7,0x31a7,
  0x31a7,0x3186,0x3186,0x3186,0x3186,0x3186,0x3186,0x3186,0x3186,0x3186,0x3186,0x3186,0x3186,0x3186,0x3186,0x3186,0x3186,0x3186,0x3186,0x2966,
  0x2965,0x2945,0x2945,0x2925,0x2124,0x2104,0x2104,0x2104,0x18e4,0x18e3,0x18c3,0x18c3,0x18c3,0x18c3,0x10a3,0x10a2,0x1082,0x1082,0x10a2,0x18c2,
  0x18c3,0x20e3,0x2103,0x2903,0x2904,0x2924,0x2904,0x2103,0x2103,0x2103,0x20e3,0x20e3,0x18e3,0x18e3,0x18c3,0x18c3,0x18c3,0x18c3,0x18c3,0x18e3,
  0x18e3,0x18e3,0x18c3,0x18c3,0x18c3,0x18c3,0x18c3,0x18c3,0x18c3,0x18c3,0x18c3,0x18c3,0x18c3,0x18e3,0x18c3,0x18e3,0x18e3,0x18e3,0x18c3,0x18e3,
  0x18e3,0x18e3,0x18c3,0x18c3,0x18c3,0x18c3,0x18c3,0x18e3,0x18e3,0x20e3,0x18e3,0x18e3,0x18c3,0x18e3,0x18e3,0x18e3,0x18e3,0x18e3,0x18e3,0x18e3,
  0x18e3,0x18c3,0x18c3,0x18c3,0x18e3,0x18c3,0x18c3,0x18c3,0x18c3,0x18c3,0x18c3,0x18e3,0x20e3,0x18e3,0x18c3,0x10a3,0x10a2,0x10a2,0x10a3,0x10a3,
  0x10a3,0x18a3,0x18a3,0x18a2,0x10a2,0x10a2,0x10a2,0x10a2,0x10a2,0x1082,0x1082,0x1082,0x1061,0x1061,0x1061,0x1062,0x1082,0x1082,0x1062,0x1061,
  0x1061,0x1081,0x1082,0x1081,0x0861,0x0861,0x0861,0x0861,0x0861,0x0861,0x0861,0x0861,0x0861,0x0861,0x0861,0x0861,0x0861,0x0861,0x0841,0x0841,
  0x1061,0x1081,0x1082,0x1082,0x10a2,0x10a2,0x10a2,0x10a2,0x18a2,0x18a2,0x18a2,0x18c3,0x18c3,0x20e3,0x20e3,0x20e3,0x2103,0x2103,0x2103,0x2104,
  0x2104,0x2104,0x2104,0x2104,0x2124,0x2104,0x2104,0x2104,0x2104,0x2103,0x2103,0x20e3,0x20e3,0x18c3,0x18c2,0x18c2,0x18c2,0x18a2,0x18a2,0x18a2,
  0x18a2,0x18a2,0x18a2,0x10a2,0x10a2,0x10a2,0x10a2,0x10a3,0x18c3,0x18c3,0x18c3,0x18e3,0x18e3,0x18e4,0x2104,0x2104,0x2104,0x2104,0x2124,0x2125,
  0x2945,0x2945,0x2945,0x2945,0x2945,0x2945,0x2945,0x2945,0x2945,0x2945,0x2945,0x2965,0x2945,0x2945,0x2945,0x2945,0x2945,0x2945,0x2945,0x2945,
  0x2965,0x2966,0x2965,0x2965,0x2965,0x2945,0x2945,0x2966,0x2966,0x2965,0x2966,0x2966,0x2966,0x3166,0x3166,0x3186,0x3186,0x3186,0x3186,0x3186,
  0x3186,0x3186,0x3186,0x3186,0x3186,0x3187,0x3186,0x31a7,0x31a7,0x31a7,0x31a7,0x31a7,0x31a7,0x31a7,0x31a7,0x31a7,0x31a7,0x31a7,0x31a7,0x31a7,
  0x31a7,0x3187,0x3186,0x3187,0x3186,0x3186,0x3186,0x3186,0x3186,0x3186,0x3186,0x3186,0x3186,0x3166,0x3186,0x3186,0x3186,0x3186,0x3166,0x2965,
  0x2945,0x2945,0x2125,0x2124,0x2104,0x2104,0x2104,0x18e4,0x18e4,0x18e3,0x18c3,0x18c3,0x18c3,0x10a3,0x10a3,0x10a2,0x1082,0x1082,0x1082,0x18a2,
  0x18c3,0x20e3,0x2103,0x2903,0x2924,0x2903,0x2903,0x2103,0x20e3,0x20e3,0x20e3,0x20e3,0x20e3,0x18e3,0x18e3,0x18c3,0x18e3,0x18c3,0x18e3,0x18e3,
  0x18e3,0x18e3,0x18c3,0x18c3,0x18c3,0x18c3,0x18a2,0x18a2,0x18a3,0x18c3,0x18c3,0x18c3,0x18c3,0x18c3,0x18c3,0x18c3,0x18e3,0x18e3,0x18c3,0x18e3,
  0x18e3,0x18c3,0x18c3,0x18c3,0x18c3,0x18c3,0x18e3,0x18e3,0x18e3,0x18e3,0x18e3,0x18c3,0x18e3,0x18e3,0x18e3,0x20e4,0x18e4,0x18e3,0x20e4,0x18e3,
  0x18e3,0x18c3,0x18c3,0x18e3,0x18e3,0x18e3,0x18c3,0x18c3,0x10c3,0x10a3,0x18c3,0x18c3,0x18e3,0x18c3,0x10a3,0x10a2,0x10a2,0x10a2,0x10a2,0x10a2,
  0x10a2,0x10a2,0x10a3,0x10a2,0x10a2,0x10a2,0x18c3,0x18c3,0x10a2,0x1082,0x1082,0x1082,0x1062,0x1061,0x1061,0x1061,0x1081,0x1082,0x1062,0x1061,
  0x1061,0x0861,0x0861,0x0861,0x0861,0x0861,0x0861,0x0861,0x0861,0x0861,0x0861,0x0861,0x0861,0x0841,0x0861,0x0861,0x0861,0x0861,0x0841,0x0841,
  0x1082,0x1082,0x10a2,0x18a2,0x18c2,0x18c3,0x18c3,0x18c3,0x18c3,0x18c2,0x18c3,0x18c3,0x18c3,0x18c3,0x18c3,0x18c3,0x18c3,0x18c3,0x18e3,0x20e3,
  0x20e3,0x20e3,0x20e3,0x20e3,0x2103,0x20e3,0x20e3,0x20e3,0x20e3,0x20e3,0x20e3,0x18c3,0x18c3,0x18c2,0x18c2,0x18a2,0x18a2,0x18a2,0x10a2,0x18a2,
  0x10a2,0x18a2,0x10a2,0x10a2,0x1082,0x1082,0x1082,0x10a2,0x10a3,0x18c3,0x18c3,0x18c3,0x18e3,0x18e4,0x18e4,0x2104,0x2104,0x2104,0x2124,0x2125,
  0x2925,0x2945,0x2945,0x2945,0x2945,0x2945,0x2945,0x2945,0x2945,0x2945,0x2945,0x2945,0x2945,0x2945,0x2945,0x2945,0x2945,0x2945,0x2965,0x2945,
  0x2965,0x2965,0x2965,0x2965,0x2965,0x2965,0x2945,0x2966,0x2966,0x2965,0x2966,0x2965,0x2966,0x2966,0x2966,0x2966,0x2966,0x2966,0x3166,0x3166,
  0x3186,0x3186,0x3186,0x3186,0x3186,0x3186,0x3186,0x3186,0x31a7,0x31a7,0x31a7,0x31a7,0x3187,0x31a7,0x31a7,0x31a7,0x31a7,0x31a7,0x39a7,0x31a7,
  0x31a7,0x31a7,0x31a7,0x3187,0x31a7,0x31a7,0x31a6,0x31a6,0x3186,0x3186,0x3186,0x3186,0x3186,0x3166,0x3166,0x2966,0x2966,0x2966,0x2965,0x2945,
  0x2945,0x2925,0x2124,0x2124,0x2104,0x2104,0x18e4,0x18e4,0x18e3,0x18e3,0x18c3,0x18c3,0x18c3,0x18c3,0x10a2,0x10a2,0x1082,0x1082,0x1082,0x10a2,
  0x18c2,0x18c3,0x20e3,0x2103,0x2903,0x2903,0x2103,0x2103,0x20e3,0x20e3,0x20e3,0x20e3,0x20e3,0x20e3,0x20e3,0x20e3,0x18e3,0x18e3,0x18e3,0x20e3,
  0x20e3,0x18e3,0x18c3,0x18c3,0x18c3,0x10a2,0x10a2,0x10a2,0x18a2,0x18c3,0x18c3,0x18c3,0x18c3,0x18c3,0x18c3,0x18e3,0x20e3,0x20e3,0x18e3,0x18c3,
  0x18c3,0x18c3,0x18c3,0x18c3,0x18c3,0x18c3,0x18e3,0x18e3,0x18e3,0x18e3,0x18e3,0x18c3,0x18c3,0x18e3,0x18e3,0x20e4,0x2104,0x2104,0x2104,0x20e4,
  0x18e3,0x18e3,0x18e3,0x18e3,0x20e3,0x18e3,0x18e3,0x18c3,0x10a3,0x10a3,0x18c3,0x18c3,0x18c3,0x18c3,0x18c3,0x10a2,0x10a2,0x10a2,0x10a2,0x1082,
  0x1082,0x10a2,0x10a2,0x10a2,0x10a2,0x18a2,0x18a3,0x18a3,0x10a2,0x1082,0x1081,0x1062,0x1061,0x1081,0x1061,0x1061,0x1082,0x1082,0x1082,0x1061,
  0x0861,0x0861,0x0861,0x0861,0x0861,0x0861,0x0861,0x0861,0x0861,0x0861,0x0861,0x0861,0x0861,0x0841,0x0861,0x0861,0x0861,0x0861,0x0841,0x0841,
  0x3165,0x3185,0x31a6,0x31a6,0x39a6,0x39a6,0x39c6,0x39a6,0x39a6,0x3186,0x3186,0x3186,0x3185,0x2965,0x2944,0x2124,0x2104,0x20e3,0x18e3,0x18c3,
  0x18c2,0x18c2,0x18c2,0x18c3,0x18c3,0x18c3,0x18c3,0x18c3,0x18c3,0x18c3,0x18c3,0x18c2,0x18c2,0x18c2,0x18a2,0x18a2,0x18a2,0x10a2,0x10a2,0x10a2,
  0x10a2,0x10a2,0x1082,0x1082,0x1082,0x1082,0x1082,0x10a2,0x10a2,0x10a3,0x18c3,0x18c3,0x18c3,0x18e3,0x18e4,0x2104,0x2104,0x2104,0x2124,0x2124,
  0x2125,0x2925,0x2945,0x2945,0x2945,0x2945,0x2945,0x2945,0x2945,0x2945,0x2945,0x2945,0x2945,0x2945,0x2945,0x2945,0x2945,0x2945,0x2945,0x2965,
  0x2965,0x2965,0x2965,0x2965,0x2965,0x2945,0x2965,0x2965,0x2966,0x2966,0x2966,0x2965,0x2965,0x2966,0x2966,0x2966,0x2966,0x2966,0x2966,0x2966,
  0x3166,0x3186,0x3186,0x3186,0x3186,0x3186,0x3186,0x3186,0x3186,0x31a6,0x31a7,0x31a6,0x3187,0x31a7,0x31a7,0x31a7,0x39a7,0x39a7,0x39a7,0x31a7,
  0x31a7,0x31a7,0x31a7,0x31a7,0x3187,0x31a7,0x31a6,0x3186,0x3186,0x3186,0x3186,0x3186,0x2966,0x2966,0x2966,0x2965,0x2945,0x2945,0x2945,0x2945,
  0x2125,0x2124,0x2104,0x2104,0x2104,0x18e4,0x18e3,0x18e3,0x18e3,0x18c3,0x18c3,0x18c3,0x18c3,0x10a3,0x10a2,0x10a2,0x1082,0x1082,0x1082,0x10a2,
  0x18a2,0x18c2,0x20e3,0x2103,0x2103,0x2103,0x2103,0x20e3,0x20e3,0x20e3,0x20e3,0x20e3,0x20e3,0x20e3,0x20e3,0x20e3,0x20e3,0x20e3,0x18e3,0x20e3,
  0x18e3,0x18c3,0x18c3,0x18c3,0x18a2,0x10a2,0x10a2,0x10a2,0x10a2,0x18c3,0x18c3,0x18c3,0x18c3,0x18c3,0x18c3,0x20e3,0x20e3,0x20e3,0x18e3,0x18c3,
  0x18c3,0x18c2,0x18a3,0x18c3,0x18c3,0x18e3,0x18e3,0x18e3,0x18e3,0x18e3,0x18c3,0x18c3,0x18c3,0x18e3,0x18e3,0x20e4,0x2104,0x2104,0x2104,0x20e4,
  0x18e3,0x18e3,0x18c3,0x18e3,0x18e3,0x18e3,0x18c3,0x18c3,0x18a3,0x18c3,0x18c3,0x18c3,0x18c3,0x18c3,0x18c3,0x10a3,0x18c3,0x10a2,0x10a2,0x1082,
  0x1082,0x10a2,0x10a2,0x10a2,0x10a2,0x10a2,0x10a2,0x10a2,0x1082,0x1082,0x1061,0x1061,0x0861,0x1061,0x0861,0x1061,0x1082,0x1082,0x1082,0x1061,
  0x0861,0x0861,0x0861,0x0861,0x0861,0x0861,0x0861,0x0861,0x0861,0x0861,0x0861,0x0861,0x0861,0x0861,0x0861,0x0861,0x0861,0x0861,0x0841,0x0841,
  0x5a89,0x5269,0x5269,0x5a8a,0x5a89,0x5269,0x5269,0x5249,0x4a49,0x4a49,0x4a28,0x4208,0x4228,0x4a28,0x4a28,0x4207,0x39c7,0x3186,0x3165,0x2944,
  0x2924,0x2103,0x18e3,0x18c2,0x18c2,0x18a2,0x18a2,0x18c2,0x18c3,0x18c2,0x18c2,0x18a2,0x18a2,0x18a2,0x18a2,0x18a2,0x10a2,0x1082,0x1082,0x1082,
  0x1082,0x1082,0x1082,0x1081,0x1081,0x1082,0x1082,0x1082,0x10a2,0x10a3,0x10a3,0x18c3,0x18c3,0x18c3,0x18e4,0x2104,0x2104,0x2104,0x2104,0x2104,
  0x2125,0x2925,0x2945,0x2945,0x2945,0x2945,0x2945,0x2945,0x2945,0x2945,0x2945,0x2945,0x2945,0x2945,0x2945,0x2945,0x2945,0x2965,0x2965,0x2965,
  0x2965,0x2965,0x2965,0x2965,0x2965,0x2945,0x2965,0x2965,0x2966,0x2966,0x2965,0x2966,0x2965,0x2965,0x2966,0x2966,0x2965,0x2965,0x2966,0x2966,
  0x2966,0x2966,0x2966,0x3166,0x3166,0x3186,0x3186,0x3186,0x3187,0x3186,0x31a7,0x31a7,0x3187,0x31a7,0x31a7,0x31a7,0x31a7,0x39a7,0x31a7,0x31a7,
  0x31a7,0x31a7,0x31a7,0x31a7,0x3187,0x31a6,0x3186,0x3186,0x3186,0x3186,0x3186,0x3166,0x2966,0x2965,0x2945,0x2945,0x2945,0x2945,0x2925,0x2125,
  0x2124,0x2104,0x2104,0x2104,0x18e3,0x18e3,0x18e3,0x18e3,0x18c3,0x18c3,0x18c3,0x18c3,0x10a3,0x10a2,0x10a2,0x1082,0x1082,0x0862,0x1082,0x1082,
  0x10a2,0x18a2,0x18c3,0x20e3,0x2103,0x20e3,0x20e3,0x20e3,0x20e3,0x20e3,0x20e3,0x20c3,0x20e3,0x18e3,0x20e3,0x20e3,0x20e3,0x18c3,0x18c3,0x18c3,
  0x18c3,0x18c3,0x18c3,0x18c2,0x18a2,0x10a2,0x10a2,0x10a2,0x10a2,0x18a2,0x18c3,0x18c3,0x18c3,0x18c3,0x18e3,0x20e3,0x20e3,0x20e3,0x20e3,0x18e3,
  0x18c3,0x18a2,0x10a2,0x18c3,0x18c3,0x18e3,0x20e3,0x20e3,0x18e3,0x18e3,0x18c3,0x18c3,0x18c3,0x18e3,0x18e3,0x18e3,0x20e4,0x20e4,0x20e4,0x18e4,
  0x18e3,0x18e3,0x18c3,0x18c3,0x18c3,0x18c3,0x18c3,0x18c3,0x18c3,0x18c3,0x18c3,0x18c3,0x18c3,0x18c3,0x18c3,0x18c3,0x18c3,0x18c3,0x10a2,0x10a2,
  0x10a2,0x10a2,0x10a2,0x1082,0x1082,0x1082,0x1082,0x1082,0x1082,0x1082,0x1061,0x1061,0x0861,0x0861,0x1061,0x1061,0x1081,0x1082,0x1062,0x0861,
  0x0861,0x0861,0x0861,0x0861,0x0861,0x0861,0x0861,0x0861,0x0861,0x0861,0x0861,0x0861,0x0861,0x0861,0x0841,0x0861,0x0861,0x0841,0x0841,0x0841,
  0x5a89,0x5289,0x5a89,0x62ca,0x62aa,0x5289,0x5a8a,0x5aaa,0x5aaa,0x5aaa,0x5aaa,0x528a,0x528a,0x5aaa,0x5aaa,0x5a8a,0x5269,0x4a28,0x4208,0x41e7,
  0x41c7,0x39c6,0x3186,0x2945,0x2104,0x18e3,0x18c2,0x18a2,0x18a2,0x18a2,0x18a2,0x18a2,0x18a2,0x18a2,0x10a2,0x1082,0x1082,0x1082,0x1082,0x1081,
  0x1081,0x1081,0x1081,0x1061,0x0861,0x0862,0x1082,0x1082,0x1082,0x10a2,0x10a3,0x18c3,0x18c3,0x18c3,0x18e4,0x18e4,0x2104,0x2104,0x2104,0x2104,
  0x2124,0x2125,0x2125,0x2945,0x2945,0x2945,0x2945,0x2945,0x2945,0x2945,0x2945,0x2945,0x2945,0x2945,0x2945,0x2965,0x2965,0x2965,0x2965,0x2965,
  0x2965,0x2966,0x2966,0x2965,0x2945,0x2965,0x2965,0x2965,0x2965,0x2966,0x2966,0x2965,0x2965,0x2945,0x2945,0x2965,0x2945,0x2945,0x2945,0x2945,
  0x2966,0x2966,0x2966,0x2966,0x3166,0x3186,0x3186,0x3186,0x3186,0x3186,0x31a7,0x31a7,0x31a7,0x31a7,0x31a7,0x31a7,0x31a7,0x31a7,0x31a7,0x31a7,
  0x31a7,0x31a7,0x31a7,0x3187,0x3186,0x3186,0x3186,0x3186,0x3186,0x3186,0x3166,0x2965,0x2965,0x2945,0x2945,0x2945,0x2945,0x2925,0x2124,0x2104,
  0x2104,0x2104,0x2104,0x20e3,0x18e3,0x18e3,0x18c3,0x18c3,0x18c3,0x18c3,0x18a3,0x10a2,0x10a2,0x10a2,0x1082,0x1082,0x1082,0x0861,0x0861,0x1082,
  0x1082,0x18a2,0x18a2,0x18c2,0x20e3,0x20e3,0x20e3,0x20e3,0x20e3,0x18c3,0x18c3,0x18c3,0x18c3,0x18e3,0x20c3,0x18e3,0x18c3,0x18c3,0x18c3,0x18c2,
  0x18c2,0x18c2,0x18c2,0x18c2,0x18a2,0x10a2,0x1082,0x10a2,0x10a2,0x10a2,0x18c3,0x18c3,0x18c3,0x18c3,0x18e3,0x20e3,0x20e3,0x20e3,0x20e3,0x18e3,
  0x18c3,0x18a2,0x10a2,0x18c3,0x18e3,0x20e3,0x2104,0x20e4,0x18e3,0x18e3,0x18c3,0x18c3,0x18c3,0x18e3,0x18e3,0x18e3,0x18e3,0x18e3,0x18e3,0x18e3,
  0x18e3,0x18c3,0x18c3,0x18c3,0x10a3,0x18c3,0x18c3,0x18e3,0x18e3,0x18e3,0x18e3,0x18c3,0x18c3,0x18c3,0x18c3,0x18c3,0x18c3,0x18c3,0x18c3,0x18c3,
  0x18c3,0x10a2,0x1082,0x1082,0x1082,0x1082,0x1082,0x1082,0x1082,0x0861,0x0861,0x0861,0x0861,0x0861,0x0861,0x0861,0x0861,0x1061,0x1061,0x0861,
  0x0861,0x0861,0x1061,0x1082,0x1082,0x0861,0x0861,0x0861,0x0861,0x0861,0x0861,0x0861,0x0861,0x0861,0x0861,0x0861,0x0841,0x0841,0x0861,0x10a2,
  0x5269,0x5a89,0x5289,0x5269,0x5269,0x5269,0x5a8a,0x5aaa,0x62eb,0x6b2c,0x6b0b,0x5aca,0x5aaa,0x5a8a,0x5269,0x5269,0x5269,0x5269,0x5269,0x5269,
  0x5269,0x4a49,0x4a28,0x4207,0x39c7,0x3185,0x2944,0x2104,0x18e3,0x18a2,0x1082,0x1082,0x1082,0x1082,0x1082,0x1082,0x1082,0x1081,0x1081,0x1081,
  0x1081,0x1061,0x0861,0x0861,0x0861,0x0861,0x1062,0x1082,0x1082,0x10a2,0x10a2,0x10a3,0x18c3,0x18c3,0x18e3,0x18e4,0x2104,0x2104,0x2104,0x2104,
  0x2124,0x2124,0x2125,0x2125,0x2945,0x2945,0x2945,0x2945,0x2945,0x2945,0x2945,0x2945,0x2945,0x2945,0x2965,0x2966,0x2966,0x2965,0x2965,0x2965,
  0x2966,0x2966,0x2966,0x2965,0x2965,0x2965,0x2965,0x2965,0x2965,0x2965,0x2965,0x2945,0x2945,0x2945,0x2945,0x2945,0x2945,0x2945,0x2945,0x2945,
  0x2945,0x2966,0x2966,0x2966,0x2966,0x3166,0x3186,0x3186,0x3186,0x3186,0x3187,0x31a7,0x3187,0x31a7,0x31a7,0x31a7,0x31a7,0x31a7,0x31a7,0x31a7,
  0x31a7,0x31a7,0x3186,0x3186,0x3186,0x3186,0x3186,0x3186,0x3166,0x2966,0x2965,0x2945,0x2945,0x2945,0x2945,0x2925,0x2125,0x2124,0x2104,0x2104,
  0x2104,0x20e4,0x18e4,0x18e3,0x18c3,0x18c3,0x18c3,0x18c3,0x18c3,0x10a3,0x10a2,0x10a2,0x10a2,0x1082,0x1082,0x1082,0x0862,0x0861,0x0861,0x0861,
  0x1082,0x10a2,0x18a2,0x18c2,0x18c2,0x20e3,0x20e3,0x20c3,0x18c3,0x18c2,0x18c2,0x18c3,0x18c3,0x18c3,0x18c3,0x18c3,0x18c3,0x18c2,0x18c2,0x18c2,
  0x18c2,0x18a2,0x18a2,0x18a2,0x18a2,0x10a2,0x10a2,0x10a2,0x10a2,0x10a2,0x18a2,0x18c3,0x18c3,0x18c3,0x18c3,0x18c3,0x18e3,0x20e3,0x18e3,0x18c3,
  0x18c3,0x18c3,0x18c3,0x18c3,0x18e3,0x20e3,0x20e4,0x20e4,0x18e3,0x18e3,0x18c3,0x18c3,0x18c3,0x18e3,0x18e3,0x18c3,0x18c3,0x18c3,0x18c3,0x18c3,
  0x18c3,0x18c3,0x10a3,0x10a2,0x10a2,0x10a3,0x18c3,0x18e4,0x2104,0x20e4,0x18e3,0x18c3,0x18c3,0x18c3,0x18c3,0x18c3,0x18c3,0x18c3,0x18c3,0x18c3,
  0x18c3,0x10a2,0x10a2,0x1082,0x10a2,0x10a2,0x1082,0x1082,0x1061,0x0861,0x0861,0x0861,0x0861,0x0861,0x0861,0x0861,0x0861,0x0861,0x0861,0x0861,
  0x0861,0x0861,0x1082,0x1082,0x1082,0x0861,0x0861,0x0861,0x0861,0x0861,0x0861,0x0861,0x0861,0x0861,0x0841,0x0861,0x1082,0x18c2,0x2104,0x3145,
  0x62eb,0x62ca,0x5269,0x4208,0x4208,0x5269,0x5269,0x4a69,0x62ca,0x6aeb,0x5aaa,0x5aaa,0x62eb,0x5aaa,0x4a28,0x4208,0x5269,0x5aaa,0x5aaa,0x5a89,
  0x5aaa,0x5289,0x4a49,0x4a49,0x4a28,0x4208,0x39c7,0x39a6,0x3185,0x2945,0x2103,0x18a2,0x1082,0x1081,0x1081,0x1081,0x1081,0x1081,0x1061,0x1061,
  0x1061,0x0861,0x0861,0x0841,0x0861,0x0861,0x0861,0x1082,0x1082,0x1082,0x10a2,0x10a3,0x18c3,0x18c3,0x18e3,0x18e4,0x2104,0x2104,0x2104,0x2104,
  0x2124,0x2124,0x2124,0x2125,0x2125,0x2125,0x2945,0x2945,0x2945,0x2945,0x2945,0x2945,0x2965,0x2965,0x2965,0x2966,0x3166,0x2966,0x2965,0x2965,
  0x2965,0x2965,0x2965,0x2945,0x2945,0x2945,0x2965,0x2965,0x2945,0x2965,0x2965,0x2945,0x2945,0x2945,0x2945,0x2945,0x2945,0x2945,0x2945,0x2945,
  0x2945,0x2945,0x2945,0x2965,0x2966,0x2966,0x2966,0x2966,0x3166,0x3186,0x3186,0x3186,0x3186,0x31a7,0x31a7,0x3186,0x3187,0x3186,0x31a6,0x3186,
  0x3186,0x3186,0x3186,0x3186,0x3186,0x2966,0x2966,0x2965,0x2965,0x2945,0x2945,0x2945,0x2925,0x2125,0x2125,0x2124,0x2124,0x2104,0x2104,0x2104,
  0x2104,0x18e4,0x18e3,0x18e3,0x18c3,0x18c3,0x18c3,0x18a2,0x10a2,0x10a2,0x10a2,0x10a2,0x1082,0x1082,0x1062,0x0862,0x0861,0x0861,0x0841,0x0841,
  0x1061,0x1082,0x10a2,0x18a2,0x18c2,0x18c2,0x18c2,0x18c2,0x18c2,0x18c2,0x18c2,0x18c2,0x18c2,0x18c2,0x18c2,0x18c2,0x18a2,0x18a2,0x18a2,0x18a2,
  0x18a2,0x18a2,0x10a2,0x18a2,0x18a2,0x10a2,0x10a2,0x10a2,0x10a2,0x10a2,0x10a2,0x18c2,0x18c3,0x18a2,0x18a2,0x18a2,0x18c3,0x18c3,0x18c3,0x18c3,
  0x18c3,0x18c3,0x18c3,0x18c3,0x18e3,0x18e3,0x18e3,0x18e3,0x18c3,0x18c3,0x18c3,0x18c3,0x18c3,0x18c3,0x18c3,0x18c3,0x18c3,0x18c3,0x18c3,0x18c3,
  0x18c3,0x10a3,0x10a2,0x10a2,0x10a2,0x10a3,0x18c3,0x18e3,0x20e4,0x2104,0x18e3,0x18c3,0x18c3,0x18c3,0x18c3,0x18c3,0x18c3,0x18c3,0x18c3,0x18c3,
  0x18a2,0x10a2,0x10a2,0x10a2,0x10a2,0x10a2,0x1082,0x1082,0x0861,0x0861,0x0861,0x0861,0x0861,0x0861,0x0861,0x0861,0x0861,0x0861,0x0861,0x0861,
  0x0861,0x0861,0x1082,0x1082,0x1082,0x0861,0x0861,0x0861,0x0861,0x0841,0x0861,0x0861,0x0841,0x0861,0x1082,0x18c3,0x2924,0x3165,0x39a6,0x41e7,
  0x62eb,0x62ca,0x5269,0x4208,0x4208,0x4a49,0x4a49,0x4a49,0x5269,0x5269,0x4a29,0x5a8a,0x62eb,0x5a8a,0x4a28,0x4a49,0x62ca,0x6b0b,0x62eb,0x5aaa,
  0x5269,0x4a48,0x4a28,0x4a49,0x5269,0x4a49,0x4a28,0x4208,0x4208,0x41e7,0x39c6,0x3165,0x2104,0x18a2,0x1081,0x1061,0x1061,0x1061,0x1061,0x1061,
  0x0861,0x0841,0x0841,0x0841,0x0841,0x0861,0x0861,0x0862,0x1082,0x1082,0x10a2,0x10a3,0x18c3,0x18c3,0x18e3,0x18e4,0x2104,0x2104,0x2104,0x2104,
  0x2124,0x2124,0x2124,0x2125,0x2125,0x2125,0x2945,0x2945,0x2945,0x2945,0x2945,0x2965,0x2965,0x2965,0x2965,0x2966,0x2966,0x2965,0x2965,0x2965,
  0x2965,0x2965,0x2965,0x2945,0x2945,0x2965,0x2965,0x2945,0x2945,0x2945,0x2945,0x2945,0x2945,0x2945,0x2945,0x2945,0x2945,0x2925,0x2945,0x2945,
  0x2945,0x2945,0x2945,0x2945,0x2945,0x2945,0x2966,0x2966,0x2966,0x2966,0x3166,0x3166,0x3186,0x3186,0x3186,0x3186,0x3186,0x3186,0x3186,0x3186,
  0x3186,0x3186,0x3186,0x3166,0x2966,0x2965,0x2945,0x2945,0x2945,0x2945,0x2925,0x2125,0x2124,0x2124,0x2124,0x2104,0x2104,0x2104,0x2104,0x2104,
  0x18e4,0x18e3,0x18e3,0x18c3,0x18c3,0x18c3,0x18a2,0x10a2,0x10a2,0x10a2,0x1082,0x1082,0x1082,0x1082,0x0861,0x0861,0x0861,0x0841,0x0841,0x0841,
  0x0861,0x1081,0x1082,0x18a2,0x18a2,0x18c2,0x18c2,0x18c2,0x18c2,0x18c2,0x18c2,0x18c2,0x18c2,0x18c2,0x18a2,0x18a2,0x18a2,0x18a2,0x18a2,0x18a2,
  0x18a2,0x10a2,0x10a2,0x10a2,0x18a2,0x10a2,0x10a2,0x10a2,0x1082,0x10a2,0x10a2,0x10a2,0x10a2,0x10a2,0x10a2,0x10a2,0x18a2,0x18a3,0x18c3,0x18c3,
  0x18c3,0x18c3,0x18c3,0x18c3,0x18c3,0x18c3,0x18e3,0x18e3,0x18c3,0x18c3,0x18c3,0x18e3,0x18e3,0x18e3,0x18c3,0x18c3,0x18c3,0x18c3,0x18e3,0x18c3,
  0x18c3,0x10a3,0x10a2,0x10a2,0x10a2,0x18c3,0x18e3,0x18e3,0x20e4,0x18e3,0x18c3,0x18c3,0x18a3,0x10c3,0x10a3,0x10a2,0x18a3,0x18c3,0x18c3,0x18c3,
  0x10a2,0x10a2,0x10a2,0x10a2,0x18a2,0x18a2,0x10a2,0x1082,0x0861,0x0861,0x0861,0x0861,0x0861,0x0861,0x0861,0x0861,0x0861,0x0861,0x0861,0x0861,
  0x0861,0x0861,0x1082,0x1082,0x1082,0x0861,0x0861,0x0861,0x0841,0x0841,0x0841,0x0861,0x1082,0x20e3,0x2924,0x3985,0x41c6,0x4a07,0x4a07,0x4a07,
  0x5acb,0x62eb,0x5aca,0x5aaa,0x5aaa,0x528a,0x5269,0x5a8a,0x4a28,0x4208,0x4a28,0x5289,0x5269,0x4a49,0x4a49,0x5269,0x62ca,0x5aaa,0x5269,0x5269,
  0x5269,0x4a28,0x4208,0x4a48,0x5a89,0x5aaa,0x5289,0x4a49,0x4a28,0x4a49,0x4a28,0x4207,0x39a6,0x2965,0x2103,0x18a2,0x1061,0x0861,0x1061,0x0861,
  0x0861,0x0841,0x0841,0x0841,0x0841,0x0861,0x0861,0x0861,0x1082,0x1082,0x10a2,0x10a3,0x18c3,0x18c3,0x18e3,0x18e4,0x2104,0x2104,0x2104,0x2124,
  0x2124,0x2125,0x2124,0x2125,0x2125,0x2125,0x2945,0x2945,0x2945,0x2945,0x2945,0x2945,0x2965,0x2965,0x2965,0x2965,0x2965,0x2965,0x2965,0x2965,
  0x2965,0x2965,0x2965,0x2965,0x2945,0x2945,0x2945,0x2945,0x2945,0x2945,0x2945,0x2925,0x2945,0x2945,0x2925,0x2945,0x2925,0x2125,0x2125,0x2945,
  0x2945,0x2945,0x2945,0x2945,0x2945,0x2945,0x2945,0x2945,0x2945,0x2966,0x2966,0x2966,0x3166,0x3186,0x3186,0x3186,0x3166,0x3166,0x3166,0x3186,
  0x2966,0x2966,0x2966,0x2965,0x2945,0x2945,0x2945,0x2945,0x2945,0x2125,0x2124,0x2124,0x2124,0x2104,0x2104,0x2104,0x2104,0x2104,0x2104,0x18e4,
  0x18e4,0x18e3,0x18e3,0x18c3,0x18c3,0x18a2,0x10a2,0x10a2,0x1082,0x1082,0x1082,0x1081,0x0861,0x0861,0x0861,0x0861,0x0841,0x0841,0x0841,0x0841,
  0x0841,0x0861,0x1081,0x1082,0x18a2,0x18a2,0x18c2,0x18a2,0x18a2,0x18c2,0x18c2,0x18c2,0x18a2,0x18a2,0x18a2,0x18a2,0x10a2,0x10a2,0x10a2,0x10a2,
  0x18a2,0x10a2,0x10a2,0x10a2,0x18a2,0x10a2,0x10a2,0x10a2,0x1082,0x1082,0x10a2,0x10a2,0x10a2,0x10a2,0x10a2,0x10a2,0x10a2,0x18a2,0x18c3,0x18c3,
  0x18c3,0x18c3,0x18c3,0x18c3,0x18c3,0x18c3,0x18c3,0x18c3,0x18a3,0x18a3,0x18c3,0x18e3,0x18e3,0x18e3,0x18e3,0x18e3,0x18e3,0x18e3,0x18c3,0x18c3,
  0x18c3,0x18c3,0x10a3,0x18c3,0x18c3,0x18e3,0x18e3,0x18e3,0x18e3,0x18e3,0x18c3,0x10a2,0x10a2,0x10a2,0x10a2,0x10a3,0x10a2,0x18a2,0x18a2,0x10a2,
  0x10a2,0x1082,0x1082,0x10a2,0x18a2,0x18a2,0x10a2,0x1082,0x1061,0x1061,0x1082,0x1082,0x1062,0x0861,0x0861,0x1082,0x1082,0x1061,0x0861,0x0861,
  0x0861,0x0861,0x0861,0x1061,0x0861,0x0861,0x0861,0x0861,0x0841,0x0841,0x1082,0x18e3,0x2944,0x3985,0x41a6,0x41e7,0x41e7,0x49e7,0x4a07,0x4a07,
  0x5a8a,0x6b0b,0x6b2c,0x734c,0x6b0b,0x5269,0x4a48,0x4a28,0x39a6,0x3166,0x39a7,0x4a08,0x4208,0x4228,0x4a29,0x4a49,0x5269,0x5269,0x4a48,0x4a48,
  0x5249,0x5269,0x4a49,0x4a28,0x5269,0x5aaa,0x5aaa,0x5269,0x4208,0x4208,0x4208,0x4208,0x41e7,0x39c7,0x39a6,0x2945,0x18e3,0x1082,0x0861,0x0841,
  0x0841,0x0841,0x0841,0x0841,0x0841,0x0841,0x0861,0x0861,0x1082,0x1082,0x10a2,0x10a3,0x18c3,0x18c3,0x18e3,0x18e4,0x2104,0x2104,0x2104,0x2124,
  0x2124,0x2124,0x2125,0x2125,0x2125,0x2125,0x2945,0x2945,0x2945,0x2945,0x2945,0x2945,0x2945,0x2945,0x2965,0x2945,0x2945,0x2965,0x2965,0x2965,
  0x2945,0x2945,0x2945,0x2945,0x2945,0x2945,0x2945,0x2945,0x2145,0x2925,0x2125,0x2125,0x2125,0x2125,0x2125,0x2125,0x2125,0x2125,0x2125,0x2125,
  0x2125,0x2125,0x2925,0x2945,0x2945,0x2945,0x2945,0x2945,0x2945,0x2965,0x2965,0x2965,0x2965,0x2965,0x2966,0x2966,0x2965,0x2965,0x2965,0x2965,
  0x2945,0x2945,0x2945,0x2945,0x2945,0x2945,0x2925,0x2125,0x2124,0x2124,0x2104,0x2104,0x2104,0x2104,0x2104,0x2104,0x2104,0x2104,0x20e4,0x18e4,
  0x18e4,0x18e3,0x18e3,0x18c3,0x18c3,0x10a2,0x10a2,0x1082,0x1082,0x1082,0x0861,0x0861,0x0861,0x0861,0x0861,0x0841,0x0841,0x0841,0x0020,0x0020,
  0x0841,0x0841,0x1061,0x1081,0x1082,0x18a2,0x18a2,0x18a2,0x18a2,0x18a2,0x18a2,0x18a2,0x18a2,0x18a2,0x18a2,0x10a2,0x1082,0x10a2,0x1082,0x1082,
  0x1082,0x1082,0x1082,0x1082,0x10a2,0x1082,0x1082,0x1082,0x1082,0x1082,0x1082,0x10a2,0x10a2,0x10a2,0x10a2,0x10a2,0x10a2,0x18c2,0x18c3,0x18c3,
  0x18c3,0x18c3,0x18c2,0x10a2,0x10a2,0x10a2,0x10a2,0x10a2,0x10a2,0x10a2,0x18c3,0x18e3,0x18e3,0x18e3,0x18e3,0x18e4,0x18e4,0x18e3,0x18c3,0x18c3,
  0x18c3,0x18c3,0x18c3,0x18e3,0x20e3,0x2104,0x2104,0x18e3,0x18e3,0x18c3,0x18a3,0x10a2,0x10a2,0x10a2,0x10a2,0x10a2,0x10a2,0x10a2,0x10a2,0x10a2,
  0x10a2,0x1082,0x1082,0x10a2,0x18a2,0x18a2,0x10a2,0x1082,0x1082,0x1082,0x1082,0x1082,0x1082,0x1061,0x1082,0x1082,0x1082,0x1081,0x0861,0x0841,
  0x0841,0x0861,0x0861,0x0861,0x0861,0x0861,0x0861,0x0861,0x1082,0x18e3,0x2944,0x3985,0x41c6,0x41e7,0x4a07,0x41e7,0x41c6,0x41c7,0x41e7,0x4a07,
  0x4a49,0x5269,0x5a89,0x62ca,0x5269,0x5269,0x5249,0x39c7,0x39a6,0x3186,0x2925,0x3165,0x41e7,0x4a49,0x4a28,0x4228,0x4a48,0x5269,0x4a48,0x4208,
  0x4a28,0x5269,0x5269,0x5269,0x5269,0x5269,0x5289,0x4a48,0x4208,0x39e7,0x39e7,0x39c7,0x39c7,0x4208,0x4208,0x39c7,0x3185,0x2124,0x18a2,0x0861,
  0x0820,0x0821,0x0020,0x0840,0x0841,0x0841,0x0841,0x0861,0x1062,0x1082,0x10a2,0x10a2,0x18a3,0x18c3,0x18e3,0x18e4,0x2104,0x2104,0x2104,0x2124,
  0x2124,0x2104,0x2124,0x2125,0x2125,0x2125,0x2125,0x2125,0x2925,0x2945,0x2945,0x2945,0x2945,0x2945,0x2945,0x2945,0x2945,0x2945,0x2945,0x2945,
  0x2945,0x2945,0x2925,0x2945,0x2945,0x2945,0x2925,0x2125,0x2124,0x2124,0x2124,0x2124,0x2124,0x2124,0x2124,0x2125,0x2125,0x2125,0x2125,0x2125,
  0x2125,0x2125,0x2125,0x2125,0x2925,0x2925,0x2125,0x2945,0x2945,0x2945,0x2945,0x2945,0x2945,0x2945,0x2945,0x2945,0x2945,0x2945,0x2945,0x2945,
  0x2945,0x2945,0x2945,0x2925,0x2124,0x2124,0x2104,0x2104,0x2104,0x2104,0x2104,0x2104,0x2104,0x2104,0x2104,0x2104,0x2104,0x20e4,0x18e4,0x18e3,
  0x18e3,0x18e3,0x18c3,0x18c3,0x18a3,0x10a2,0x10a2,0x1082,0x1081,0x0861,0x0861,0x0861,0x0861,0x0841,0x0841,0x0841,0x0841,0x0020,0x0020,0x0020,
  0x0020,0x0841,0x0861,0x1061,0x1082,0x1882,0x18a2,0x18a2,0x18a2,0x18a2,0x18a2,0x18a2,0x18a2,0x18a2,0x1082,0x1081,0x1082,0x1082,0x1082,0x1082,
  0x1082,0x1082,0x1082,0x1082,0x1081,0x1081,0x1081,0x1081,0x1081,0x1082,0x1082,0x1082,0x10a2,0x10a2,0x10a2,0x10a2,0x10a2,0x18c2,0x18c3,0x18c3,
  0x18c3,0x18c3,0x18a2,0x10a2,0x10a2,0x10a2,0x1082,0x1082,0x1082,0x1082,0x10c3,0x18c3,0x18e3,0x18e3,0x18e3,0x2104,0x2104,0x18e4,0x18e3,0x18c3,
  0x18c3,0x18c3,0x18c3,0x18e3,0x20e4,0x2104,0x2104,0x18e3,0x18c3,0x18c3,0x10a2,0x10a2,0x10a2,0x10a2,0x1082,0x1082,0x10a2,0x10a2,0x10a2,0x18a2,
  0x18a2,0x18a2,0x10a2,0x10a2,0x18a2,0x18a2,0x10a2,0x1082,0x1082,0x1082,0x1082,0x1082,0x1082,0x1082,0x1082,0x1082,0x1082,0x1062,0x0861,0x0841,
  0x0841,0x0861,0x0861,0x0861,0x0861,0x0861,0x1082,0x18e3,0x2944,0x39a6,0x49e7,0x4a07,0x4a07,0x4a07,0x4a28,0x4a07,0x41e7,0x4207,0x4a07,0x4a07,
  0x5aaa,0x4208,0x39c7,0x41e7,0x4228,0x62eb,0x62ca,0x5249,0x5248,0x5aa9,0x5a89,0x5269,0x62ca,0x5a89,0x4208,0x4208,0x4a08,0x4a28,0x4208,0x39e7,
  0x4208,0x4a28,0x5248,0x62a9,0x5aa9,0x5269,0x5269,0x4a28,0x4208,0x4208,0x4208,0x41e7,0x41e7,0x4a28,0x4a28,0x4208,0x41e7,0x39c7,0x3165,0x18e3,
  0x0861,0x0020,0x0020,0x0020,0x0841,0x0841,0x0841,0x0861,0x0862,0x1082,0x1082,0x10a2,0x10a3,0x18c3,0x18e3,0x18e4,0x2104,0x2104,0x2104,0x2104,
  0x2124,0x2104,0x2124,0x2124,0x2124,0x2124,0x2125,0x2125,0x2125,0x2125,0x2925,0x2925,0x2945,0x2945,0x2945,0x2945,0x2945,0x2945,0x2945,0x2945,
  0x2125,0x2124,0x2124,0x2124,0x2124,0x2124,0x2124,0x2124,0x2104,0x2104,0x2124,0x2124,0x2124,0x2124,0x2124,0x2124,0x2124,0x2124,0x2124,0x2124,
  0x2124,0x2124,0x2124,0x2125,0x2125,0x2125,0x2125,0x2125,0x2125,0x2925,0x2945,0x2945,0x2945,0x2945,0x2945,0x2945,0x2945,0x2125,0x2124,0x2124,
  0x2124,0x2124,0x2124,0x2124,0x2104,0x2104,0x2104,0x2104,0x2104,0x2104,0x2104,0x2104,0x20e4,0x20e4,0x20e4,0x20e4,0x20e4,0x20e3,0x18e3,0x18e3,
  0x18e3,0x18c3,0x18c3,0x18c3,0x18a2,0x10a2,0x1082,0x1082,0x0861,0x0861,0x0861,0x0861,0x0841,0x0841,0x0841,0x0841,0x0841,0x0020,0x0020,0x0020,
  0x0020,0x0820,0x0841,0x0861,0x1081,0x1082,0x18a2,0x18a2,0x18a2,0x18a2,0x18a2,0x18a2,0x18a2,0x18a2,0x1081,0x1081,0x1082,0x1082,0x1082,0x1081,
  0x1081,0x1081,0x1081,0x1081,0x1061,0x1061,0x1061,0x1061,0x0861,0x0861,0x1061,0x1082,0x1082,0x10a2,0x10a2,0x10a2,0x10a2,0x18a2,0x18c3,0x18c3,
  0x18c3,0x18c3,0x18c3,0x10a2,0x10a2,0x10a2,0x1082,0x1082,0x1082,0x1082,0x10a2,0x18c3,0x18e3,0x18e3,0x18e3,0x20e3,0x20e3,0x18e3,0x18c3,0x18a3,
  0x10a2,0x10a2,0x18a3,0x18c3,0x18e3,0x20e4,0x20e3,0x18c3,0x18a3,0x18c3,0x10a2,0x10a2,0x10a2,0x1082,0x1082,0x1082,0x10a2,0x10a2,0x10a2,0x18c2,
  0x18c2,0x18c3,0x18c3,0x18a2,0x10a2,0x10a2,0x1082,0x1082,0x1082,0x1082,0x1082,0x1082,0x1082,0x1082,0x1082,0x1082,0x1082,0x1061,0x0861,0x0861,
  0x0861,0x0861,0x0861,0x0841,0x0861,0x18a2,0x2924,0x3985,0x41e7,0x5228,0x5248,0x5248,0x4a28,0x4a07,0x4a27,0x5248,0x5248,0x5269,0x5269,0x5248,
  0x62ca,0x4a28,0x4a48,0x4a48,0x4a49,0x4a49,0x5269,0x6b0b,0x732b,0x6b0b,0x6aeb,0x62aa,0x62ca,0x4a07,0x3186,0x41c7,0x39c7,0x41e7,0x41e7,0x41e7,
  0x4a28,0x5248,0x5a89,0x6aea,0x62aa,0x5269,0x5269,0x5a89,0x5a89,0x5249,0x5249,0x5269,0x4a28,0x4a28,0x5249,0x4a49,0x4a49,0x4a28,0x41e7,0x3186,
  0x2104,0x1082,0x0841,0x0020,0x0841,0x0841,0x0841,0x0861,0x0861,0x0862,0x1082,0x10a2,0x10a2,0x18c3,0x18c3,0x18e3,0x18e4,0x2104,0x2104,0x2104,
  0x2104,0x2104,0x2104,0x2104,0x2104,0x2124,0x2124,0x2124,0x2124,0x2124,0x2124,0x2125,0x2945,0x2945,0x2945,0x2945,0x2945,0x2945,0x2945,0x2945,
  0x2945,0x2125,0x2124,0x2124,0x2124,0x2124,0x2124,0x2104,0x2104,0x2104,0x2104,0x2104,0x2104,0x2104,0x2124,0x2104,0x2104,0x2104,0x2104,0x2124,
  0x2124,0x2104,0x2124,0x2124,0x2124,0x2124,0x2124,0x2124,0x2124,0x2124,0x2124,0x2124,0x2124,0x2124,0x2124,0x2124,0x2124,0x2124,0x2104,0x2104,
  0x2104,0x2104,0x2104,0x2104,0x2104,0x2104,0x2104,0x2104,0x2104,0x2104,0x2104,0x20e4,0x20e4,0x18e4,0x18e3,0x20e3,0x18e3,0x18e3,0x18e3,0x18e3,
  0x18c3,0x18c3,0x18c3,0x18c2,0x10a2,0x1082,0x1082,0x1061,0x0861,0x0861,0x0861,0x0841,0x0841,0x0841,0x0841,0x0841,0x0020,0x0020,0x0020,0x0020,
  0x0000,0x0020,0x0841,0x0841,0x1061,0x1081,0x1082,0x18a2,0x18a2,0x18a2,0x18a2,0x18a2,0x1082,0x1081,0x1081,0x1081,0x1081,0x1081,0x1081,0x1081,
  0x1081,0x1081,0x1061,0x1061,0x1061,0x0861,0x0861,0x0861,0x0861,0x0861,0x0861,0x0861,0x1082,0x1082,0x10a2,0x10a2,0x10a2,0x10a2,0x10a2,0x18a2,
  0x18c3,0x18c3,0x18c3,0x18c3,0x10a2,0x10a2,0x1082,0x1082,0x1082,0x10a2,0x10a2,0x18c3,0x18c3,0x18e3,0x18c3,0x18e3,0x18c3,0x18c3,0x18c3,0x10a3,
  0x10a2,0x10a2,0x10a2,0x18c3,0x18e3,0x18c3,0x18c3,0x18c3,0x18c3,0x18c3,0x18c2,0x18a2,0x10a2,0x10a2,0x1082,0x1082,0x1082,0x1082,0x10a2,0x18c3,
  0x18c3,0x18c3,0x18c3,0x18a2,0x1082,0x1082,0x1082,0x1082,0x1062,0x1082,0x1082,0x1061,0x1082,0x1082,0x1082,0x1082,0x1082,0x0861,0x0861,0x0861,
  0x0861,0x0861,0x0861,0x1082,0x2103,0x3165,0x39c6,0x4a07,0x4a28,0x5248,0x5248,0x4a28,0x4a07,0x4a07,0x4a28,0x5269,0x5a89,0x5269,0x5248,0x5248,
  0x5aaa,0x62eb,0x5aaa,0x5a8a,0x5269,0x4a28,0x4a28,0x62ca,0x62eb,0x5249,0x4208,0x4a28,0x4a48,0x5248,0x4a28,0x4a07,0x3165,0x2945,0x3166,0x39e7,
  0x5269,0x5a8a,0x62ca,0x62ca,0x5a89,0x4a28,0x4a28,0x62ca,0x732b,0x62aa,0x5248,0x5269,0x4a48,0x4228,0x4a48,0x5269,0x4a49,0x4a48,0x4208,0x39c7,
  0x3186,0x2924,0x18c3,0x0861,0x0841,0x0841,0x0841,0x0861,0x0861,0x1061,0x1082,0x1082,0x10a2,0x10a3,0x18c3,0x18c3,0x18e3,0x18e4,0x2104,0x2104,
  0x2104,0x2104,0x2104,0x2124,0x2104,0x2124,0x2124,0x2124,0x2124,0x2125,0x2945,0x2945,0x2945,0x2965,0x3165,0x3165,0x3165,0x3165,0x3165,0x3165,
  0x2965,0x2965,0x2965,0x2945,0x2945,0x2945,0x2945,0x2124,0x2124,0x2104,0x2104,0x2104,0x2104,0x2104,0x2104,0x2104,0x2104,0x2104,0x2104,0x2104,
  0x2104,0x2104,0x2104,0x2104,0x2104,0x2104,0x2104,0x2124,0x2104,0x2104,0x2104,0x2104,0x2104,0x2104,0x2104,0x2104,0x2104,0x2104,0x2104,0x2104,
  0x2104,0x2104,0x2104,0x2104,0x2104,0x2104,0x2104,0x20e4,0x20e3,0x18e3,0x18e3,0x18e3,0x18e3,0x18e3,0x18e3,0x18e3,0x18e3,0x18e3,0x18c3,0x18c3,
  0x18c3,0x18c3,0x18a3,0x10a2,0x10a2,0x1082,0x1082,0x0861,0x0861,0x0861,0x0861,0x0841,0x0841,0x0841,0x0841,0x0020,0x0020,0x0020,0x0020,0x0020,
  0x0020,0x0020,0x0841,0x0861,0x1082,0x10a2,0x18a2,0x18c2,0x18c2,0x18c2,0x18c2,0x18c2,0x18a2,0x18a2,0x10a2,0x1082,0x1082,0x1082,0x1081,0x1081,
  0x1061,0x1061,0x1061,0x1061,0x0861,0x0861,0x0861,0x0841,0x0841,0x0841,0x0841,0x0861,0x0861,0x1082,0x1082,0x1082,0x10a2,0x10a2,0x10a2,0x10a2,
  0x10a2,0x18a2,0x18c3,0x18c3,0x10a2,0x10a2,0x10a2,0x10a2,0x10a2,0x10a2,0x18c3,0x18c3,0x18c3,0x18c3,0x18c3,0x18c3,0x18c3,0x18c3,0x18c3,0x10a2,
  0x10a2,0x10a2,0x10a2,0x18c3,0x18c3,0x18c3,0x18c3,0x18c2,0x18c3,0x18c3,0x18c3,0x18a2,0x10a2,0x10a2,0x1082,0x1082,0x1082,0x1082,0x1082,0x18a2,
  0x18c3,0x18c3,0x18c3,0x10a2,0x1082,0x0861,0x0861,0x0861,0x0861,0x0861,0x0861,0x0861,0x1082,0x1082,0x1082,0x1082,0x1061,0x0861,0x0861,0x0861,
  0x0861,0x1082,0x18e3,0x3165,0x41c6,0x4a07,0x4a28,0x5248,0x5a69,0x5a89,0x5248,0x4a07,0x4a07,0x5228,0x5268,0x5a89,0x5a89,0x5248,0x49e7,0x4a07,
  0x4a28,0x5248,0x5248,0x5248,0x4207,0x4208,0x5aaa,0x62eb,0x4a28,0x4208,0x41e7,0x4208,0x4a28,0x5aaa,0x6b0b,0x62a9,0x5248,0x41c7,0x41e7,0x4208,
  0x5269,0x5aca,0x5269,0x5249,0x5aaa,0x5a8a,0x5a89,0x62ca,0x6b0b,0x5a89,0x4207,0x4a28,0x5a89,0x5269,0x4a49,0x4a28,0x4a28,0x5269,0x4a49,0x4208,
  0x39e7,0x39c7,0x3165,0x20e3,0x0862,0x0841,0x0841,0x0841,0x0861,0x0861,0x1082,0x1082,0x1082,0x10a2,0x10a3,0x18c3,0x18c3,0x18e3,0x18e4,0x2104,
  0x2104,0x2104,0x2104,0x2104,0x2124,0x2124,0x2945,0x2945,0x2945,0x2945,0x2965,0x3165,0x3165,0x3186,0x3186,0x3186,0x39a6,0x39a6,0x3986,0x3986,
  0x3186,0x3186,0x3186,0x3186,0x3185,0x3165,0x3165,0x2965,0x2945,0x2945,0x2925,0x2124,0x2124,0x2104,0x2104,0x2104,0x2104,0x2104,0x2104,0x2104,
  0x2104,0x18e4,0x20e4,0x20e4,0x18e4,0x2104,0x2104,0x2104,0x2104,0x2104,0x2104,0x2104,0x2104,0x2104,0x2104,0x2104,0x2104,0x2104,0x2104,0x2104,
  0x20e4,0x2104,0x2104,0x20e4,0x20e4,0x20e4,0x18e3,0x18e3,0x18e3,0x18e3,0x18e3,0x18e3,0x18e3,0x18e3,0x18e3,0x18c3,0x18c3,0x18c3,0x18c3,0x18c3,
  0x18c3,0x18c3,0x18a2,0x10a2,0x1082,0x1082,0x1082,0x0861,0x0861,0x0861,0x0861,0x0841,0x0841,0x0841,0x0841,0x0841,0x0841,0x0841,0x0861,0x0861,
  0x1082,0x1082,0x10a2,0x18c3,0x18c3,0x18e3,0x20e3,0x2104,0x2104,0x2104,0x2104,0x2104,0x20e3,0x20e3,0x18e3,0x18c3,0x18c3,0x18a2,0x18a2,0x10a2,
  0x1082,0x1081,0x1061,0x0861,0x0861,0x0861,0x0841,0x0841,0x0840,0x0840,0x0840,0x0841,0x0841,0x0861,0x1061,0x1082,0x1082,0x10a2,0x10a2,0x10a2,
  0x10a2,0x10a2,0x10a2,0x18a2,0x10a2,0x10a2,0x10a2,0x10a2,0x10a2,0x18a3,0x18c3,0x18c3,0x18c3,0x18a3,0x10a3,0x18a3,0x18c3,0x18a3,0x18a3,0x18a3,
  0x10a3,0x10a3,0x10a3,0x18c3,0x18a3,0x10a2,0x10a2,0x10a2,0x18c3,0x18c3,0x18a3,0x10a2,0x10a2,0x10a2,0x1082,0x1082,0x1082,0x1082,0x1082,0x10a2,
  0x18a2,0x18c2,0x18a2,0x10a2,0x1082,0x0861,0x0861,0x0861,0x0861,0x0861,0x0861,0x0861,0x1082,0x1082,0x1082,0x1082,0x0861,0x0861,0x0861,0x0861,
  0x18a2,0x2924,0x39a6,0x4a07,0x5248,0x5249,0x5269,0x5a89,0x5aaa,0x5a89,0x5248,0x4a07,0x4a28,0x5268,0x5a89,0x62eb,0x62ca,0x4a28,0x41e7,0x4a28,
  0x39e7,0x4207,0x5269,0x5248,0x4a48,0x62ca,0x5a89,0x4a28,0x4208,0x5269,0x5269,0x4208,0x39c7,0x39e7,0x39e8,0x4a28,0x5a89,0x5a89,0x5269,0x4a49,
  0x4a28,0x5aaa,0x62ca,0x5269,0x4a49,0x62cb,0x6aeb,0x5a89,0x5248,0x5a89,0x5a89,0x5269,0x5a89,0x62ca,0x5aaa,0x4a28,0x4208,0x5249,0x5289,0x5249,
  0x4a28,0x4208,0x39c7,0x3165,0x2104,0x1082,0x0841,0x0841,0x0861,0x0861,0x0862,0x1082,0x1082,0x10a2,0x10a2,0x10a2,0x18c3,0x18c3,0x18e3,0x18e4,
  0x20e4,0x2104,0x2104,0x2124,0x2945,0x2945,0x2965,0x3165,0x3186,0x3186,0x3186,0x3186,0x39a6,0x39a6,0x39a6,0x39a6,0x39c6,0x39c6,0x39c6,0x39c6,
  0x39a6,0x39a6,0x39a6,0x39a6,0x39a6,0x3186,0x3186,0x3185,0x3165,0x3165,0x2965,0x2945,0x2945,0x2925,0x2924,0x2124,0x2104,0x2104,0x20e4,0x18e3,
  0x18e3,0x18e3,0x18e3,0x18e3,0x18e3,0x18e3,0x18e4,0x20e4,0x2104,0x2104,0x2104,0x20e4,0x20e3,0x20e3,0x20e3,0x18e3,0x20e3,0x20e3,0x20e3,0x20e3,
  0x20e3,0x20e3,0x20e3,0x20e3,0x20e3,0x18e3,0x18e3,0x18e3,0x18e3,0x18e3,0x18e3,0x18c3,0x18c3,0x18c3,0x18c3,0x18c3,0x18c3,0x18c3,0x18c3,0x18c3,
  0x18c3,0x18a2,0x10a2,0x10a2,0x1082,0x1082,0x0861,0x0861,0x0861,0x0861,0x0861,0x0861,0x0861,0x0861,0x1082,0x1082,0x10a2,0x10a3,0x18c3,0x18c3,
  0x18c3,0x18e3,0x18e4,0x2104,0x2124,0x2125,0x2925,0x2945,0x2945,0x2945,0x2945,0x2945,0x2925,0x2124,0x2124,0x2104,0x2104,0x20e3,0x18e3,0x18c3,
  0x18c3,0x10a2,0x1082,0x1082,0x1061,0x0861,0x0841,0x0841,0x0840,0x0820,0x0820,0x0820,0x0820,0x0841,0x0841,0x0861,0x1082,0x1082,0x10a2,0x10a2,
  0x10a2,0x10a2,0x10a2,0x10a2,0x10a2,0x10a2,0x10a2,0x10a2,0x18a3,0x18c3,0x18c3,0x18c3,0x18c3,0x10a2,0x10a2,0x10a2,0x10a2,0x10a2,0x18c3,0x18c3,
  0x18c3,0x18c3,0x18c3,0x18c3,0x18a2,0x10a2,0x10a2,0x10a2,0x10a2,0x18a2,0x10a2,0x10a2,0x10a2,0x1082,0x1082,0x1082,0x10a2,0x10a2,0x10a2,0x1082,
  0x1082,0x10a2,0x1082,0x1082,0x1082,0x0861,0x0861,0x0861,0x0861,0x0861,0x0861,0x0861,0x1082,0x1082,0x1082,0x1082,0x0861,0x0861,0x1061,0x18e3,
  0x3165,0x41c7,0x5228,0x5248,0x5248,0x5249,0x5a89,0x62ca,0x5aa9,0x5248,0x4a07,0x4a07,0x4a28,0x5248,0x5249,0x62eb,0x62ca,0x4a07,0x4a28,0x5248,
  0x5269,0x5269,0x5249,0x41e8,0x4a49,0x5269,0x39e7,0x39a7,0x5269,0x734c,0x6b0b,0x41c7,0x39a6,0x4208,0x5289,0x5aaa,0x5aaa,0x5aaa,0x5aaa,0x5aaa,
  0x4a49,0x4a08,0x5269,0x5aaa,0x5a89,0x5269,0x4a48,0x41e7,0x41e7,0x4a28,0x62ca,0x6aea,0x62a9,0x5a89,0x5a89,0x4a28,0x39c7,0x41e7,0x4a28,0x5269,
  0x4a28,0x4208,0x41e7,0x39c7,0x3186,0x2124,0x10a2,0x0841,0x0861,0x0861,0x0861,0x1082,0x1082,0x1082,0x1082,0x10a2,0x10a3,0x18c3,0x18c3,0x18e3,
  0x2104,0x2104,0x2924,0x2945,0x2965,0x3165,0x3186,0x3186,0x39a6,0x39a6,0x39a6,0x39c6,0x39c6,0x41c6,0x41e7,0x41e7,0x41e7,0x41e7,0x41c7,0x41e7,
  0x41c7,0x41c7,0x41c6,0x39c6,0x39c6,0x39a6,0x39a6,0x39a6,0x39a6,0x3186,0x3186,0x3185,0x3165,0x2965,0x2945,0x2945,0x2924,0x2124,0x2104,0x20e4,
  0x18e3,0x18e3,0x18e3,0x18c3,0x18e3,0x18c3,0x18e3,0x18e3,0x18e3,0x18e3,0x18e3,0x18e3,0x18e3,0x18e3,0x18e3,0x18e3,0x18e3,0x18e3,0x18e3,0x18e3,
  0x18e3,0x18e3,0x18e3,0x18e3,0x18e3,0x18e3,0x18e3,0x18c3,0x18c3,0x18c3,0x18c3,0x18c3,0x18c3,0x18c3,0x18c3,0x18c3,0x18c3,0x18c3,0x18c3,0x18a2,
  0x10a2,0x10a2,0x1082,0x1082,0x1082,0x1061,0x0861,0x0861,0x0861,0x0861,0x1082,0x10a2,0x10a2,0x18c3,0x18e3,0x18e3,0x18e4,0x2104,0x2104,0x2104,
  0x2124,0x2125,0x2945,0x2945,0x2965,0x2966,0x2966,0x3186,0x3186,0x3186,0x3166,0x3166,0x2966,0x2965,0x2945,0x2945,0x2925,0x2124,0x2124,0x2104,
  0x18e4,0x18e3,0x18c3,0x18a3,0x10a2,0x1082,0x1082,0x0861,0x0841,0x0841,0x0020,0x0020,0x0020,0x0020,0x0841,0x0841,0x0861,0x1082,0x1082,0x1082,
  0x10a2,0x10a2,0x1082,0x10a2,0x10a2,0x1082,0x10a2,0x10a2,0x10a2,0x18c3,0x18c3,0x18c3,0x18c3,0x18a2,0x10a2,0x10a2,0x10a2,0x10a2,0x18c3,0x18c3,
  0x18c3,0x18c3,0x18c3,0x18a3,0x10a2,0x10a2,0x1082,0x1082,0x10a2,0x10a2,0x10a2,0x10a2,0x1082,0x1082,0x10a2,0x10a2,0x10a2,0x10a2,0x10a2,0x1082,
  0x1082,0x1082,0x1082,0x1082,0x1082,0x1082,0x1082,0x1061,0x0861,0x0861,0x0861,0x0861,0x0861,0x1061,0x1061,0x0861,0x0861,0x10a2,0x2124,0x39a6,
  0x4a08,0x5249,0x5248,0x4a28,0x4a28,0x5248,0x5a89,0x62ca,0x5a89,0x4a28,0x4a28,0x5228,0x5248,0x5228,0x4a28,0x5228,0x4a07,0x4a07,0x5268,0x5a68,
  0x4208,0x4a29,0x4208,0x4208,0x39c7,0x39e7,0x39e8,0x39e8,0x4a48,0x5269,0x5aa9,0x5269,0x5269,0x5269,0x62ca,0x4a48,0x62ca,0x62eb,0x62eb,0x5269,
  0x5289,0x5269,0x4208,0x5a8a,0x732b,0x62ca,0x5a89,0x5a8a,0x5249,0x41e7,0x4a48,0x5aa9,0x5aa9,0x5248,0x4a28,0x5269,0x41e7,0x3186,0x39c7,0x4208,
  0x41e7,0x39e7,0x41e7,0x4a28,0x4208,0x3186,0x2124,0x10a2,0x0861,0x0861,0x0861,0x0861,0x0862,0x1082,0x1082,0x1082,0x10a2,0x10c3,0x18c3,0x18e4,
  0x2124,0x2945,0x2945,0x3165,0x3186,0x39a6,0x39a6,0x39c6,0x39c6,0x41c7,0x41e7,0x41e7,0x41e7,0x41e7,0x41e7,0x4207,0x4a07,0x4207,0x41e7,0x41e7,
  0x41e7,0x41e7,0x41e7,0x41e7,0x41c7,0x41c6,0x41c6,0x39c6,0x39c6,0x39a6,0x39a6,0x39a6,0x3186,0x3186,0x3185,0x3165,0x2945,0x2945,0x2924,0x2104,
  0x2104,0x18e3,0x18e3,0x18c3,0x18c3,0x18c3,0x18c3,0x18c3,0x18c3,0x18c3,0x18e3,0x18e3,0x18c3,0x18c3,0x18c3,0x18c3,0x18c3,0x18c3,0x18c3,0x18e3,
  0x18e3,0x18e3,0x18e3,0x18e3,0x18e3,0x18c3,0x18c3,0x18c3,0x18c3,0x18c3,0x18c3,0x18c3,0x18c3,0x18c3,0x18c3,0x18a3,0x18a2,0x18a2,0x10a2,0x10a2,
  0x10a2,0x10a2,0x1082,0x1082,0x1061,0x0861,0x0861,0x0861,0x1082,0x10a2,0x18c3,0x18e3,0x2104,0x2104,0x2124,0x2125,0x2945,0x2945,0x2945,0x2945,
  0x2966,0x2966,0x3186,0x3186,0x3186,0x31a6,0x31a7,0x31a7,0x31a7,0x31a6,0x31a6,0x31a6,0x3186,0x3186,0x3186,0x2966,0x2965,0x2945,0x2945,0x2125,
  0x2124,0x2104,0x2104,0x18e4,0x18e3,0x18c3,0x18c3,0x10a2,0x1082,0x0861,0x0841,0x0841,0x0020,0x0020,0x0020,0x0840,0x0841,0x0861,0x1061,0x1082,
  0x1082,0x1082,0x1082,0x1082,0x1082,0x1082,0x10a2,0x10a2,0x10a2,0x10a3,0x18a2,0x18c3,0x18c3,0x18a2,0x10a2,0x10a2,0x10a2,0x10a2,0x10a2,0x18c3,
  0x18a2,0x18a3,0x10a2,0x10a2,0x10a2,0x1082,0x1082,0x1082,0x10a2,0x10a2,0x10a2,0x1082,0x1082,0x1082,0x10a2,0x10a2,0x18a2,0x18a2,0x10a2,0x1082,
  0x1082,0x1082,0x1082,0x1082,0x1082,0x1082,0x1082,0x1082,0x0861,0x0861,0x0861,0x0861,0x0861,0x0861,0x0861,0x1061,0x18c3,0x3165,0x41e7,0x4a28,
  0x5269,0x5269,0x5248,0x4a28,0x4a28,0x5248,0x5a89,0x5269,0x5248,0x4a28,0x5a69,0x5a8a,0x5aa9,0x5a89,0x5248,0x41e7,0x41c6,0x4a07,0x5227,0x5248,
  0x5269,0x4a49,0x4228,0x4208,0x4a08,0x41e7,0x4228,0x4208,0x4a28,0x5269,0x5249,0x5aaa,0x5aca,0x5269,0x5289,0x4228,0x4a49,0x4a28,0x5249,0x4a49,
  0x5a8a,0x62ca,0x5269,0x4a28,0x5248,0x4a07,0x4a28,0x6aeb,0x5aaa,0x5249,0x4a48,0x4a07,0x4a08,0x4a28,0x4a28,0x5269,0x4207,0x3186,0x3186,0x31a6,
  0x39a7,0x39c7,0x39e7,0x4a48,0x4a48,0x41e7,0x3186,0x2945,0x18c3,0x0861,0x0861,0x0861,0x0861,0x1062,0x1082,0x1082,0x10a2,0x18c3,0x20e3,0x2104,
  0x2945,0x2965,0x3185,0x3186,0x39a6,0x39c6,0x39c6,0x41c7,0x41e7,0x41e7,0x41e7,0x4207,0x4a07,0x4a07,0x4a07,0x4a07,0x4a07,0x4a07,0x4a07,0x4a07,
  0x4a07,0x4a07,0x4207,0x41e7,0x41e7,0x41e7,0x41e7,0x41e7,0x41c7,0x41c7,0x39c6,0x39c6,0x39a6,0x39a6,0x39a6,0x3186,0x3185,0x3165,0x2945,0x2944,
  0x2124,0x2104,0x18e3,0x18e3,0x18c3,0x18c3,0x18c3,0x18c3,0x18c3,0x18c3,0x18c3,0x18c3,0x18c3,0x18c3,0x18c3,0x18c3,0x18c3,0x18c3,0x18c3,0x18c3,
  0x18c3,0x18e3,0x18e3,0x18e3,0x18e3,0x18c3,0x18c3,0x18c3,0x18c3,0x18c3,0x18c3,0x18a2,0x10a2,0x10a2,0x10a2,0x10a2,0x10a2,0x10a2,0x10a2,0x10a2,
  0x1082,0x1082,0x1082,0x1061,0x1061,0x1082,0x1082,0x18c3,0x18e3,0x18e4,0x2104,0x2124,0x2125,0x2945,0x2945,0x2966,0x3166,0x3186,0x3186,0x3186,
  0x31a7,0x31a7,0x31a7,0x39c7,0x39c7,0x39c7,0x39c7,0x39c7,0x39c7,0x39c7,0x39c7,0x39c7,0x39c7,0x31a7,0x31a7,0x3186,0x3186,0x3186,0x2966,0x2965,
  0x2945,0x2945,0x2125,0x2124,0x2104,0x2104,0x18e3,0x18c3,0x10a2,0x1082,0x1082,0x0861,0x0841,0x0820,0x0020,0x0020,0x0020,0x0841,0x0861,0x0861,
  0x1082,0x1082,0x1082,0x1082,0x1082,0x1082,0x1082,0x10a2,0x10a2,0x10a2,0x10a2,0x10a2,0x18c3,0x10a2,0x10a2,0x10a2,0x10a2,0x10a2,0x10a2,0x10a2,
  0x10a2,0x10a2,0x10a2,0x10a2,0x10a2,0x10a2,0x1082,0x1082,0x10a2,0x10a2,0x1082,0x1082,0x1082,0x1082,0x10a2,0x10a2,0x18c2,0x18a2,0x1082,0x1082,
  0x1082,0x1082,0x10a2,0x10a2,0x10a2,0x1082,0x1082,0x1082,0x0861,0x0861,0x0861,0x0861,0x0861,0x0841,0x1082,0x2103,0x3986,0x4a07,0x5248,0x5269,
  0x5a89,0x5a69,0x5248,0x4a28,0x4a28,0x5269,0x5269,0x4a08,0x4a07,0x5248,0x5a69,0x5a89,0x5a89,0x5268,0x5228,0x4a07,0x41e7,0x4a07,0x4a07,0x5248,
  0x4208,0x4208,0x41e7,0x4a28,0x4a27,0x31a6,0x5269,0x6b0b,0x5269,0x41e7,0x31a7,0x4208,0x528a,0x62cb,0x6b0b,0x62eb,0x4a49,0x39e7,0x39c7,0x4a49,
  0x5269,0x5a89,0x62ca,0x5aaa,0x4a28,0x4a08,0x41e7,0x5248,0x4a28,0x4228,0x4208,0x4208,0x41e7,0x4a48,0x62ca,0x5aa9,0x5268,0x39c7,0x3186,0x31a6,
  0x39c7,0x41e7,0x41e7,0x4207,0x4208,0x39e7,0x39c7,0x31a6,0x2945,0x10a2,0x0861,0x0861,0x0861,0x0861,0x1082,0x1082,0x18c3,0x20e3,0x2124,0x2945,
  0x3165,0x3186,0x39a6,0x39a6,0x39c6,0x41c7,0x41e7,0x41e7,0x41e7,0x4207,0x4a07,0x4a07,0x4a07,0x4a07,0x4a07,0x4a07,0x4a07,0x4a07,0x4a07,0x4a07,
  0x4a07,0x4a07,0x4a07,0x4a07,0x4a07,0x4207,0x41e7,0x41e7,0x41e7,0x41e7,0x41e7,0x41e7,0x41c7,0x41c6,0x39c6,0x39a6,0x39a6,0x3186,0x3165,0x2945,
  0x2945,0x2124,0x2104,0x20e4,0x18e3,0x18c3,0x18c3,0x10a2,0x10a2,0x10a2,0x18a2,0x18a2,0x18c3,0x18a3,0x18c3,0x18c3,0x18c3,0x18c3,0x18c3,0x18c3,
  0x18c3,0x18c3,0x18c3,0x18e3,0x18c3,0x18c3,0x18c3,0x18c3,0x18c3,0x18c3,0x10a2,0x10a2,0x10a2,0x10a2,0x10a2,0x10a2,0x10a2,0x10a2,0x1082,0x1082,
  0x1082,0x1082,0x1082,0x1082,0x10a2,0x18c3,0x18e3,0x2104,0x2124,0x2125,0x2945,0x2965,0x2966,0x3186,0x3186,0x3186,0x31a7,0x39a7,0x39c7,0x39c7,
  0x39c7,0x39c8,0x39e8,0x39e8,0x39e8,0x39e8,0x39e8,0x39e8,0x39e8,0x39e8,0x39e8,0x39e8,0x39c8,0x39c7,0x39c7,0x39c7,0x31a7,0x3186,0x3186,0x3186,
  0x2966,0x2965,0x2945,0x2945,0x2125,0x2124,0x2104,0x18e4,0x18c3,0x18c3,0x10a2,0x1082,0x0861,0x0861,0x0841,0x0020,0x0020,0x0820,0x0841,0x0861,
  0x0861,0x0881,0x1082,0x1082,0x1082,0x1082,0x1082,0x10a2,0x10a2,0x10a2,0x10a2,0x10a2,0x18a2,0x10a2,0x10a2,0x1082,0x1082,0x1082,0x1082,0x10a2,
  0x1082,0x10a2,0x10a2,0x10a2,0x10a2,0x10a2,0x10a2,0x1082,0x10a2,0x1082,0x1082,0x1082,0x1082,0x1082,0x1082,0x10a2,0x10a2,0x10a2,0x1082,0x1082,
  0x10a2,0x10a2,0x10a2,0x10a2,0x10a2,0x1082,0x1082,0x1061,0x0861,0x0861,0x0861,0x0861,0x0841,0x10a2,0x2924,0x39c6,0x4a28,0x5248,0x5269,0x62ca,
  0x62ea,0x5a89,0x4a28,0x4a28,0x5269,0x5aaa,0x5a69,0x5228,0x5248,0x5a68,0x5a69,0x5248,0x4a28,0x4a28,0x4a07,0x41e7,0x4a07,0x4a28,0x5248,0x4a28,
  0x3186,0x39a7,0x5248,0x5248,0x4a08,0x4a28,0x4207,0x5a89,0x4a28,0x4a28,0x4a49,0x4a29,0x39e8,0x39c7,0x41e7,0x4a49,0x6b0b,0x62eb,0x528a,0x4a49,
  0x41e8,0x39c7,0x4a48,0x5269,0x4a28,0x5269,0x5269,0x5248,0x5248,0x5aaa,0x5289,0x4a28,0x4208,0x4a28,0x5aa9,0x62ca,0x5a68,0x4a28,0x39c7,0x41e7,
  0x4a28,0x4a48,0x4a08,0x39c7,0x39c7,0x39c7,0x39c7,0x39c7,0x31a6,0x2124,0x10a2,0x0841,0x0861,0x0861,0x1082,0x18c3,0x20e3,0x2124,0x2945,0x3165,
  0x3186,0x39a6,0x39c6,0x41e7,0x41e7,0x41e7,0x4207,0x4a07,0x4a07,0x4a07,0x4207,0x4a07,0x4a07,0x4a07,0x4a07,0x4a07,0x4a07,0x4207,0x4207,0x4207,
  0x4207,0x4207,0x41e7,0x41e7,0x41e7,0x41e7,0x41e7,0x41e7,0x4a07,0x4207,0x4207,0x41e7,0x41e7,0x41e7,0x41e7,0x41c7,0x39c6,0x39a6,0x3186,0x3185,
  0x3165,0x2945,0x2924,0x2124,0x2104,0x18e3,0x18c3,0x18a3,0x10a2,0x10a2,0x10a2,0x10a2,0x10a2,0x10a2,0x18a2,0x18a2,0x18a3,0x18a3,0x18c3,0x18c3,
  0x18c3,0x18c3,0x18c3,0x18c3,0x18c3,0x18c3,0x18c3,0x18c3,0x18c3,0x18c3,0x10a2,0x10a2,0x10a2,0x10a2,0x10a2,0x1082,0x1082,0x1082,0x1082,0x1082,
  0x1082,0x1082,0x10a2,0x18c3,0x18e3,0x2104,0x2124,0x2945,0x2945,0x2965,0x3186,0x3186,0x31a6,0x31a7,0x39c7,0x39c7,0x39e7,0x39e8,0x41e8,0x41e8,
  0x41e8,0x41e8,0x4208,0x4208,0x4208,0x4208,0x4208,0x4208,0x4208,0x4208,0x41e8,0x39e8,0x39e8,0x39e8,0x39c7,0x39c7,0x39c7,0x31a7,0x31a7,0x3187,
  0x3186,0x3186,0x2966,0x2965,0x2945,0x2945,0x2125,0x2104,0x2104,0x18e3,0x18c3,0x10a3,0x10a2,0x1082,0x0861,0x0841,0x0841,0x0020,0x0020,0x0841,
  0x0841,0x0861,0x0861,0x1082,0x1082,0x1082,0x1082,0x1082,0x10a2,0x10a2,0x10a2,0x10a2,0x10a2,0x10a2,0x10a2,0x1082,0x1082,0x1082,0x1082,0x1082,
  0x1082,0x1082,0x1082,0x10a2,0x10a2,0x1082,0x1082,0x1082,0x1082,0x10a2,0x1082,0x1082,0x1082,0x1082,0x1082,0x10a2,0x1082,0x1082,0x1082,0x1082,
  0x1082,0x1082,0x10a2,0x10a2,0x1082,0x1082,0x1061,0x0861,0x0861,0x0861,0x0861,0x0861,0x18c2,0x2945,0x41e7,0x5228,0x5248,0x5249,0x5a89,0x62ea,
  0x62ca,0x5a89,0x5269,0x5aaa,0x62ca,0x62a9,0x5248,0x5228,0x5a68,0x5a68,0x5248,0x5248,0x4a48,0x4207,0x41e7,0x4a07,0x49e7,0x5228,0x4a28,0x41e7,
  0x5aaa,0x4a48,0x4a28,0x5269,0x4a28,0x41e8,0x3186,0x41e7,0x5a89,0x62ca,0x5a89,0x4a28,0x41e7,0x39e8,0x39c7,0x39e8,0x4a28,0x5a89,0x5a8a,0x5aaa,
  0x5249,0x4208,0x39c7,0x39c7,0x5249,0x5249,0x5269,0x5269,0x5a89,0x6b0b,0x734c,0x6aea,0x5a89,0x41e7,0x4207,0x5248,0x5a89,0x62ca,0x5a89,0x4a28,
  0x4a08,0x4207,0x39e7,0x39a7,0x39c7,0x41e7,0x4208,0x4208,0x41e8,0x31a6,0x2124,0x1082,0x0861,0x1082,0x18c2,0x20e3,0x2104,0x2945,0x3165,0x3186,
  0x39a6,0x39c6,0x41e7,0x41e7,0x4207,0x4207,0x4207,0x4a07,0x4a07,0x4207,0x41e7,0x41e7,0x41e7,0x41e7,0x41e7,0x41e7,0x41e7,0x41e7,0x41e7,0x41e7,
  0x41e7,0x41e7,0x41e7,0x41e7,0x41e7,0x41e7,0x41e7,0x41e7,0x4207,0x4207,0x4207,0x4207,0x4207,0x41e7,0x41e7,0x41e7,0x41e7,0x41c7,0x39a6,0x39a6,
  0x3186,0x3165,0x2965,0x2945,0x2124,0x2104,0x20e3,0x18c3,0x18a2,0x10a2,0x10a2,0x10a2,0x10a2,0x10a2,0x10a2,0x10a2,0x18a2,0x18a2,0x18a2,0x18c3,
  0x18c3,0x18c3,0x18c3,0x18c3,0x18c3,0x18c3,0x18c3,0x18c3,0x18c3,0x18a2,0x10a2,0x10a2,0x10a2,0x10a2,0x1082,0x1082,0x1082,0x1082,0x1082,0x1082,
  0x10a2,0x18c3,0x18e3,0x2104,0x2124,0x2945,0x2965,0x2966,0x3186,0x31a6,0x39a7,0x39c7,0x39e7,0x39e8,0x41e8,0x4208,0x4208,0x4208,0x4208,0x4208,
  0x41e8,0x41e8,0x4208,0x4208,0x3a08,0x4208,0x39e8,0x39e8,0x39e8,0x39e8,0x39e8,0x39e8,0x39c7,0x39c7,0x39c7,0x39c7,0x39c7,0x39a7,0x31a7,0x31a7,
  0x31a7,0x3186,0x3186,0x3166,0x2966,0x2945,0x2945,0x2125,0x2104,0x2104,0x18e3,0x18c3,0x10c3,0x10a2,0x1082,0x0861,0x0861,0x0841,0x0040,0x0020,
  0x0020,0x0841,0x0841,0x0861,0x1081,0x1082,0x1082,0x1082,0x10a2,0x10a2,0x10a2,0x10a2,0x10a2,0x10a2,0x1082,0x1082,0x1082,0x1082,0x1082,0x1082,
  0x1082,0x1082,0x1082,0x1082,0x1082,0x1082,0x1082,0x1082,0x1082,0x1082,0x1082,0x1082,0x1082,0x1082,0x1082,0x1082,0x1082,0x1082,0x1061,0x1061,
  0x1082,0x1082,0x10a2,0x1082,0x1082,0x1061,0x0861,0x0861,0x0861,0x0861,0x1061,0x18e3,0x3165,0x41e7,0x5228,0x5248,0x5248,0x5269,0x5a69,0x5269,
  0x5248,0x5a69,0x62eb,0x62ca,0x5a69,0x4a07,0x4a07,0x5269,0x5a89,0x5248,0x41e7,0x4a28,0x5aaa,0x62ca,0x5269,0x5228,0x4a07,0x5248,0x5248,0x4a07,
  0x4a48,0x41e7,0x4207,0x41e7,0x39c7,0x4a28,0x41e7,0x39a7,0x39c7,0x39e7,0x5aa9,0x6289,0x62eb,0x62eb,0x52aa,0x4208,0x39c6,0x5269,0x5aaa,0x4208,
  0x39c7,0x39c7,0x4a28,0x4a28,0x39c7,0x4a28,0x4a48,0x39e7,0x3186,0x39c7,0x6b0b,0x7b6c,0x5a69,0x4a27,0x5a68,0x4a28,0x5a89,0x734c,0x6b0b,0x5248,
  0x39c7,0x41e7,0x41e7,0x39c7,0x39c7,0x41e7,0x4a28,0x4a28,0x4208,0x41e7,0x3186,0x2104,0x10a2,0x10a2,0x18e3,0x2104,0x2944,0x3165,0x3186,0x39a6,
  0x39c6,0x41e7,0x41e7,0x41e7,0x41e7,0x4207,0x41e7,0x41e7,0x41e7,0x41e7,0x41e7,0x41e7,0x41e7,0x41e7,0x41e7,0x41c7,0x41c7,0x41c7,0x41e7,0x41c7,
  0x41c7,0x39c7,0x41c7,0x41e7,0x41c7,0x41c7,0x41e7,0x41e7,0x41e7,0x41e7,0x41e7,0x41e7,0x41e7,0x4207,0x41e7,0x41e7,0x41e7,0x41e7,0x41e7,0x39c6,
  0x39a6,0x3986,0x3185,0x3165,0x2945,0x2924,0x2104,0x2103,0x18e3,0x18a3,0x10a2,0x10a2,0x1082,0x1082,0x10a2,0x10a2,0x10a2,0x10a2,0x10a2,0x18a2,
  0x18a3,0x18c3,0x18c3,0x18c3,0x18c3,0x18c3,0x18c3,0x18c3,0x18a2,0x10a2,0x10a2,0x10a2,0x1082,0x1082,0x1082,0x1082,0x1082,0x1082,0x1082,0x10a2,
  0x18e3,0x2104,0x2124,0x2945,0x2965,0x3186,0x3186,0x31a6,0x39c7,0x39c7,0x39e7,0x41e8,0x4208,0x4208,0x4208,0x4208,0x4208,0x4208,0x41e8,0x39e8,
  0x39e8,0x39e8,0x39e8,0x39e8,0x39e8,0x39e8,0x39e8,0x39e8,0x39c8,0x39c7,0x39c7,0x39c7,0x39c7,0x39c7,0x39a7,0x39a7,0x31a7,0x31a7,0x31a7,0x31a7,
  0x3186,0x3186,0x3186,0x3186,0x2966,0x2966,0x2945,0x2945,0x2125,0x2104,0x2104,0x18e3,0x18c3,0x18c3,0x10a2,0x1082,0x0862,0x0861,0x0841,0x0841,
  0x0820,0x0841,0x0841,0x0841,0x0861,0x0861,0x1082,0x1082,0x1082,0x1082,0x10a2,0x1082,0x1082,0x1082,0x10a2,0x1082,0x1082,0x1082,0x1082,0x1082,
  0x1082,0x1082,0x1082,0x1082,0x1082,0x1082,0x1082,0x1082,0x1082,0x1082,0x1082,0x1082,0x1082,0x1082,0x1082,0x1082,0x1082,0x1082,0x0861,0x0861,
  0x1082,0x1082,0x1082,0x1082,0x1081,0x0861,0x0861,0x0861,0x0861,0x1081,0x20e3,0x3185,0x4a07,0x5228,0x5269,0x5a89,0x5a89,0x5268,0x5248,0x4a07,
  0x4207,0x5268,0x62aa,0x5a89,0x5248,0x41e7,0x4a07,0x5249,0x5a89,0x5248,0x4a07,0x5228,0x5a89,0x62a9,0x5248,0x41e7,0x4a28,0x62eb,0x5a89,0x49e7,
  0x41e7,0x4207,0x39c7,0x39e7,0x39c7,0x4a28,0x5268,0x5248,0x5248,0x4a49,0x5a8a,0x5aaa,0x6b0c,0x5a8a,0x5269,0x4208,0x2966,0x39c7,0x4208,0x4a28,
  0x4208,0x39c7,0x4208,0x39c7,0x39c7,0x39c7,0x4a28,0x39c7,0x39a7,0x39e7,0x5248,0x6aca,0x5a69,0x6aea,0x5269,0x3186,0x39c7,0x5a8a,0x5aaa,0x5a69,
  0x4207,0x39c7,0x4208,0x41e7,0x41e7,0x4a28,0x4a48,0x41e7,0x39c7,0x39c7,0x39c7,0x3186,0x2124,0x20e3,0x2104,0x2944,0x3165,0x3186,0x39a6,0x39c6,
  0x41e7,0x41e7,0x41e7,0x41e7,0x41e7,0x41e7,0x41e7,0x41e7,0x41e7,0x41e7,0x41e7,0x41c7,0x41c7,0x39c7,0x39c7,0x39c6,0x39c7,0x39c6,0x39c6,0x39c7,
  0x39c6,0x39c6,0x39c6,0x39c6,0x39c6,0x39c6,0x41c6,0x41c7,0x41c7,0x41e7,0x41e7,0x41e7,0x41e7,0x41e7,0x41e7,0x41e7,0x4207,0x4207,0x41e7,0x41c7,
  0x39c6,0x39a6,0x39a6,0x3185,0x3165,0x2945,0x2924,0x2124,0x2103,0x18e3,0x18c3,0x18a2,0x10a2,0x10a2,0x1082,0x10a2,0x10a2,0x10a2,0x10a2,0x10a2,
  0x10a2,0x10a2,0x18c3,0x18c3,0x18c3,0x18c2,0x18a2,0x18c2,0x10a2,0x10a2,0x10a2,0x1082,0x1082,0x1082,0x1082,0x1082,0x1082,0x10a2,0x18c3,0x18e3,
  0x2104,0x2925,0x2945,0x3166,0x3186,0x31a6,0x39c7,0x39e7,0x41e8,0x4208,0x4208,0x4208,0x4208,0x4208,0x4208,0x4208,0x4208,0x4208,0x41e8,0x39e8,
  0x39e8,0x39e8,0x39e8,0x39e8,0x39c8,0x39c8,0x39c7,0x39c7,0x39c7,0x39c7,0x39c7,0x39c7,0x31a7,0x31a7,0x31a7,0x31a7,0x31a7,0x31a7,0x31a7,0x3186,
  0x3186,0x3186,0x3186,0x3166,0x2966,0x2966,0x2945,0x2945,0x2925,0x2125,0x2104,0x2104,0x18e4,0x18c3,0x18c3,0x10a2,0x1082,0x1082,0x0861,0x0841,
  0x0841,0x0841,0x0841,0x0841,0x0841,0x0861,0x0861,0x1082,0x1082,0x1082,0x1082,0x1082,0x1082,0x1082,0x1082,0x1082,0x1082,0x1082,0x1082,0x1082,
  0x1082,0x1082,0x1082,0x1082,0x1082,0x1082,0x1082,0x1082,0x1082,0x1082,0x1082,0x1082,0x1082,0x1082,0x1082,0x1082,0x1082,0x1061,0x0861,0x0861,
  0x1061,0x1082,0x1082,0x1081,0x1061,0x0861,0x0861,0x0861,0x1081,0x2103,0x3986,0x4a07,0x4a28,0x5248,0x62ca,0x6b0b,0x62a9,0x5268,0x4a27,0x41e7,
  0x4207,0x5228,0x5228,0x5248,0x5a68,0x5248,0x5248,0x5228,0x4a28,0x4a28,0x5269,0x5a68,0x41e7,0x39a6,0x41c6,0x41e7,0x4a28,0x5aaa,0x5269,0x41e7,
  0x4207,0x41e7,0x5269,0x528a,0x5249,0x41e7,0x41e7,0x4a08,0x5248,0x4a28,0x39c7,0x31a7,0x4a28,0x41e7,0x2145,0x3186,0x41e7,0x4a28,0x4207,0x41e7,
  0x4a49,0x4208,0x4208,0x4208,0x39c7,0x31a6,0x39c6,0x4a28,0x4208,0x31a6,0x39c7,0x39c7,0x5a89,0x83ad,0x62ea,0x4207,0x5a69,0x5269,0x4a48,0x5248,
  0x4a28,0x4a28,0x41e7,0x39e7,0x41e7,0x4a28,0x4a49,0x39c7,0x31a6,0x39c7,0x39c7,0x39c7,0x3186,0x2945,0x2944,0x3165,0x3185,0x39a6,0x39c7,0x41e7,
  0x41e7,0x41e7,0x41e7,0x41e7,0x41e7,0x41e7,0x41e7,0x41e7,0x41c7,0x39c7,0x39c6,0x39c6,0x39c6,0x39c7,0x39c7,0x39c6,0x39c6,0x39c6,0x39c6,0x39c6,
  0x39c6,0x39c6,0x39c6,0x39c6,0x39c6,0x39c6,0x39c6,0x39c6,0x39c6,0x39c6,0x41e7,0x41e7,0x41e7,0x41e7,0x41e7,0x41e7,0x41e7,0x41e7,0x41e7,0x41e7,
  0x41c7,0x41c6,0x39c6,0x39a6,0x3985,0x3165,0x2944,0x2924,0x2904,0x2103,0x20e3,0x18c3,0x18a2,0x10a2,0x1082,0x1082,0x1082,0x10a2,0x10a2,0x10a2,
  0x10a2,0x10a2,0x10a2,0x10a2,0x10a2,0x10a2,0x10a2,0x10a2,0x10a2,0x1082,0x1082,0x1082,0x1082,0x1082,0x1082,0x1082,0x10a2,0x18e3,0x2104,0x2124,
  0x2945,0x2965,0x3186,0x31a6,0x39c7,0x39c7,0x41e7,0x4208,0x4208,0x4228,0x4228,0x4228,0x4208,0x4208,0x4208,0x41e8,0x39e8,0x39e8,0x39e8,0x39e8,
  0x39c7,0x39c7,0x39c7,0x39c7,0x39c7,0x39c7,0x39c7,0x39c7,0x39c7,0x39c7,0x39c7,0x31a7,0x31a7,0x31a7,0x31a7,0x31a7,0x3186,0x3186,0x3186,0x3186,
  0x3186,0x3166,0x2966,0x2966,0x2966,0x2945,0x2945,0x2945,0x2925,0x2125,0x2125,0x2104,0x2104,0x18e4,0x18c3,0x18c3,0x10a2,0x1082,0x1082,0x0861,
  0x0861,0x0841,0x0841,0x0841,0x0841,0x0841,0x0861,0x0861,0x0861,0x1082,0x1082,0x1082,0x1082,0x1082,0x1081,0x1082,0x1082,0x1082,0x1082,0x1082,
  0x1082,0x1082,0x1082,0x1082,0x1082,0x1082,0x1082,0x1082,0x1082,0x1082,0x0861,0x0861,0x1082,0x1082,0x1082,0x1082,0x1082,0x1061,0x1061,0x1061,
  0x1062,0x1081,0x1061,0x0861,0x0861,0x0861,0x0841,0x1081,0x2103,0x3986,0x4a07,0x4a28,0x4a28,0x5269,0x62eb,0x6b0b,0x5aa9,0x5248,0x5248,0x5269,
  0x5248,0x4a07,0x4a07,0x5248,0x5248,0x5269,0x62a9,0x4a28,0x41c6,0x4a28,0x5a89,0x4a07,0x39c6,0x4207,0x5248,0x4a07,0x41e7,0x5248,0x5248,0x4a07,
  0x4207,0x5249,0x5a8a,0x41e8,0x31a6,0x41e7,0x31a6,0x39c7,0x5269,0x62aa,0x5aaa,0x4208,0x41e8,0x39a6,0x3186,0x2945,0x39c7,0x41e7,0x41e7,0x39a6,
  0x39c7,0x4208,0x4208,0x41e7,0x2966,0x31a6,0x31a6,0x41e7,0x3186,0x31a6,0x4208,0x31a7,0x39c7,0x4a49,0x5a89,0x5269,0x62a9,0x5249,0x39c7,0x41e7,
  0x5a69,0x5a89,0x4a28,0x41e7,0x5249,0x4a28,0x4207,0x39a7,0x39a6,0x4207,0x41e7,0x39c7,0x39c7,0x3186,0x3165,0x3185,0x39a6,0x39c6,0x41e7,0x41e7,
  0x41e7,0x41e7,0x41e7,0x41e7,0x41e7,0x41e7,0x41c7,0x41c7,0x41e7,0x41c7,0x39c7,0x39c6,0x39c6,0x39c6,0x39c6,0x39c6,0x39c6,0x39c6,0x39a6,0x39a6,
  0x39a6,0x39a6,0x39a6,0x39a6,0x39a6,0x39a6,0x39a6,0x39a6,0x39c6,0x39c6,0x39c6,0x41c6,0x41c7,0x41e7,0x41e7,0x41e7,0x41e7,0x41e7,0x41e7,0x41e7,
  0x41e7,0x41e6,0x41c6,0x39c6,0x39a6,0x3985,0x3165,0x2945,0x2944,0x2924,0x2103,0x20e3,0x18c3,0x18a2,0x10a2,0x10a2,0x1082,0x1082,0x1082,0x1082,
  0x1082,0x10a2,0x10a2,0x10a2,0x10a2,0x10a2,0x10a2,0x10a2,0x1082,0x1082,0x1082,0x1081,0x1081,0x1061,0x1082,0x10a2,0x18e3,0x2104,0x2944,0x2965,
  0x3186,0x31a6,0x39a7,0x39c7,0x41e7,0x4208,0x4208,0x4228,0x4228,0x4228,0x4228,0x4208,0x4208,0x4208,0x39e8,0x39e8,0x39e8,0x39e8,0x39c8,0x39c7,
  0x39c7,0x39c7,0x39c7,0x39c7,0x39c7,0x39c7,0x39c7,0x39c7,0x39c7,0x31c7,0x31a7,0x31a7,0x31a7,0x31a7,0x3186,0x3186,0x3186,0x3186,0x3186,0x3166,
  0x2966,0x2966,0x2966,0x2966,0x2946,0x2945,0x2945,0x2925,0x2125,0x2125,0x2124,0x2104,0x2104,0x2104,0x18e4,0x18e3,0x18c3,0x10a2,0x10a2,0x1082,
  0x0882,0x0861,0x0841,0x0841,0x0841,0x0841,0x0841,0x0861,0x0861,0x0861,0x1062,0x1082,0x1082,0x1061,0x1061,0x0881,0x1081,0x1081,0x1082,0x1082,
  0x1082,0x1082,0x1082,0x1082,0x1082,0x1082,0x1082,0x1082,0x1082,0x0861,0x0861,0x0861,0x0861,0x1061,0x1082,0x1082,0x1082,0x1082,0x1061,0x1061,
  0x0861,0x0861,0x0861,0x0861,0x0861,0x0841,0x0861,0x2103,0x3986,0x4a07,0x5228,0x4a28,0x4a28,0x5a89,0x62aa,0x5aa9,0x5269,0x5269,0x62ca,0x62ca,
  0x5248,0x4a08,0x5a69,0x5a89,0x5249,0x5a69,0x5248,0x4a27,0x5a89,0x6b2b,0x62a9,0x41c6,0x41e7,0x5a89,0x6289,0x41e6,0x4a07,0x5a68,0x5248,0x5268,
  0x4a28,0x39e7,0x4208,0x3186,0x31a6,0x39c7,0x41e7,0x4a28,0x4208,0x41e8,0x41e7,0x31a7,0x31a7,0x4208,0x5269,0x41e8,0x39c7,0x39c7,0x41e7,0x41c6,
  0x4a28,0x4a08,0x39c6,0x4a28,0x3186,0x31a7,0x39e8,0x4208,0x5269,0x5269,0x4a28,0x4208,0x4208,0x39c7,0x5a89,0x5a69,0x41e7,0x4a28,0x39e7,0x31a6,
  0x4a28,0x4a28,0x4a28,0x4208,0x5269,0x5249,0x4208,0x39c7,0x39c7,0x41e7,0x39c7,0x39c7,0x39e7,0x39a6,0x3186,0x39a6,0x39c6,0x41e7,0x41e7,0x41e7,
  0x41e7,0x41e7,0x41e7,0x41e7,0x41e7,0x41e7,0x41c7,0x41c7,0x41e7,0x39c7,0x39c7,0x39c7,0x39c6,0x39c6,0x39c6,0x39c6,0x39c6,0x39a6,0x39a6,0x39a6,
  0x39a6,0x39a6,0x39a6,0x39a6,0x39a6,0x39a6,0x39a6,0x39a6,0x39a6,0x39c6,0x39c6,0x39c6,0x41c6,0x41c6,0x41c6,0x41c6,0x41c6,0x41c6,0x41c6,0x41c6,
  0x41c6,0x41c6,0x41c6,0x41c6,0x39c6,0x39a6,0x3985,0x3165,0x3145,0x2944,0x2924,0x2103,0x20e3,0x18c3,0x18c2,0x10a2,0x1082,0x1082,0x1082,0x1082,
  0x1082,0x1082,0x1082,0x1082,0x1082,0x1082,0x1082,0x1082,0x1082,0x1082,0x1061,0x0861,0x0861,0x1082,0x10a2,0x18e3,0x2124,0x2945,0x3165,0x3186,
  0x39a6,0x39c7,0x39e7,0x4208,0x4208,0x4228,0x4a28,0x4228,0x4228,0x4208,0x4208,0x4208,0x4208,0x41e8,0x39e8,0x39e8,0x39c7,0x39c7,0x39c7,0x39c7,
  0x39c7,0x39c7,0x39c7,0x39c7,0x39c7,0x31c7,0x39c7,0x39c7,0x31c7,0x31a7,0x31a7,0x31a7,0x3187,0x3186,0x3186,0x3186,0x3186,0x2986,0x2966,0x2966,
  0x2966,0x2966,0x2966,0x2966,0x2945,0x2945,0x2945,0x2925,0x2125,0x2125,0x2104,0x2104,0x2104,0x2104,0x18e4,0x18e4,0x18e3,0x18c3,0x10a3,0x10a2,
  0x1082,0x1082,0x0862,0x0861,0x0841,0x0841,0x0841,0x0841,0x0841,0x0861,0x0861,0x0861,0x0861,0x0861,0x0861,0x0861,0x0861,0x1081,0x1081,0x1082,
  0x1082,0x1082,0x1082,0x1082,0x1082,0x1082,0x1082,0x1082,0x1082,0x1061,0x0861,0x0861,0x0861,0x0861,0x0861,0x1062,0x1082,0x1082,0x1081,0x1061,
  0x0861,0x0861,0x0861,0x0841,0x0841,0x0861,0x2103,0x3986,0x4a07,0x5248,0x5248,0x5248,0x5269,0x62a9,0x5a69,0x4a28,0x4a48,0x5a89,0x5a89,0x5248,
  0x4a28,0x5aaa,0x6b0b,0x5269,0x5248,0x5a89,0x4a07,0x5a89,0x732b,0x6aea,0x4a08,0x39c7,0x5269,0x6aea,0x5a68,0x4a07,0x4a07,0x41c7,0x4207,0x5248,
  0x4a69,0x39c7,0x2965,0x31a6,0x4208,0x4a29,0x5289,0x4208,0x39c7,0x39c7,0x39c7,0x39e7,0x31a7,0x39e8,0x4a49,0x62cb,0x4a49,0x2966,0x2125,0x2125,
  0x2965,0x2966,0x31a7,0x4208,0x41c7,0x39c7,0x39c7,0x39c7,0x5269,0x5269,0x5269,0x5269,0x41e8,0x39c7,0x62ca,0x5269,0x2945,0x41e7,0x6b0b,0x4a28,
  0x2965,0x31a6,0x4208,0x4a48,0x39c7,0x41e7,0x4208,0x4208,0x4208,0x4a28,0x39e7,0x39c7,0x39e7,0x39c7,0x39a6,0x39a6,0x39c7,0x41e7,0x41e7,0x41e7,
  0x4207,0x4207,0x4207,0x41e7,0x41e7,0x41e7,0x41e7,0x41e7,0x41c7,0x39c7,0x39c7,0x39c7,0x39c6,0x39c6,0x39c6,0x39a6,0x39a6,0x39a6,0x39a6,0x31a6,
  0x31a6,0x3186,0x3186,0x3186,0x3186,0x31a6,0x39a6,0x39a6,0x39a6,0x39a6,0x39a6,0x39a6,0x39c6,0x39c6,0x41c6,0x41c6,0x41c6,0x41c6,0x41c6,0x41c6,
  0x41c6,0x41c6,0x41c6,0x41c6,0x41a6,0x39a6,0x3985,0x3985,0x3165,0x3144,0x2924,0x2903,0x2103,0x20e3,0x18c3,0x18c2,0x10a2,0x1082,0x1082,0x1082,
  0x1081,0x1082,0x1082,0x1082,0x1082,0x1082,0x1082,0x1061,0x0861,0x0861,0x0861,0x0861,0x1061,0x18a2,0x18e3,0x2124,0x2945,0x3165,0x31a6,0x39a6,
  0x39c7,0x41e7,0x4208,0x4208,0x4228,0x4228,0x4228,0x4228,0x4228,0x4208,0x4208,0x41e8,0x39e8,0x39e7,0x39e7,0x39c7,0x39c7,0x39c7,0x39c7,0x39c7,
  0x31c7,0x31a7,0x31a7,0x31a7,0x31a7,0x31a7,0x31a7,0x31a7,0x31a7,0x31a7,0x31a7,0x31a7,0x3186,0x3186,0x3186,0x3186,0x2986,0x2966,0x2966,0x2966,
  0x2966,0x2966,0x2966,0x2945,0x2945,0x2945,0x2945,0x2125,0x2125,0x2124,0x2104,0x2104,0x2104,0x1904,0x18e4,0x18e3,0x18e3,0x18c3,0x18c3,0x10a3,
  0x10a2,0x1082,0x1082,0x0862,0x0861,0x0861,0x0861,0x0841,0x0841,0x0861,0x0861,0x0861,0x0861,0x0861,0x0861,0x0861,0x0861,0x0861,0x0861,0x0861,
  0x1061,0x1081,0x1081,0x1082,0x1082,0x1082,0x1082,0x1082,0x1082,0x1061,0x0861,0x0861,0x0861,0x0861,0x0861,0x1061,0x1081,0x1082,0x1081,0x1061,
  0x0861,0x0861,0x0841,0x0841,0x0861,0x20e3,0x3986,0x4a07,0x5228,0x5268,0x5a69,0x5268,0x62a9,0x62aa,0x5248,0x4a28,0x5a89,0x62a9,0x5228,0x5249,
  0x5a89,0x62ca,0x62ca,0x4a07,0x4a07,0x5228,0x41e7,0x5248,0x5248,0x4a08,0x4a28,0x5aaa,0x6b0b,0x62a9,0x49e6,0x41e7,0x41c7,0x2945,0x39c6,0x4a07,
  0x5aaa,0x5269,0x5228,0x4a07,0x4a49,0x5269,0x4229,0x4a49,0x39c8,0x4a28,0x5249,0x39c7,0x39e8,0x2986,0x31a7,0x4208,0x41e8,0x41e7,0x31a7,0x3186,
  0x2966,0x3166,0x31a6,0x2965,0x2945,0x4a07,0x41e7,0x39a6,0x4207,0x4208,0x4a07,0x4a48,0x4208,0x39e8,0x4a48,0x6aea,0x5248,0x41e7,0x5269,0x5269,
  0x3186,0x39c7,0x4208,0x5249,0x4207,0x41e7,0x39c7,0x4a08,0x5249,0x5269,0x4a28,0x39e7,0x4208,0x41e7,0x31a6,0x39a6,0x39c7,0x41e7,0x41e7,0x4207,
  0x4207,0x4207,0x4207,0x41e7,0x41e7,0x41e7,0x41e7,0x41e7,0x39c7,0x39c7,0x39c7,0x39c7,0x39a6,0x39c6,0x39a6,0x39a6,0x39a6,0x39a6,0x3186,0x3186,
  0x3186,0x3186,0x3186,0x3186,0x3186,0x3186,0x3186,0x39a6,0x39a6,0x39a6,0x39a6,0x39a6,0x39a6,0x39a6,0x39a6,0x39a6,0x39a6,0x39a6,0x39a6,0x39a6,
  0x39a6,0x39a6,0x39a6,0x39a6,0x39a6,0x39a5,0x3985,0x3985,0x3185,0x3165,0x3144,0x2924,0x2904,0x2103,0x20e3,0x18c3,0x18c2,0x10a2,0x1082,0x1082,
  0x0861,0x0861,0x0861,0x0861,0x0861,0x0861,0x0861,0x0861,0x0861,0x0861,0x0861,0x0861,0x10a2,0x20e3,0x2124,0x2945,0x3186,0x31a6,0x39c7,0x41e7,
  0x4208,0x4208,0x4228,0x4228,0x4228,0x4208,0x4208,0x4208,0x4208,0x4208,0x41e8,0x39e8,0x39e7,0x39e7,0x39c7,0x39c7,0x39c7,0x39c7,0x39a7,0x31a7,
  0x31a7,0x31a7,0x31a7,0x31a7,0x31a7,0x31a7,0x31a7,0x31a7,0x31a7,0x31a7,0x3187,0x3186,0x3186,0x3186,0x2986,0x2966,0x2966,0x2966,0x2966,0x2966,
  0x2966,0x2946,0x2945,0x2945,0x2945,0x2145,0x2125,0x2125,0x2125,0x2104,0x2104,0x2104,0x2104,0x18e4,0x18e4,0x18e3,0x18e3,0x18c3,0x18c3,0x18c3,
  0x10a3,0x10a2,0x10a2,0x1082,0x1082,0x0861,0x0861,0x0861,0x0841,0x0841,0x0861,0x0861,0x0861,0x0861,0x0861,0x0861,0x0861,0x0861,0x0861,0x0861,
  0x0861,0x0861,0x0861,0x0861,0x0861,0x1081,0x1082,0x1082,0x1082,0x1061,0x0861,0x0861,0x0861,0x0861,0x0861,0x0861,0x1061,0x1061,0x0861,0x0861,
  0x0861,0x0841,0x0841,0x0861,0x20e3,0x3986,0x4a07,0x5228,0x5268,0x5a89,0x5268,0x5248,0x5a89,0x5268,0x4a07,0x5248,0x5a89,0x5a68,0x5249,0x62aa,
  0x62a9,0x5a68,0x5a68,0x5a68,0x5a88,0x41c6,0x39a6,0x41e7,0x39c6,0x41e7,0x5269,0x62aa,0x5a68,0x49e6,0x49e7,0x41e7,0x41c6,0x41c6,0x41e7,0x4a07,
  0x528a,0x5269,0x5a8a,0x62eb,0x62ca,0x4a48,0x4229,0x31a7,0x31a7,0x31a7,0x31c7,0x39c7,0x39c7,0x41e8,0x4208,0x39e8,0x39e7,0x39e7,0x2965,0x2924,
  0x3186,0x4a08,0x4a28,0x41e7,0x39a6,0x3186,0x31a6,0x41e7,0x5248,0x5a89,0x3186,0x41c7,0x4208,0x39a7,0x2966,0x62ca,0x6aeb,0x41e7,0x5248,0x5aaa,
  0x4a49,0x4a28,0x3186,0x31a6,0x39a7,0x39a6,0x39c7,0x41e7,0x4208,0x41e7,0x4208,0x39c7,0x4207,0x4207,0x31a6,0x3186,0x39a6,0x41e7,0x41e7,0x41e7,
  0x4207,0x4207,0x4207,0x41e7,0x41e7,0x41e7,0x41e7,0x39c7,0x39c7,0x39c7,0x39c6,0x39a6,0x39a6,0x39a6,0x39a6,0x39a6,0x31a6,0x3186,0x3186,0x3186,
  0x3186,0x3186,0x3186,0x3186,0x3186,0x3186,0x3186,0x3186,0x3186,0x39a6,0x39a6,0x39a6,0x39a6,0x39a6,0x39a6,0x39a6,0x39a6,0x39a6,0x39a6,0x39a6,
  0x39a6,0x39a5,0x39a5,0x39a5,0x3985,0x3985,0x3985,0x3965,0x3985,0x3165,0x3144,0x3144,0x2924,0x2103,0x20e3,0x20c3,0x18c2,0x18a2,0x1082,0x1082,
  0x0861,0x0861,0x0861,0x0861,0x0861,0x0861,0x0861,0x0861,0x0841,0x0841,0x0861,0x10a2,0x18e3,0x2124,0x2945,0x3185,0x39a6,0x39c7,0x41e7,0x4208,
  0x4a28,0x4a28,0x4228,0x4a28,0x4228,0x4208,0x4208,0x4208,0x4208,0x4208,0x41e8,0x39e7,0x39e7,0x39c7,0x39c7,0x39c7,0x39c7,0x31a7,0x31a7,0x31a7,
  0x31a7,0x31a7,0x31a7,0x3187,0x3186,0x3187,0x3186,0x3186,0x3186,0x3186,0x3186,0x3186,0x3186,0x2986,0x2966,0x2966,0x2966,0x2966,0x2966,0x2966,
  0x2966,0x2945,0x2945,0x2945,0x2125,0x2125,0x2125,0x2125,0x2125,0x2104,0x2104,0x2104,0x20e4,0x18e4,0x18e3,0x18e3,0x18c3,0x18c3,0x18c3,0x18c3,
  0x10a3,0x10a3,0x10a2,0x1082,0x1082,0x1082,0x0861,0x0861,0x0861,0x0861,0x0861,0x0841,0x0861,0x0861,0x0861,0x0861,0x0861,0x0861,0x0861,0x0861,
  0x0861,0x0861,0x0861,0x0861,0x0861,0x0861,0x0861,0x1061,0x1061,0x0861,0x0861,0x0861,0x0861,0x0861,0x0861,0x0861,0x0861,0x0861,0x0861,0x0861,
  0x0861,0x0841,0x0841,0x18e3,0x39a6,0x4a07,0x4a28,0x5248,0x5a89,0x5a69,0x5228,0x5248,0x5268,0x4a07,0x49e7,0x4a07,0x4a27,0x4a28,0x4a28,0x5248,
  0x5228,0x5227,0x5248,0x5248,0x41e6,0x2945,0x41e7,0x4208,0x41e7,0x4a08,0x4a28,0x4a07,0x41e7,0x4a07,0x4a27,0x41c7,0x41e7,0x5269,0x41e7,0x39a6,
  0x39e7,0x31a7,0x3186,0x5aaa,0x5269,0x41c7,0x4a28,0x4208,0x39e8,0x39e8,0x4229,0x4a6a,0x31a7,0x39e8,0x528a,0x4a29,0x4a28,0x2965,0x10a2,0x10a2,
  0x39c7,0x62ca,0x5268,0x5248,0x5248,0x4208,0x31a6,0x2945,0x3186,0x41e7,0x41c6,0x3165,0x2966,0x41e7,0x39e7,0x31a7,0x41e7,0x4a07,0x4a28,0x4a28,
  0x4a28,0x5289,0x4208,0x2966,0x2965,0x31a6,0x4208,0x39a7,0x31a6,0x31a6,0x39a6,0x39c6,0x39c7,0x41e7,0x3186,0x2966,0x3186,0x39c7,0x41e7,0x41e7,
  0x41e7,0x41e7,0x41e7,0x41e7,0x41e7,0x41e7,0x39e7,0x39c7,0x39c7,0x39c7,0x39a6,0x39a6,0x39a6,0x39a6,0x39a6,0x3186,0x3186,0x3186,0x3186,0x3186,
  0x3186,0x3186,0x3186,0x3185,0x3185,0x3185,0x3186,0x3186,0x3186,0x3986,0x39a6,0x3986,0x3986,0x3986,0x39a6,0x39a6,0x39a6,0x3985,0x3985,0x3986,
  0x3985,0x39a5,0x3985,0x3985,0x3985,0x3985,0x3965,0x3165,0x3165,0x3164,0x3164,0x3144,0x2944,0x2924,0x2103,0x20e3,0x18c3,0x18c2,0x10a2,0x1082,
  0x1061,0x0861,0x0841,0x0841,0x0841,0x0841,0x0841,0x0841,0x0841,0x0861,0x1082,0x18c3,0x2104,0x2945,0x3165,0x31a6,0x39c7,0x41e7,0x4208,0x4a28,
  0x4a28,0x4228,0x4228,0x4228,0x4208,0x4208,0x4208,0x4208,0x4208,0x41e8,0x41e8,0x39e7,0x39c7,0x39c7,0x39c7,0x39a7,0x31a7,0x31a7,0x31a7,0x31a7,
  0x3186,0x3186,0x3186,0x3186,0x3186,0x3186,0x3186,0x3186,0x3186,0x3186,0x3186,0x2986,0x2966,0x2966,0x2966,0x2966,0x2966,0x2966,0x2966,0x2945,
  0x2945,0x2945,0x2945,0x2125,0x2125,0x2125,0x2125,0x2125,0x2104,0x2104,0x2104,0x2104,0x2104,0x18e4,0x18e3,0x18c3,0x18c3,0x18c3,0x18c3,0x10a3,
  0x10a3,0x10a2,0x10a2,0x10a2,0x1082,0x1082,0x1082,0x0862,0x0861,0x0861,0x0861,0x0861,0x0861,0x0861,0x0861,0x0861,0x0861,0x0861,0x0861,0x0861,
  0x0861,0x0861,0x0861,0x0861,0x0861,0x0861,0x0861,0x0861,0x0861,0x0861,0x0861,0x0861,0x0861,0x0841,0x0861,0x0861,0x0841,0x0861,0x0841,0x0841,
  0x0841,0x0841,0x18a2,0x3185,0x4a07,0x5228,0x5248,0x5aa9,0x5a89,0x5228,0x5248,0x6aca,0x62c9,0x5248,0x4a07,0x4a27,0x5a89,0x62a9,0x4a28,0x41e7,
  0x4a07,0x5228,0x4a28,0x4a27,0x4a28,0x5a89,0x5269,0x4208,0x4207,0x4a07,0x41c6,0x4207,0x4a08,0x4a07,0x41c6,0x39a6,0x5269,0x730b,0x5248,0x41c7,
  0x2966,0x3186,0x5248,0x5a69,0x5269,0x5a89,0x62ca,0x62ca,0x4a48,0x4a49,0x39c7,0x39e8,0x39e8,0x31a7,0x31a7,0x3186,0x4a28,0x4a28,0x39c7,0x31a6,
  0x39a7,0x4208,0x4208,0x4a28,0x4a28,0x4a28,0x41e7,0x39c7,0x39c7,0x39c7,0x3186,0x3186,0x18e4,0x3186,0x31a6,0x31a6,0x4a28,0x4a28,0x5227,0x4a07,
  0x3186,0x41e7,0x4a08,0x41e7,0x3186,0x39a7,0x4207,0x3186,0x2965,0x3186,0x39a6,0x39c7,0x39c7,0x39c7,0x3186,0x3166,0x3186,0x31a6,0x39c7,0x41e7,
  0x41e7,0x41e7,0x41e7,0x41e7,0x41e7,0x39e7,0x39c7,0x39c7,0x39c7,0x39a6,0x39a6,0x39a6,0x31a6,0x3186,0x3186,0x3186,0x3186,0x3186,0x3186,0x3186,
  0x3186,0x3166,0x3165,0x3185,0x3165,0x3165,0x3185,0x3185,0x3185,0x3186,0x3186,0x3986,0x3985,0x3985,0x3985,0x3985,0x3985,0x3985,0x3985,0x3985,
  0x3985,0x3985,0x3985,0x3985,0x3165,0x3165,0x3165,0x3165,0x3164,0x3164,0x3144,0x3144,0x3144,0x2924,0x2924,0x2103,0x20e3,0x18c2,0x18a2,0x10a2,
  0x1082,0x0861,0x0841,0x0841,0x0841,0x0841,0x0841,0x0841,0x0841,0x1082,0x18c3,0x2104,0x2924,0x2965,0x3186,0x39c7,0x39e7,0x4208,0x4208,0x4228,
  0x4a28,0x4228,0x4208,0x4208,0x4208,0x4208,0x4208,0x41e8,0x41e8,0x41e8,0x39e8,0x39c7,0x39c7,0x39c7,0x39a7,0x31a7,0x31a7,0x31a7,0x31a7,0x3186,
  0x3186,0x3186,0x3186,0x2986,0x2986,0x2966,0x2966,0x2966,0x2966,0x2966,0x2966,0x2966,0x2966,0x2966,0x2966,0x2966,0x2966,0x2946,0x2945,0x2945,
  0x2945,0x2945,0x2145,0x2125,0x2125,0x2125,0x2124,0x2124,0x2104,0x2104,0x2104,0x2104,0x18e4,0x18e4,0x18e3,0x18c3,0x18c3,0x18c3,0x10a3,0x10a2,
  0x10a2,0x10a2,0x10a2,0x10a2,0x1082,0x1082,0x1082,0x1082,0x0862,0x0861,0x0861,0x0861,0x0861,0x0841,0x0841,0x0861,0x0861,0x0861,0x0861,0x0861,
  0x0861,0x0861,0x0861,0x0861,0x0861,0x0861,0x0861,0x0861,0x0861,0x0861,0x0861,0x0861,0x0841,0x0841,0x0841,0x0841,0x0841,0x0841,0x0841,0x0841,
  0x0841,0x1082,0x3165,0x4a07,0x4a28,0x5248,0x5aaa,0x62ca,0x5a89,0x4a28,0x5a89,0x734c,0x734c,0x5a89,0x5228,0x62aa,0x6aea,0x5a89,0x4a28,0x4207,
  0x39a6,0x41c6,0x5248,0x5a68,0x6aeb,0x732c,0x4a28,0x39a6,0x39a6,0x41c6,0x39c6,0x39a6,0x3165,0x39a6,0x41e7,0x39c6,0x5a89,0x5228,0x39c6,0x41c6,
  0x3186,0x5269,0x5a89,0x4a07,0x41e7,0x4a07,0x39a6,0x5227,0x5248,0x4a49,0x4208,0x4a49,0x526a,0x4208,0x39c7,0x2965,0x2945,0x4208,0x5aaa,0x528a,
  0x528a,0x39c7,0x2125,0x39c7,0x41e8,0x39c7,0x39a7,0x39a6,0x31a6,0x3186,0x2124,0x2945,0x2945,0x4207,0x5269,0x4a07,0x5248,0x3165,0x41e7,0x5a68,
  0x5227,0x2944,0x3186,0x4a28,0x5249,0x4208,0x4207,0x41e7,0x2966,0x3186,0x39a6,0x39c7,0x39c7,0x41e7,0x31a6,0x3166,0x39a6,0x39a6,0x39a6,0x39c7,
  0x39c7,0x39c7,0x41e7,0x39c7,0x39c7,0x39c7,0x39c7,0x39a7,0x39a6,0x39a6,0x39a6,0x31a6,0x3186,0x3186,0x3186,0x3186,0x3165,0x3165,0x3166,0x3166,
  0x3165,0x3165,0x3165,0x3165,0x3165,0x3165,0x3165,0x3165,0x3185,0x3185,0x3186,0x3185,0x3185,0x3185,0x3185,0x3985,0x3185,0x3185,0x3185,0x3985,
  0x3985,0x3165,0x3165,0x3165,0x3165,0x3165,0x3144,0x3144,0x3144,0x3144,0x3144,0x3144,0x3144,0x2924,0x2924,0x2903,0x20e3,0x20c3,0x18c2,0x10a2,
  0x1082,0x1061,0x0841,0x0841,0x0841,0x0840,0x0820,0x0841,0x0861,0x10a2,0x18e3,0x2124,0x2945,0x3186,0x39a6,0x39e7,0x41e8,0x4208,0x4208,0x4208,
  0x4208,0x4208,0x4208,0x4208,0x4208,0x41e8,0x41e8,0x39e7,0x39e7,0x39e7,0x39c7,0x39c7,0x39a7,0x31a7,0x31a7,0x31a7,0x3186,0x3186,0x3186,0x3186,
  0x3186,0x2986,0x2966,0x2966,0x2966,0x2966,0x2966,0x2966,0x2966,0x2946,0x2946,0x2966,0x2946,0x2946,0x2966,0x2946,0x2945,0x2945,0x2945,0x2945,
  0x2945,0x2145,0x2125,0x2125,0x2125,0x2125,0x2125,0x2104,0x2104,0x2104,0x2104,0x18e4,0x18e4,0x18e3,0x18c3,0x18c3,0x18c3,0x10a3,0x10a3,0x10a2,
  0x10a2,0x10a2,0x10a2,0x1082,0x1082,0x1082,0x1082,0x1082,0x0882,0x0862,0x0861,0x0861,0x0861,0x0841,0x0841,0x0841,0x0841,0x0861,0x0861,0x0861,
  0x0861,0x0861,0x0861,0x0861,0x0861,0x0861,0x0861,0x0861,0x0861,0x0861,0x0861,0x0841,0x0841,0x0841,0x0841,0x0841,0x0841,0x0841,0x0841,0x0841,
  0x0861,0x2924,0x41e7,0x4a28,0x5248,0x5a89,0x62ca,0x62a9,0x5248,0x4a28,0x62ca,0x7b6c,0x6b2b,0x5269,0x5269,0x62ca,0x5248,0x41e7,0x4a07,0x41c7,
  0x3165,0x41c6,0x6288,0x5a48,0x4a27,0x4a28,0x39c6,0x41c6,0x5207,0x4a28,0x41c7,0x41c7,0x39a6,0x39c6,0x39c6,0x3186,0x39a6,0x41e7,0x41e7,0x39a6,
  0x4a49,0x4a28,0x4208,0x4a28,0x5a68,0x41c6,0x41e7,0x4a07,0x2945,0x39c7,0x5269,0x62cb,0x528a,0x4a49,0x4228,0x3186,0x39a7,0x39e8,0x31a7,0x4208,
  0x4208,0x4208,0x41e7,0x3186,0x39e7,0x39c7,0x2965,0x1082,0x18e3,0x2924,0x2945,0x2945,0x3166,0x4a07,0x5a88,0x39a6,0x2924,0x2925,0x3186,0x4a28,
  0x5a68,0x41c7,0x2965,0x3186,0x5248,0x4a28,0x41e7,0x4a08,0x3186,0x3186,0x39c7,0x39e7,0x39c7,0x4a07,0x39a6,0x2945,0x3186,0x39a6,0x3186,0x39a6,
  0x39c7,0x39c7,0x39c7,0x39c7,0x39c7,0x39c7,0x39c6,0x39a6,0x39a6,0x31a6,0x3186,0x3186,0x3186,0x3186,0x3185,0x3166,0x3165,0x3165,0x3165,0x3165,
  0x3165,0x3165,0x3165,0x3165,0x3165,0x3165,0x3165,0x3165,0x3165,0x3165,0x3185,0x3185,0x3185,0x3185,0x3185,0x3165,0x3185,0x3185,0x3165,0x3165,
  0x3165,0x3165,0x3165,0x3165,0x3144,0x3144,0x3144,0x3144,0x3144,0x3144,0x3144,0x2944,0x2924,0x2924,0x2924,0x2924,0x2103,0x20e3,0x18c3,0x18a2,
  0x10a2,0x1081,0x0861,0x0841,0x0841,0x0020,0x0020,0x0841,0x1082,0x18c3,0x2104,0x2945,0x3185,0x39a6,0x39c7,0x41e7,0x4208,0x4208,0x4208,0x4208,
  0x4208,0x4208,0x4208,0x4208,0x41e8,0x41e8,0x39e7,0x39c7,0x39e7,0x39c7,0x39c7,0x39c7,0x31a7,0x31a7,0x3186,0x3186,0x3186,0x3186,0x3186,0x2986,
  0x2966,0x2966,0x2966,0x2966,0x2966,0x2966,0x2966,0x2946,0x2946,0x2946,0x2946,0x2945,0x2946,0x2945,0x2945,0x2945,0x2945,0x2945,0x2145,0x2145,
  0x2125,0x2125,0x2125,0x2125,0x2125,0x2125,0x2104,0x2104,0x2104,0x1904,0x18e4,0x18e4,0x18e4,0x18e3,0x18c3,0x18c3,0x18c3,0x10a3,0x10a2,0x10a2,
  0x10a2,0x10a2,0x1082,0x1082,0x1082,0x1082,0x1082,0x1082,0x1082,0x0862,0x0861,0x0861,0x0861,0x0861,0x0841,0x0841,0x0841,0x0841,0x0841,0x0841,
  0x0861,0x0861,0x0861,0x0861,0x0861,0x0861,0x0861,0x0861,0x0861,0x0861,0x0841,0x0841,0x0841,0x0841,0x0841,0x0841,0x0841,0x0841,0x0841,0x0841,
  0x20e3,0x41c6,0x4a28,0x4a28,0x5a89,0x62ca,0x5a89,0x5248,0x4207,0x4a28,0x62aa,0x5a89,0x5269,0x5248,0x5269,0x5268,0x4a07,0x4a27,0x41c6,0x3165,
  0x41c6,0x5a68,0x5a68,0x49e7,0x4a07,0x5248,0x4a07,0x4a06,0x5a48,0x5269,0x41e7,0x4a08,0x4a28,0x5228,0x49e7,0x39a6,0x3165,0x41e7,0x41e7,0x49e7,
  0x4a49,0x4a49,0x4208,0x2966,0x5207,0x5248,0x6b2c,0x5a8a,0x39e7,0x2966,0x39c7,0x5aeb,0x39e8,0x4a48,0x62eb,0x4208,0x4a49,0x4a28,0x4207,0x4208,
  0x31a7,0x4a49,0x5269,0x4228,0x4208,0x3186,0x2945,0x2925,0x41e7,0x2925,0x2945,0x39a7,0x3186,0x4207,0x5a68,0x41e6,0x18c2,0x0841,0x18e4,0x41e7,
  0x5248,0x5a89,0x4207,0x41c6,0x5a48,0x41e7,0x2965,0x3185,0x2965,0x3186,0x4208,0x4207,0x39c6,0x4a08,0x41c7,0x2965,0x3186,0x31a6,0x3186,0x3186,
  0x39a6,0x39c6,0x39c6,0x39a6,0x39a6,0x39a6,0x39a6,0x39a6,0x39a6,0x31a6,0x3186,0x3186,0x3186,0x3186,0x3165,0x3165,0x3165,0x3165,0x3165,0x3165,
  0x3165,0x2965,0x3165,0x3165,0x3165,0x3165,0x3165,0x3165,0x3165,0x3165,0x3165,0x3165,0x3165,0x3185,0x3165,0x3165,0x3165,0x3165,0x3165,0x3165,
  0x3165,0x3165,0x3165,0x3144,0x3144,0x3144,0x2944,0x2944,0x2944,0x2924,0x2924,0x2924,0x2924,0x2924,0x2924,0x2903,0x2103,0x20e3,0x18c3,0x18c2,
  0x10a2,0x1081,0x0861,0x0841,0x0841,0x0020,0x0020,0x1061,0x18c3,0x2104,0x2924,0x3165,0x31a6,0x39c7,0x39e7,0x41e7,0x41e7,0x41e7,0x41e8,0x41e8,
  0x4208,0x4208,0x41e8,0x41e7,0x41e7,0x39e7,0x39c7,0x39c7,0x39c7,0x39c7,0x39c7,0x31a7,0x31a7,0x3187,0x3186,0x3186,0x3186,0x3166,0x2966,0x2966,
  0x2966,0x2966,0x2966,0x2966,0x2966,0x2946,0x2946,0x2946,0x2946,0x2946,0x2946,0x2946,0x2945,0x2145,0x2145,0x2145,0x2145,0x2145,0x2125,0x2125,
  0x2125,0x2125,0x2125,0x2125,0x2125,0x2125,0x2104,0x2104,0x2104,0x18e4,0x18e4,0x18e4,0x18e3,0x18c3,0x18c3,0x18c3,0x18c3,0x10a3,0x10a3,0x10a2,
  0x10a2,0x1082,0x1082,0x1082,0x1082,0x1082,0x1082,0x1082,0x1082,0x0862,0x0862,0x0861,0x0861,0x0861,0x0841,0x0841,0x0841,0x0841,0x0841,0x0841,
  0x0841,0x0841,0x0841,0x0861,0x0861,0x0861,0x0861,0x0861,0x0861,0x0861,0x0841,0x0841,0x0841,0x0841,0x0841,0x0841,0x0841,0x0841,0x0020,0x1082,
  0x3165,0x4a07,0x4a28,0x5269,0x62ca,0x62a9,0x5228,0x4a07,0x5248,0x62ea,0x62ca,0x4a28,0x4a07,0x4a28,0x5a89,0x5a89,0x5a89,0x5a68,0x41c6,0x41e7,
  0x5a89,0x5248,0x4a07,0x39c6,0x41c7,0x4a28,0x5a89,0x6288,0x5a88,0x4a28,0x39a6,0x4a28,0x5248,0x49e6,0x39a5,0x3186,0x3186,0x39a6,0x49e7,0x41c6,
  0x5269,0x4a69,0x4a49,0x4a49,0x4a49,0x41e7,0x3186,0x41e8,0x31a7,0x31a7,0x31a7,0x31a6,0x2986,0x4208,0x4a28,0x39c7,0x41e7,0x41e7,0x4a08,0x4a49,
  0x39e7,0x39c7,0x39e8,0x4208,0x4208,0x3166,0x2966,0x3186,0x39e8,0x31a6,0x3186,0x3186,0x4a28,0x39a6,0x3186,0x41e6,0x41c6,0x18c3,0x3186,0x4207,
  0x2925,0x39c7,0x4a28,0x5248,0x5227,0x4a07,0x3186,0x3165,0x2124,0x3186,0x41e7,0x41e7,0x39c7,0x41e7,0x41e7,0x39a6,0x39a6,0x39a6,0x3186,0x3166,
  0x3186,0x39a6,0x39a6,0x39a6,0x39a6,0x39a6,0x39a6,0x39a6,0x39a6,0x3186,0x3186,0x3186,0x3186,0x3165,0x3165,0x3165,0x3165,0x3165,0x2965,0x2965,
  0x3165,0x2965,0x2965,0x2965,0x2965,0x2965,0x2965,0x2965,0x3165,0x3165,0x3165,0x3165,0x3165,0x3165,0x3165,0x3165,0x3165,0x3165,0x3165,0x3165,
  0x3165,0x3165,0x3144,0x2944,0x2944,0x2944,0x2924,0x2944,0x2924,0x2924,0x2924,0x2924,0x2924,0x2924,0x2904,0x2903,0x2103,0x2103,0x20e3,0x18c3,
  0x18a2,0x1082,0x1061,0x0861,0x0841,0x0020,0x0841,0x10a2,0x18e3,0x2124,0x2945,0x3186,0x39a7,0x39c7,0x41e7,0x41e7,0x41e7,0x41e7,0x41e7,0x41e7,
  0x39e7,0x39e7,0x39e7,0x39e7,0x39e7,0x39c7,0x39c7,0x39c7,0x39c7,0x39c7,0x39a7,0x31a7,0x31a7,0x3186,0x3186,0x3186,0x2966,0x2966,0x2966,0x2966,
  0x2966,0x2966,0x2966,0x2966,0x2946,0x2946,0x2946,0x2945,0x2946,0x2946,0x2945,0x2945,0x2145,0x2145,0x2125,0x2125,0x2125,0x2125,0x2125,0x2125,
  0x2125,0x2125,0x2125,0x2125,0x2125,0x2124,0x2104,0x2104,0x18e4,0x18e4,0x18e4,0x18e4,0x18e3,0x18c3,0x18c3,0x18c3,0x10c3,0x10a3,0x10a3,0x10a2,
  0x1082,0x1082,0x1082,0x1082,0x1082,0x1082,0x1082,0x1082,0x1062,0x1062,0x0862,0x0861,0x0861,0x0861,0x0841,0x0841,0x0841,0x0841,0x0841,0x0841,
  0x0841,0x0841,0x0841,0x0841,0x0841,0x0841,0x0841,0x0861,0x0861,0x0841,0x0841,0x0841,0x0841,0x0841,0x0841,0x0841,0x0841,0x0020,0x0861,0x2124,
  0x41c6,0x4a28,0x5248,0x5a89,0x62a9,0x5248,0x41c6,0x4a07,0x62c9,0x732b,0x62ca,0x5268,0x5268,0x5248,0x5269,0x5289,0x62ca,0x6b0b,0x5aaa,0x4a28,
  0x5269,0x4a28,0x4a28,0x39c7,0x3165,0x39a6,0x5248,0x5227,0x41a6,0x39a6,0x39a6,0x5227,0x49e6,0x41c6,0x39c6,0x39c6,0x4207,0x3186,0x3145,0x3165,
  0x528a,0x4228,0x4228,0x4a49,0x39c7,0x31c7,0x41e8,0x3186,0x2125,0x31a6,0x3186,0x3166,0x2945,0x4a28,0x5a89,0x4a49,0x4a28,0x3186,0x2966,0x41e7,
  0x4a28,0x39c7,0x2966,0x31a7,0x62eb,0x4a08,0x39c7,0x4a49,0x39c7,0x3186,0x31a6,0x4208,0x5269,0x39a6,0x2945,0x2924,0x39a6,0x41c7,0x41e7,0x41e7,
  0x2965,0x2945,0x3186,0x41e7,0x41c6,0x41c6,0x3165,0x4207,0x4a08,0x2925,0x2945,0x41e7,0x4208,0x31a6,0x3165,0x3186,0x39c6,0x41e7,0x3186,0x2965,
  0x3166,0x3186,0x39a6,0x39a6,0x39a6,0x39a6,0x39a6,0x39a6,0x3186,0x3186,0x3186,0x3185,0x3165,0x3165,0x3165,0x2965,0x2965,0x2965,0x2965,0x2965,
  0x2965,0x2965,0x2945,0x2945,0x2945,0x2945,0x2945,0x2945,0x2945,0x3165,0x3165,0x3165,0x3165,0x3165,0x3165,0x3165,0x3165,0x3165,0x3165,0x3165,
  0x3165,0x3144,0x2944,0x2944,0x2924,0x2924,0x2924,0x2924,0x2924,0x2924,0x2924,0x2924,0x2924,0x2904,0x2103,0x2103,0x2103,0x2103,0x20e3,0x18c3,
  0x18a2,0x10a2,0x1081,0x0861,0x0841,0x0841,0x1082,0x18c3,0x2104,0x2945,0x3165,0x3186,0x39c7,0x39e7,0x39e7,0x41e7,0x39e7,0x39e7,0x39c7,0x39c7,
  0x39e7,0x39e7,0x39e7,0x39c7,0x39c7,0x39c7,0x39c7,0x39c7,0x39c7,0x39a7,0x31a7,0x31a7,0x31a6,0x3186,0x3186,0x2966,0x2966,0x2966,0x2966,0x2966,
  0x2966,0x2966,0x2966,0x2946,0x2945,0x2946,0x2945,0x2946,0x2945,0x2946,0x2945,0x2945,0x2145,0x2125,0x2125,0x2125,0x2125,0x2125,0x2125,0x2125,
  0x2125,0x2125,0x2125,0x2125,0x2125,0x2104,0x2104,0x1904,0x18e4,0x18e4,0x18e4,0x18e4,0x18e3,0x18c3,0x18c3,0x18c3,0x18c3,0x10a3,0x10a3,0x10a2,
  0x10a2,0x1082,0x1082,0x1082,0x1082,0x1082,0x1082,0x1082,0x0882,0x1062,0x0862,0x0861,0x0861,0x0861,0x0841,0x0841,0x0841,0x0841,0x0841,0x0841,
  0x0820,0x0020,0x0020,0x0040,0x0841,0x0841,0x0841,0x0841,0x0841,0x0841,0x0841,0x0841,0x0841,0x0841,0x0841,0x0840,0x0840,0x0841,0x18c3,0x3986,
  0x4a28,0x5248,0x5268,0x5a69,0x5248,0x41e7,0x39a6,0x5228,0x5a89,0x5a69,0x5a89,0x62a9,0x5a89,0x4a28,0x4a48,0x4a07,0x5268,0x6b0b,0x5aaa,0x4a27,
  0x4a07,0x3186,0x39a6,0x3186,0x3185,0x41e7,0x5a89,0x5248,0x3986,0x4a07,0x62ca,0x5a48,0x5206,0x49e7,0x41c6,0x39a6,0x41c6,0x3165,0x2924,0x2944,
  0x31a7,0x3186,0x2966,0x31a7,0x39c7,0x39c8,0x3a08,0x39e8,0x2125,0x3186,0x18e3,0x3186,0x39c7,0x4208,0x4a48,0x41e7,0x39a7,0x39e7,0x39e7,0x39c7,
  0x41e7,0x39c7,0x39a7,0x5289,0x4207,0x31a6,0x4208,0x5aaa,0x4a29,0x4208,0x41e7,0x4208,0x39e7,0x31a7,0x3166,0x3186,0x3186,0x39c6,0x2965,0x2945,
  0x2965,0x2945,0x2965,0x3186,0x2945,0x3985,0x39a6,0x4a27,0x4a07,0x2124,0x18e4,0x39a6,0x3186,0x2965,0x2945,0x2945,0x31a6,0x41e7,0x39a6,0x3166,
  0x3166,0x3186,0x3186,0x31a6,0x31a6,0x39a6,0x31a6,0x3186,0x3186,0x3186,0x3186,0x3165,0x3165,0x3165,0x3165,0x2965,0x2965,0x2965,0x2965,0x2965,
  0x2965,0x2965,0x2945,0x2945,0x2945,0x2945,0x2945,0x2945,0x2945,0x2945,0x3165,0x3165,0x3165,0x3165,0x3165,0x3165,0x3165,0x3165,0x3145,0x3144,
  0x3144,0x2944,0x2944,0x2924,0x2924,0x2924,0x2924,0x2924,0x2924,0x2924,0x2924,0x2924,0x2904,0x2103,0x2103,0x2103,0x20e3,0x20e3,0x20e3,0x18e3,
  0x18c2,0x18a2,0x1082,0x1061,0x0861,0x1082,0x10a2,0x18e3,0x2124,0x2945,0x3186,0x39a6,0x39c7,0x39c7,0x39e7,0x39e7,0x39e7,0x39e7,0x39c7,0x39c7,
  0x39c7,0x39c7,0x39c7,0x39c7,0x39c7,0x39c7,0x39c7,0x39a7,0x39a7,0x31a7,0x31a7,0x31a6,0x3186,0x3186,0x3186,0x2966,0x2966,0x2966,0x2966,0x2966,
  0x2966,0x2966,0x2966,0x2966,0x2946,0x2946,0x2945,0x2946,0x2945,0x2945,0x2145,0x2945,0x2145,0x2125,0x2125,0x2125,0x2125,0x2125,0x2125,0x2125,
  0x2125,0x2125,0x2125,0x2125,0x2125,0x2104,0x2104,0x2104,0x18e4,0x18e4,0x18e4,0x18e4,0x18c3,0x18c3,0x18c3,0x18c3,0x18c3,0x10a3,0x10a3,0x10a3,
  0x10a2,0x1082,0x1082,0x1082,0x1082,0x1082,0x0862,0x0862,0x0862,0x0862,0x0862,0x0861,0x0861,0x0861,0x0841,0x0841,0x0841,0x0841,0x0841,0x0820,
  0x0020,0x0020,0x0020,0x0020,0x0020,0x0020,0x0820,0x0841,0x0841,0x0841,0x0841,0x0841,0x0841,0x0841,0x0841,0x0841,0x0020,0x1081,0x3165,0x4a07,
  0x5a69,0x5a89,0x5248,0x4a28,0x4a28,0x41e7,0x4a28,0x5a69,0x5248,0x5248,0x62ca,0x62aa,0x4a28,0x5248,0x5248,0x41e7,0x4a28,0x5249,0x5248,0x5a48,
  0x5227,0x39a6,0x39a6,0x4a07,0x5228,0x5269,0x5227,0x3145,0x3185,0x4a07,0x5227,0x49e6,0x41c6,0x4a07,0x41a6,0x39a6,0x39a6,0x2945,0x20e3,0x3165,
  0x39c7,0x31a7,0x31a7,0x2966,0x39c7,0x31a7,0x31a7,0x39e7,0x4229,0x39c7,0x31a7,0x39c7,0x39c7,0x5269,0x3986,0x39c7,0x41e7,0x39a7,0x4208,0x31a6,
  0x2945,0x2125,0x39a7,0x4a49,0x2965,0x3186,0x41e7,0x31a6,0x2104,0x39c6,0x41e7,0x31a7,0x2966,0x2145,0x31a6,0x4a28,0x4a08,0x4a28,0x41e7,0x3186,
  0x31a6,0x39a6,0x41e7,0x2125,0x18c3,0x2945,0x3186,0x3985,0x39a6,0x3165,0x2965,0x39a7,0x2925,0x2945,0x2925,0x2945,0x3185,0x39a6,0x3186,0x3186,
  0x2965,0x2945,0x3165,0x3186,0x3186,0x3186,0x3186,0x3186,0x3186,0x3186,0x3165,0x3165,0x2965,0x2965,0x2965,0x2965,0x2965,0x2965,0x2965,0x2965,
  0x2965,0x2945,0x2945,0x2945,0x2945,0x2945,0x2945,0x2945,0x2945,0x2945,0x2945,0x2945,0x3145,0x3145,0x3145,0x3145,0x3145,0x3144,0x3144,0x3144,
  0x2944,0x2944,0x2924,0x2924,0x2924,0x2924,0x2924,0x2924,0x2924,0x2924,0x2924,0x2924,0x2104,0x2103,0x2103,0x2103,0x20e3,0x20e3,0x20e3,0x20e3,
  0x18c2,0x18a2,0x1082,0x1081,0x1081,0x10a2,0x18e3,0x2104,0x2945,0x2965,0x3186,0x39a7,0x39c7,0x39c7,0x39c7,0x39c7,0x39c7,0x39c7,0x39c7,0x39c7,
  0x39c7,0x39c7,0x39c7,0x39c7,0x39c7,0x39c7,0x39c7,0x39a7,0x31a7,0x31a6,0x31a6,0x31a6,0x3186,0x3186,0x3186,0x3186,0x2966,0x2966,0x2966,0x2966,
  0x2966,0x2946,0x2945,0x2945,0x2946,0x2945,0x2945,0x2946,0x2945,0x2945,0x2945,0x2945,0x2145,0x2145,0x2125,0x2125,0x2125,0x2125,0x2125,0x2125,
  0x2125,0x2125,0x2125,0x2125,0x2104,0x2104,0x2104,0x1904,0x18e4,0x18e4,0x18e4,0x18e4,0x18e3,0x18c3,0x18c3,0x18c3,0x18c3,0x10c3,0x10a3,0x10a3,
  0x10a2,0x10a2,0x1082,0x1082,0x1082,0x0862,0x0862,0x0862,0x0862,0x0862,0x0861,0x0861,0x0861,0x0861,0x0841,0x0841,0x0841,0x0841,0x0841,0x0041,
  0x0020,0x0020,0x0020,0x0020,0x0020,0x0000,0x0020,0x0020,0x0020,0x0020,0x0841,0x0841,0x0841,0x0840,0x0840,0x0020,0x0841,0x20e3,0x41c6,0x5a69,
  0x5aa9,0x5a69,0x4a07,0x4a07,0x5248,0x5268,0x5a89,0x5a69,0x5248,0x62ca,0x6b2c,0x6b0b,0x62ca,0x5a89,0x49e6,0x41e7,0x4a28,0x41e7,0x5227,0x6288,
  0x5247,0x49e6,0x41e6,0x5a68,0x5a89,0x4a07,0x39c6,0x2924,0x3985,0x41e6,0x41e6,0x39c6,0x3186,0x39a6,0x39a6,0x39c7,0x39a6,0x2104,0x20e3,0x3986,
  0x2966,0x39e7,0x39c7,0x2966,0x2966,0x3186,0x31a7,0x4229,0x3186,0x39c7,0x3186,0x39c7,0x31a7,0x2965,0x41e7,0x5269,0x4208,0x3186,0x39c7,0x4a49,
  0x4a08,0x39c7,0x2125,0x2945,0x2125,0x31a6,0x2966,0x3185,0x2945,0x5268,0x41e7,0x2945,0x2945,0x18e4,0x2945,0x39a7,0x2966,0x31a6,0x39c7,0x39a6,
  0x39a6,0x4a28,0x39a6,0x2924,0x2945,0x39a6,0x4207,0x3185,0x3185,0x41c6,0x3165,0x3186,0x2945,0x2945,0x2124,0x2104,0x2965,0x3165,0x3165,0x3186,
  0x3165,0x2945,0x2965,0x3185,0x3185,0x3185,0x3185,0x3185,0x3185,0x3165,0x3165,0x3165,0x2965,0x2965,0x2965,0x3165,0x2965,0x2965,0x2945,0x2965,
  0x2965,0x2945,0x2945,0x2945,0x2945,0x2945,0x2945,0x2945,0x2945,0x2944,0x2945,0x2945,0x2945,0x2944,0x2944,0x2944,0x2944,0x2944,0x2944,0x2944,
  0x2944,0x2944,0x2924,0x2924,0x2924,0x2924,0x2924,0x2924,0x2924,0x2924,0x2924,0x2104,0x2103,0x2103,0x2103,0x20e3,0x20e3,0x20e3,0x20e3,0x18c3,
  0x18c2,0x18a2,0x10a2,0x1082,0x10a2,0x18c3,0x20e3,0x2124,0x2945,0x3186,0x31a6,0x39c7,0x39c7,0x39c7,0x39c7,0x39c7,0x39c7,0x39c7,0x39c7,0x39c7,
  0x39c7,0x39c7,0x39c7,0x39c7,0x39c7,0x39c7,0x39c7,0x31a7,0x31a7,0x31a6,0x31a6,0x3186,0x3186,0x3186,0x3186,0x3186,0x3166,0x2966,0x2966,0x2966,
  0x2966,0x2945,0x2945,0x2945,0x2945,0x2945,0x2945,0x2945,0x2945,0x2945,0x2945,0x2945,0x2145,0x2145,0x2125,0x2125,0x2125,0x2125,0x2125,0x2125,
  0x2125,0x2125,0x2125,0x2104,0x2104,0x2104,0x1904,0x18e4,0x18e4,0x18e4,0x18e4,0x18e4,0x18e4,0x18e4,0x18c3,0x18c3,0x18c3,0x18c3,0x10a3,0x10a3,
  0x10a3,0x10a2,0x1082,0x1082,0x1082,0x0882,0x0862,0x0862,0x0862,0x0861,0x0861,0x0861,0x0861,0x0861,0x0861,0x0841,0x0841,0x0841,0x0841,0x0041,
  0x0020,0x0020,0x0020,0x0020,0x0000,0x0000,0x0000,0x0000,0x0020,0x0020,0x0020,0x0020,0x0020,0x0020,0x0020,0x0020,0x1082,0x3165,0x4a28,0x5a69,
  0x5a69,0x5248,0x4a08,0x5248,0x5a89,0x5a89,0x5aa9,0x5a69,0x5248,0x5a8a,0x62ca,0x6b0a,0x730b,0x5227,0x39a6,0x41e7,0x41e7,0x39a6,0x41e7,0x4a27,
  0x41c6,0x4a07,0x5a68,0x62a9,0x5227,0x4a07,0x5248,0x4a07,0x49e7,0x39a6,0x39a6,0x41e7,0x39a6,0x39a6,0x39c6,0x39c7,0x4a28,0x2945,0x3185,0x3985,
  0x4208,0x5aaa,0x4a49,0x4208,0x5269,0x39a7,0x39c7,0x39e7,0x2145,0x2945,0x2945,0x39a7,0x3186,0x31a7,0x41e8,0x3186,0x3166,0x39e7,0x3186,0x4a48,
  0x49e7,0x3165,0x2945,0x2945,0x2986,0x3186,0x4207,0x41e7,0x5228,0x5248,0x41e7,0x4a28,0x2945,0x2104,0x2965,0x2966,0x2945,0x3186,0x5269,0x39c7,
  0x2965,0x2965,0x2924,0x39c6,0x3185,0x3165,0x41e7,0x39c6,0x2965,0x3185,0x3165,0x2945,0x3186,0x3186,0x2104,0x2104,0x2945,0x2945,0x2945,0x3186,
  0x3186,0x2965,0x2965,0x3165,0x3185,0x3185,0x3165,0x3165,0x3165,0x3165,0x3165,0x2965,0x3165,0x2965,0x2965,0x3165,0x3165,0x2965,0x2965,0x3165,
  0x2965,0x2945,0x2945,0x2945,0x2945,0x2945,0x2945,0x2945,0x2945,0x2945,0x2944,0x2944,0x2944,0x2944,0x2944,0x2944,0x2944,0x2944,0x2944,0x2944,
  0x2944,0x2924,0x2924,0x2924,0x2924,0x2924,0x2924,0x2924,0x2924,0x2124,0x2104,0x2104,0x2103,0x2103,0x2103,0x20e3,0x20e3,0x20e3,0x20e3,0x18c3,
  0x18c2,0x18a2,0x10a2,0x10a2,0x18c2,0x18e3,0x2104,0x2924,0x2965,0x3186,0x39a6,0x39a7,0x39c7,0x39c7,0x39c7,0x39c7,0x39c7,0x39c7,0x39c7,0x39c7,
  0x39c7,0x39c7,0x39c7,0x39c7,0x39a7,0x39c7,0x39a7,0x39a7,0x31a7,0x3186,0x3186,0x3186,0x3186,0x3186,0x3186,0x3186,0x2966,0x2966,0x2966,0x2966,
  0x2966,0x2945,0x2945,0x2945,0x2945,0x2945,0x2945,0x2945,0x2945,0x2945,0x2945,0x2945,0x2145,0x2145,0x2125,0x2125,0x2125,0x2125,0x2125,0x2125,
  0x2125,0x2125,0x2104,0x2104,0x2104,0x2104,0x1904,0x18e4,0x18e4,0x18e4,0x18e4,0x18e4,0x18e4,0x18e4,0x18e3,0x18c3,0x18c3,0x18c3,0x10c3,0x10a3,
  0x10a3,0x10a2,0x10a2,0x1082,0x1082,0x0882,0x0882,0x0862,0x0862,0x0862,0x0862,0x0861,0x0861,0x0861,0x0861,0x0841,0x0841,0x0841,0x0841,0x0841,
  0x0021,0x0020,0x0020,0x0020,0x0000,0x0000,0x0000,0x0000,0x0000,0x0000,0x0000,0x0020,0x0020,0x0020,0x0020,0x0020,0x20e3,0x41c6,0x5248,0x5248,
  0x4a07,0x4a07,0x5269,0x6aea,0x5a89,0x5248,0x5a89,0x5248,0x4a28,0x4a28,0x5a68,0x6ac9,0x62a9,0x5227,0x4a07,0x5228,0x39a6,0x41c6,0x5a69,0x39c6,
  0x39a6,0x5a68,0x62c9,0x5228,0x41a5,0x5a47,0x62a9,0x5227,0x41e6,0x39a6,0x31a6,0x41e7,0x39a6,0x2924,0x2124,0x2945,0x2945,0x41c7,0x5227,0x3145,
  0x41e7,0x5a89,0x4208,0x3186,0x39a7,0x39a7,0x4208,0x31a6,0x2145,0x2945,0x2945,0x31a7,0x2966,0x2965,0x2966,0x3186,0x31a7,0x31a7,0x41e7,0x3186,
  0x2945,0x2125,0x2965,0x31a6,0x2965,0x3166,0x3186,0x39a6,0x5248,0x5248,0x2965,0x41e7,0x5228,0x3186,0x2945,0x2966,0x2965,0x31a6,0x4a28,0x39a7,
  0x3186,0x2925,0x2125,0x3166,0x39a6,0x2945,0x2104,0x2104,0x39a6,0x5227,0x3165,0x2104,0x2945,0x2965,0x2104,0x2945,0x3165,0x2124,0x2124,0x2965,
  0x3186,0x3165,0x2945,0x2965,0x3165,0x3165,0x3165,0x3165,0x3165,0x3165,0x3165,0x2965,0x2965,0x2965,0x3165,0x3165,0x2965,0x2965,0x3165,0x2965,
  0x2965,0x2945,0x2945,0x2945,0x2945,0x2945,0x2945,0x2945,0x2945,0x2945,0x2944,0x2944,0x2944,0x2944,0x2944,0x2944,0x2944,0x2944,0x2944,0x2924,
  0x2924,0x2924,0x2924,0x2924,0x2924,0x2924,0x2924,0x2924,0x2924,0x2104,0x2104,0x2103,0x2103,0x2103,0x20e3,0x20e3,0x20e3,0x20e3,0x18c3,0x18c2,
  0x18c2,0x18a2,0x18a2,0x18a2,0x18c3,0x20e3,0x2124,0x2945,0x3166,0x3186,0x39a6,0x39a6,0x39a7,0x39c7,0x39c7,0x39c7,0x39c7,0x39a7,0x39a7,0x39c7,
  0x39c7,0x39c7,0x39c7,0x39c7,0x39c7,0x39c7,0x39a7,0x31a7,0x31a6,0x3186,0x3186,0x3186,0x3186,0x3186,0x3186,0x3186,0x3166,0x2966,0x2966,0x2966,
  0x2966,0x2966,0x2966,0x2946,0x2946,0x2965,0x2945,0x2945,0x2945,0x2945,0x2945,0x2945,0x2145,0x2145,0x2125,0x2125,0x2125,0x2125,0x2125,0x2125,
  0x2105,0x2104,0x2104,0x2104,0x2104,0x2104,0x1904,0x18e4,0x18e4,0x18e4,0x18e4,0x18e4,0x18e4,0x18e4,0x18c3,0x18c3,0x18c3,0x18c3,0x10c3,0x10a3,
  0x10a3,0x10a3,0x10a2,0x1082,0x1082,0x1082,0x0882,0x0882,0x0862,0x0862,0x0862,0x0861,0x0861,0x0861,0x0861,0x0841,0x0841,0x0841,0x0841,0x0841,
  0x0020,0x0020,0x0020,0x0020,0x0000,0x0000,0x0000,0x0000,0x0000,0x0000,0x0000,0x0000,0x0000,0x0000,0x0000,0x0861,0x2945,0x4a28,0x5269,0x4a07,
  0x39c6,0x41c7,0x5269,0x6aea,0x5a69,0x4a28,0x5269,0x5269,0x5aaa,0x62ca,0x5a88,0x6ac9,0x5227,0x39a6,0x49e7,0x5a69,0x4a07,0x5248,0x4a28,0x2945,
  0x3186,0x5a88,0x5248,0x41e6,0x49e6,0x5a47,0x62a9,0x5a89,0x41e6,0x3165,0x3165,0x41e7,0x5a68,0x41c6,0x2104,0x2944,0x3166,0x6aca,0x5a68,0x3186,
  0x39c7,0x41e7,0x41e8,0x31a7,0x39c7,0x5269,0x5269,0x2945,0x18e4,0x2104,0x2124,0x3186,0x31a7,0x2104,0x2125,0x3186,0x4a49,0x4a28,0x41e7,0x2965,
  0x39c7,0x39e7,0x39c7,0x4a28,0x3186,0x2125,0x2945,0x3166,0x3186,0x39c7,0x2945,0x3165,0x39a5,0x3145,0x2125,0x2945,0x2945,0x2945,0x2124,0x2125,
  0x2125,0x2104,0x2124,0x2945,0x31a6,0x2945,0x2104,0x18c3,0x2965,0x39a6,0x3165,0x3165,0x2945,0x2965,0x2945,0x2965,0x2945,0x2104,0x2124,0x2945,
  0x3165,0x2965,0x2925,0x2945,0x2965,0x3165,0x3165,0x3165,0x3165,0x3165,0x2965,0x2945,0x2945,0x2945,0x3165,0x3165,0x2965,0x3165,0x2965,0x2945,
  0x2945,0x2945,0x2945,0x2945,0x2945,0x2944,0x2945,0x2945,0x2944,0x2944,0x2944,0x2944,0x2944,0x2944,0x2924,0x2924,0x2924,0x2924,0x2924,0x2924,
  0x2924,0x2924,0x2924,0x2924,0x2924,0x2924,0x2924,0x2924,0x2124,0x2104,0x2104,0x2104,0x2103,0x20e3,0x20e3,0x20e3,0x20e3,0x18c3,0x18c3,0x18c2,
  0x18a2,0x18a2,0x18a2,0x18c2,0x18e3,0x2104,0x2924,0x2945,0x3186,0x31a6,0x39a7,0x39a7,0x39a7,0x39c7,0x39c7,0x31a7,0x31a7,0x31a7,0x31a7,0x39c7,
  0x39c7,0x39c7,0x39c7,0x39c7,0x39a7,0x39a6,0x31a6,0x31a6,0x31a6,0x3186,0x3186,0x3186,0x3186,0x3186,0x3186,0x3186,0x2966,0x2966,0x2966,0x2966,
  0x2966,0x2966,0x2945,0x2945,0x2945,0x2946,0x2946,0x2945,0x2945,0x2945,0x2945,0x2945,0x2145,0x2145,0x2125,0x2125,0x2125,0x2125,0x2125,0x2125,
  0x2125,0x2104,0x2104,0x2104,0x2104,0x2104,0x1904,0x18e4,0x18e4,0x18e4,0x18e4,0x18e4,0x18e4,0x18e4,0x18e3,0x18c3,0x18c3,0x10c3,0x10c3,0x10a3,
  0x10a3,0x10a3,0x10a2,0x1082,0x1082,0x1082,0x1082,0x0882,0x1082,0x0862,0x0862,0x0862,0x0861,0x0861,0x0861,0x0841,0x0841,0x0841,0x0841,0x0841,
  0x0040,0x0020,0x0020,0x0020,0x0000,0x0000,0x0000,0x0000,0x0000,0x0000,0x0000,0x0000,0x0000,0x0000,0x0000,0x18a2,0x39c6,0x5a89,0x5268,0x41e7,
  0x39c6,0x41c6,0x5248,0x6aea,0x5a89,0x4a08,0x4a08,0x5aaa,0x734c,0x6aea,0x5a88,0x6289,0x5227,0x5269,0x62aa,0x62c9,0x4a27,0x41e7,0x3165,0x2124,
  0x39c7,0x5248,0x41c6,0x3186,0x41e7,0x4a07,0x4a07,0x41e7,0x3185,0x2945,0x2945,0x3985,0x5227,0x5207,0x5a47,0x4a07,0x41e7,0x5207,0x39a6,0x3986,
  0x39e7,0x39e8,0x31a7,0x31a7,0x31a7,0x31a7,0x2965,0x2104,0x1082,0x18e3,0x18e4,0x2945,0x39e8,0x2125,0x18e4,0x2104,0x3186,0x3166,0x2945,0x2965,
  0x2145,0x39a6,0x41e7,0x4a07,0x3165,0x2966,0x39a7,0x41e7,0x39c7,0x2986,0x2966,0x2945,0x39a6,0x2945,0x18e4,0x3165,0x3166,0x3186,0x2125,0x2124,
  0x2104,0x2965,0x3185,0x2104,0x18e3,0x18e4,0x2945,0x2945,0x2125,0x18e4,0x2924,0x3145,0x2104,0x2124,0x2945,0x2945,0x2925,0x2924,0x2124,0x3165,
  0x3165,0x2924,0x2124,0x2124,0x2945,0x3165,0x3165,0x3165,0x2965,0x2965,0x2965,0x2945,0x2945,0x2965,0x2945,0x2945,0x2945,0x2965,0x2965,0x3145,
  0x2945,0x2945,0x2945,0x2945,0x2945,0x2945,0x2945,0x2945,0x2944,0x2944,0x2944,0x2944,0x2944,0x2944,0x2924,0x2924,0x2924,0x2924,0x2924,0x2924,
  0x2924,0x2924,0x2924,0x2924,0x2924,0x2924,0x2924,0x2924,0x2104,0x2104,0x2103,0x2103,0x20e3,0x20e3,0x20e3,0x18e3,0x18c3,0x18c3,0x18c2,0x18a2,
  0x18a2,0x10a2,0x18a2,0x18c2,0x18e3,0x2104,0x2925,0x2965,0x3186,0x31a6,0x39a6,0x39a7,0x39a7,0x39c7,0x39a7,0x31a7,0x31a7,0x31a7,0x39a7,0x39c7,
  0x39c7,0x39c7,0x39c7,0x39a7,0x39a7,0x39a6,0x31a6,0x31a6,0x31a6,0x3186,0x3186,0x3186,0x3186,0x3186,0x3186,0x2966,0x2966,0x2966,0x2966,0x2945,
  0x2965,0x2945,0x2945,0x2945,0x2945,0x2945,0x2945,0x2945,0x2945,0x2945,0x2945,0x2945,0x2145,0x2125,0x2125,0x2125,0x2125,0x2125,0x2125,0x2125,
  0x2125,0x2104,0x2104,0x2104,0x2104,0x2104,0x2104,0x2104,0x1904,0x18e4,0x18e4,0x18e4,0x18e4,0x18e4,0x18e4,0x18c3,0x18c3,0x18c3,0x18c3,0x10c3,
  0x10a3,0x10a3,0x10a2,0x10a2,0x1082,0x1082,0x1082,0x1082,0x1082,0x1082,0x0862,0x0862,0x0861,0x0861,0x0861,0x0841,0x0841,0x0841,0x0841,0x0841,
  0x0020,0x0020,0x0020,0x0020,0x0000,0x0000,0x0000,0x0000,0x0000,0x0000,0x0000,0x0000,0x0000,0x0000,0x0020,0x2924,0x4a07,0x5a89,0x5228,0x41e7,
  0x4a28,0x4a28,0x5269,0x5aaa,0x5248,0x4a07,0x41e7,0x5248,0x6aca,0x5a68,0x5a68,0x5227,0x5a68,0x62ca,0x62a9,0x5248,0x41c6,0x3985,0x3165,0x41e7,
  0x4a28,0x5248,0x39a6,0x2925,0x4a28,0x4a28,0x41c7,0x39c7,0x39c6,0x39a6,0x41c6,0x39a5,0x2124,0x49e6,0x49e6,0x2944,0x3165,0x3185,0x3165,0x3986,
  0x39e7,0x52aa,0x4208,0x3186,0x2945,0x31c7,0x31a6,0x0841,0x2945,0x39e7,0x31a7,0x18e4,0x18c3,0x3166,0x3186,0x2945,0x18c3,0x18c3,0x2104,0x3186,
  0x3186,0x3186,0x2125,0x3165,0x4a07,0x2986,0x2966,0x39a6,0x39c7,0x39e7,0x39c7,0x3186,0x39c7,0x3186,0x3165,0x3185,0x3165,0x2945,0x2945,0x2945,
  0x2125,0x2945,0x2104,0x2945,0x2945,0x2945,0x2965,0x39a6,0x2124,0x2124,0x2124,0x2945,0x2104,0x18e3,0x2104,0x2104,0x2945,0x2945,0x2924,0x2965,
  0x2945,0x2124,0x2924,0x2124,0x2945,0x3165,0x3165,0x2965,0x2965,0x2945,0x2945,0x2945,0x2945,0x2945,0x2945,0x2945,0x2945,0x2945,0x2945,0x2945,
  0x2945,0x2945,0x2945,0x2945,0x2944,0x2945,0x2944,0x2945,0x2945,0x2944,0x2944,0x2944,0x2944,0x2924,0x2924,0x2924,0x2924,0x2924,0x2924,0x2924,
  0x2924,0x2924,0x2924,0x2924,0x2924,0x2924,0x2104,0x2104,0x2104,0x2103,0x2103,0x2103,0x20e3,0x20e3,0x20e3,0x18e3,0x18c3,0x18c2,0x18a2,0x18a2,
  0x10a2,0x1082,0x10a2,0x18c3,0x18e3,0x2104,0x2945,0x2965,0x3186,0x31a6,0x39a7,0x39a7,0x39c7,0x39c7,0x39a7,0x31a7,0x31a7,0x39a7,0x39c7,0x39c7,
  0x39c7,0x39c7,0x39a7,0x39a7,0x39a7,0x39a6,0x31a6,0x31a6,0x3186,0x3186,0x3186,0x3166,0x3166,0x3186,0x3166,0x2966,0x2966,0x2965,0x2945,0x2945,
  0x2945,0x2945,0x2945,0x2945,0x2945,0x2945,0x2945,0x2945,0x2945,0x2945,0x2945,0x2145,0x2125,0x2125,0x2125,0x2125,0x2125,0x2125,0x2125,0x2125,
  0x2125,0x2104,0x2104,0x2104,0x2104,0x2104,0x2104,0x2104,0x2104,0x18e4,0x18e4,0x18e4,0x18e4,0x18e4,0x18e3,0x18c3,0x18c3,0x18c3,0x18c3,0x10c3,
  0x10a3,0x10a3,0x10a2,0x10a2,0x1082,0x1082,0x1082,0x1082,0x1082,0x1082,0x0862,0x0862,0x0861,0x0861,0x0861,0x0841,0x0841,0x0841,0x0841,0x0841,
  0x0021,0x0020,0x0020,0x0020,0x0000,0x0000,0x0000,0x0000,0x0000,0x0000,0x0000,0x0000,0x0000,0x0000,0x1082,0x3986,0x4a28,0x5228,0x4a07,0x5248,
  0x5a68,0x5248,0x5248,0x4a28,0x41e7,0x4a07,0x4a28,0x5248,0x5a88,0x5a68,0x49c6,0x41c6,0x5a68,0x5a88,0x5247,0x41e6,0x41e7,0x4a07,0x4a28,0x4207,
  0x41e7,0x39a6,0x2124,0x2924,0x41e7,0x41e7,0x39c6,0x5248,0x41e7,0x4a07,0x62a9,0x49e6,0x39a6,0x41c6,0x3165,0x3165,0x3165,0x2924,0x41c6,0x41e7,
  0x39c7,0x39e8,0x31a7,0x2986,0x39c7,0x526a,0x41c7,0x3186,0x3186,0x39c7,0x2945,0x2104,0x39a6,0x39a6,0x2965,0x2966,0x2125,0x2124,0x18c3,0x3186,
  0x41e7,0x39a6,0x2125,0x2925,0x3165,0x2945,0x2945,0x3165,0x2104,0x18c3,0x18e3,0x39c6,0x3186,0x3186,0x3186,0x5248,0x3185,0x2945,0x2945,0x3166,
  0x2965,0x2924,0x2945,0x18e4,0x2104,0x2945,0x2945,0x2945,0x2945,0x2945,0x2104,0x2945,0x39a6,0x2124,0x2945,0x2104,0x3165,0x2945,0x2124,0x2945,
  0x2124,0x2124,0x2945,0x2945,0x2945,0x3165,0x3165,0x3165,0x2965,0x2945,0x2945,0x2945,0x2945,0x2945,0x2945,0x2945,0x2945,0x2945,0x2945,0x2945,
  0x2945,0x2945,0x2945,0x2945,0x2945,0x2944,0x2944,0x2944,0x2944,0x2944,0x2924,0x2924,0x2924,0x2924,0x2924,0x2924,0x2924,0x2924,0x2924,0x2924,
  0x2924,0x2924,0x2924,0x2924,0x2904,0x2104,0x2104,0x2103,0x2103,0x2103,0x2103,0x2103,0x20e3,0x20e3,0x20e3,0x18c3,0x18c2,0x18a2,0x18a2,0x10a2,
  0x1082,0x1082,0x10a2,0x18c3,0x20e3,0x2124,0x2945,0x3186,0x31a6,0x39a7,0x31a7,0x39a7,0x39c7,0x39c7,0x39c7,0x39c7,0x39a7,0x39a7,0x39a7,0x39c7,
  0x39c7,0x39c7,0x39a7,0x39a7,0x39a7,0x39a6,0x31a6,0x31a6,0x3186,0x3186,0x3186,0x3166,0x2966,0x2966,0x2965,0x2945,0x2945,0x2945,0x2945,0x2945,
  0x2945,0x2945,0x2945,0x2945,0x2945,0x2945,0x2945,0x2945,0x2945,0x2945,0x2145,0x2125,0x2125,0x2125,0x2125,0x2125,0x2125,0x2125,0x2125,0x2125,
  0x2105,0x2105,0x2104,0x2104,0x2104,0x2104,0x2104,0x2104,0x2104,0x1904,0x18e4,0x18e4,0x18e4,0x18e4,0x18e4,0x18c3,0x18c3,0x18c3,0x18c3,0x10c3,
  0x10a3,0x10a3,0x10a2,0x10a2,0x10a2,0x1082,0x1082,0x1082,0x1082,0x1082,0x0862,0x0861,0x0861,0x0861,0x0861,0x0861,0x0841,0x0841,0x0841,0x0841,
  0x0020,0x0020,0x0020,0x0020,0x0000,0x0000,0x0000,0x0000,0x0000,0x0020,0x0020,0x0020,0x0020,0x0040,0x20e3,0x41e7,0x4a28,0x49e7,0x4a28,0x5a89,
  0x5a68,0x4a07,0x5228,0x4a07,0x41e6,0x5228,0x62aa,0x6b0b,0x6288,0x5207,0x41c6,0x5227,0x5248,0x5248,0x4a07,0x39c6,0x5268,0x5268,0x41e7,0x3186,
  0x3186,0x3165,0x2104,0x41e6,0x5227,0x3185,0x41e7,0x5a48,0x5227,0x41e6,0x41c6,0x39a6,0x4a27,0x3185,0x2944,0x49e7,0x41c6,0x20e3,0x39a6,0x39a6,
  0x31a6,0x39c7,0x31a7,0x39e8,0x4a29,0x39c7,0x31a7,0x31a7,0x2986,0x2104,0x31a7,0x528a,0x5269,0x5268,0x3186,0x2125,0x2125,0x2965,0x3186,0x2104,
  0x3165,0x3186,0x2104,0x2104,0x18e3,0x3165,0x2945,0x2945,0x2125,0x2104,0x39a6,0x4a28,0x2965,0x2945,0x4a49,0x4a48,0x2924,0x0862,0x18c3,0x18e3,
  0x3166,0x3166,0x2945,0x2104,0x18e3,0x3166,0x2124,0x18e3,0x3165,0x2945,0x2124,0x2924,0x39c6,0x2124,0x2945,0x2945,0x2965,0x3165,0x2945,0x2945,
  0x2104,0x2124,0x2945,0x3165,0x2945,0x2945,0x2965,0x3165,0x2945,0x2945,0x2945,0x2945,0x2945,0x2945,0x2965,0x3165,0x3165,0x3165,0x3185,0x3185,
  0x3185,0x3186,0x3185,0x3185,0x3185,0x3185,0x3185,0x3165,0x3165,0x3165,0x2965,0x2945,0x2944,0x2944,0x2924,0x2924,0x2924,0x2924,0x2924,0x2924,
  0x2924,0x2924,0x2924,0x2904,0x2104,0x2104,0x2104,0x2104,0x2103,0x2103,0x2103,0x20e3,0x20e3,0x20e3,0x18c3,0x18c2,0x18c2,0x18a2,0x10a2,0x1082,
  0x1082,0x1082,0x10a2,0x18c3,0x2104,0x2124,0x2945,0x3186,0x31a6,0x39a7,0x39a7,0x39c7,0x39c7,0x39c7,0x39c7,0x39c7,0x39a7,0x39a7,0x39c7,0x39c7,
  0x39c7,0x39c7,0x39c7,0x39a7,0x39a6,0x39a6,0x39a6,0x31a6,0x3186,0x3186,0x3166,0x3166,0x2966,0x2965,0x2965,0x2945,0x2945,0x2945,0x2945,0x2945,
  0x2945,0x2945,0x2945,0x2945,0x2945,0x2945,0x2925,0x2925,0x2145,0x2125,0x2125,0x2125,0x2125,0x2125,0x2125,0x2125,0x2125,0x2125,0x2125,0x2104,
  0x2105,0x2104,0x2104,0x2104,0x2104,0x2104,0x2104,0x1904,0x1904,0x1904,0x18e4,0x18e4,0x18e4,0x18e4,0x18e3,0x18c3,0x18c3,0x18c3,0x18c3,0x18c3,
  0x10c3,0x10a3,0x10a2,0x10a2,0x10a2,0x1082,0x1082,0x1082,0x1082,0x1082,0x0862,0x0862,0x0861,0x0861,0x0861,0x0841,0x0841,0x0841,0x0841,0x0841,
  0x0021,0x0020,0x0020,0x0020,0x0020,0x0020,0x0020,0x0020,0x0821,0x0841,0x0841,0x0841,0x0841,0x1081,0x2945,0x4a07,0x4a28,0x4a28,0x5269,0x62a9,
  0x5227,0x49e7,0x4a28,0x4a07,0x5227,0x62a9,0x734c,0x732b,0x5a47,0x41e6,0x41e7,0x41e6,0x3985,0x49e6,0x4a28,0x4a07,0x5a89,0x5228,0x39a6,0x39a6,
  0x39c7,0x39a6,0x41c6,0x5248,0x6289,0x41c7,0x2965,0x5227,0x5227,0x3985,0x39a6,0x3986,0x3185,0x39a6,0x39a6,0x39a6,0x41c6,0x3165,0x2924,0x2103,
  0x39e8,0x39e8,0x41e8,0x39e8,0x3187,0x2966,0x39c7,0x2966,0x31a7,0x31a7,0x528a,0x4a49,0x41e7,0x2924,0x3986,0x2945,0x2145,0x3186,0x3186,0x2104,
  0x3185,0x3165,0x2104,0x2965,0x2945,0x41e6,0x31a6,0x1904,0x2125,0x2925,0x39a6,0x39a6,0x2945,0x2965,0x39a6,0x2925,0x2925,0x2104,0x18e3,0x2104,
  0x2965,0x2965,0x3186,0x2945,0x18e3,0x2104,0x18e3,0x2104,0x2124,0x2945,0x20e4,0x2104,0x2924,0x2924,0x2924,0x2945,0x2104,0x2104,0x2924,0x2945,
  0x2104,0x2124,0x3165,0x2945,0x2924,0x2945,0x2945,0x3165,0x3165,0x3165,0x3165,0x3186,0x3186,0x39a6,0x39a6,0x39c6,0x39c6,0x39c7,0x39c7,0x39c7,
  0x39c7,0x41e7,0x41e7,0x41e7,0x41e7,0x41e7,0x41e7,0x39c7,0x39c7,0x39c6,0x39a6,0x39a6,0x39a6,0x3186,0x3185,0x3185,0x3165,0x3165,0x2945,0x2944,
  0x2944,0x2924,0x2924,0x2104,0x2104,0x2103,0x2103,0x2103,0x2103,0x20e3,0x20e3,0x20e3,0x20e3,0x18e3,0x18c3,0x18c2,0x18a2,0x10a2,0x1082,0x1081,
  0x1081,0x1082,0x10a2,0x18c3,0x2104,0x2924,0x2965,0x3186,0x31a6,0x31a7,0x39c7,0x39c7,0x39c7,0x39c7,0x39c7,0x39c7,0x39c7,0x39a7,0x39c7,0x39c7,
  0x39c7,0x39c7,0x39c7,0x39c7,0x39a6,0x39a6,0x31a6,0x3186,0x3186,0x3186,0x3166,0x3166,0x2965,0x2965,0x2965,0x2945,0x2945,0x2945,0x2945,0x2945,
  0x2925,0x2945,0x2945,0x2925,0x2125,0x2125,0x2125,0x2125,0x2125,0x2125,0x2125,0x2125,0x2125,0x2125,0x2125,0x2105,0x2104,0x2105,0x2104,0x2104,
  0x2104,0x2104,0x2104,0x2104,0x2104,0x2104,0x2104,0x2104,0x1904,0x18e4,0x18e4,0x18e4,0x18e4,0x18e4,0x18e3,0x18c3,0x18c3,0x18c3,0x18c3,0x18c3,
  0x10c3,0x10a3,0x10a3,0x10a2,0x10a2,0x1082,0x1082,0x1082,0x1082,0x1082,0x0882,0x0862,0x0861,0x0861,0x0861,0x0841,0x0841,0x0841,0x0841,0x0821,
  0x0821,0x0020,0x0020,0x0841,0x0841,0x0841,0x0841,0x0861,0x0861,0x0861,0x0861,0x0862,0x0861,0x18c3,0x39a6,0x4a07,0x4a28,0x5a89,0x62ca,0x5aa9,
  0x4a07,0x4a07,0x5248,0x5a68,0x5a47,0x5a88,0x62ca,0x62ca,0x5227,0x41c5,0x4a06,0x41c6,0x3985,0x41e6,0x4a07,0x4a27,0x4a07,0x41c7,0x4a28,0x5248,
  0x5248,0x5a69,0x5228,0x41c6,0x39a6,0x3165,0x3165,0x41e6,0x2924,0x2924,0x4a07,0x41c6,0x2945,0x3165,0x39a6,0x2945,0x41a6,0x3985,0x20e3,0x2924,
  0x4208,0x41e8,0x39e8,0x2966,0x2104,0x2125,0x3186,0x2125,0x2966,0x39a7,0x4208,0x2945,0x2965,0x2945,0x3985,0x2945,0x2145,0x2966,0x4208,0x39c6,
  0x18e3,0x2124,0x2124,0x2965,0x2965,0x39a6,0x39a6,0x2945,0x2104,0x2125,0x18c3,0x2104,0x3186,0x2966,0x31a6,0x20e4,0x2945,0x4208,0x4228,0x2945,
  0x10a3,0x2104,0x39a6,0x3165,0x18e4,0x18e3,0x18c3,0x18c3,0x2104,0x2104,0x2124,0x39a7,0x20e4,0x2924,0x2104,0x18c3,0x18e3,0x2104,0x2104,0x2945,
  0x2944,0x2924,0x3185,0x2945,0x2124,0x2924,0x2945,0x3186,0x39a6,0x39c6,0x39c7,0x41e7,0x41e7,0x4208,0x4208,0x4208,0x4208,0x4a28,0x4a28,0x4a28,
  0x4a28,0x4a28,0x4a28,0x4a28,0x4a28,0x4a28,0x4a28,0x4a28,0x4228,0x4208,0x4208,0x4207,0x41e7,0x41e7,0x39e7,0x39c7,0x39c7,0x39c6,0x39a6,0x39a6,
  0x3186,0x3165,0x3165,0x2945,0x2944,0x2924,0x2124,0x2103,0x20e3,0x20e3,0x20e3,0x20e3,0x18e3,0x18c3,0x18c2,0x18a2,0x18a2,0x1082,0x1082,0x1061,
  0x1061,0x1082,0x18a2,0x18c3,0x2104,0x2925,0x2965,0x3186,0x31a6,0x31a7,0x39c7,0x39c7,0x39c7,0x39e7,0x39e7,0x39c7,0x39c7,0x39c7,0x39c7,0x39c7,
  0x39c7,0x39c7,0x39c7,0x39c7,0x39c7,0x39a6,0x31a6,0x3186,0x3186,0x3166,0x2966,0x2965,0x2965,0x2965,0x2965,0x2945,0x2945,0x2945,0x2945,0x2125,
  0x2125,0x2125,0x2125,0x2125,0x2125,0x2125,0x2125,0x2125,0x2125,0x2125,0x2125,0x2125,0x2125,0x2125,0x2105,0x2104,0x2104,0x2104,0x2104,0x2104,
  0x2104,0x2104,0x2104,0x2104,0x2104,0x2104,0x2104,0x1904,0x1904,0x18e4,0x18e4,0x18e4,0x18e4,0x18e4,0x18e3,0x18c3,0x18c3,0x18c3,0x18c3,0x18c3,
  0x10a3,0x10a3,0x10a2,0x10a2,0x1082,0x1082,0x1082,0x1082,0x1082,0x1082,0x1082,0x0862,0x0861,0x0861,0x0861,0x0861,0x0841,0x0841,0x0841,0x0841,
  0x0841,0x0841,0x0861,0x0861,0x0861,0x0862,0x1062,0x1082,0x1082,0x1082,0x1082,0x1082,0x10a2,0x2104,0x41c6,0x4a07,0x4a28,0x62ca,0x62aa,0x5a89,
  0x5a89,0x5a89,0x5a89,0x5a68,0x5206,0x5207,0x5228,0x5227,0x41a5,0x49e6,0x62a9,0x6288,0x6288,0x49e7,0x39a6,0x3186,0x2965,0x4207,0x62ca,0x4a27,
  0x4a27,0x62a9,0x5227,0x3165,0x3165,0x3165,0x41e7,0x4a07,0x2924,0x2944,0x3185,0x3185,0x3185,0x39a6,0x2945,0x2924,0x2924,0x20e3,0x2924,0x3985,
  0x3186,0x31a7,0x2966,0x2945,0x31a6,0x2966,0x2124,0x2945,0x2945,0x39c7,0x3186,0x2125,0x3186,0x41c6,0x41e6,0x31a6,0x2125,0x18e4,0x2945,0x2104,
  0x10a3,0x2945,0x31a6,0x2945,0x2966,0x2945,0x3186,0x39a6,0x3166,0x2965,0x2104,0x2125,0x2965,0x39c7,0x39a6,0x2945,0x2945,0x2104,0x3186,0x39c6,
  0x10a2,0x18c3,0x2104,0x2965,0x2945,0x18e3,0x2124,0x2104,0x2104,0x2104,0x2104,0x2945,0x2104,0x2945,0x20e4,0x2104,0x3165,0x2944,0x2104,0x2124,
  0x2944,0x2104,0x2945,0x3165,0x2924,0x2124,0x2945,0x39c7,0x4208,0x4a08,0x4a28,0x4a48,0x4a49,0x5249,0x5249,0x5269,0x5269,0x5269,0x5269,0x5269,
  0x5269,0x5269,0x5269,0x5269,0x5269,0x5269,0x5269,0x5269,0x5269,0x4a69,0x4a49,0x4a49,0x4a48,0x4a28,0x4a28,0x4a28,0x4a28,0x4208,0x4208,0x41e7,
  0x41e7,0x39c7,0x39c6,0x39a6,0x3186,0x3165,0x2965,0x2945,0x2924,0x2104,0x20e3,0x20e3,0x18c3,0x18c2,0x18a2,0x10a2,0x10a2,0x1082,0x1081,0x1061,
  0x0861,0x1082,0x18a2,0x18e3,0x2104,0x2945,0x3165,0x3186,0x31a6,0x31a7,0x39c7,0x39c7,0x39c7,0x39c7,0x39c7,0x39c7,0x39c7,0x39c7,0x39c7,0x39c7,
  0x39c7,0x39c7,0x39c7,0x39c7,0x39c7,0x39a6,0x31a6,0x3186,0x3186,0x3166,0x3165,0x2966,0x2966,0x2965,0x2965,0x2945,0x2945,0x2945,0x2945,0x2125,
  0x2125,0x2125,0x2125,0x2125,0x2125,0x2125,0x2125,0x2125,0x2125,0x2125,0x2125,0x2125,0x2125,0x2105,0x2104,0x2104,0x2104,0x2104,0x2104,0x2104,
  0x2104,0x2104,0x2104,0x2104,0x2104,0x2104,0x2104,0x1904,0x18e4,0x18e4,0x18e4,0x18e4,0x18e4,0x18e4,0x18e3,0x18c3,0x18c3,0x18c3,0x18c3,0x18c3,
  0x10a3,0x10a3,0x10a3,0x10a2,0x10a2,0x1082,0x1082,0x1082,0x1082,0x1082,0x1082,0x0862,0x0861,0x0861,0x0861,0x0841,0x0841,0x0841,0x0841,0x0861,
  0x0861,0x1062,0x1082,0x1082,0x1082,0x10a2,0x10a2,0x10a2,0x10a2,0x10a2,0x10a3,0x10a3,0x18c3,0x3165,0x41e6,0x49e6,0x4a27,0x5a68,0x5227,0x5248,
  0x62ca,0x5a88,0x5a68,0x5a48,0x49e6,0x5227,0x5248,0x5206,0x49e5,0x49e6,0x6aca,0x730a,0x730a,0x5227,0x3186,0x3165,0x3186,0x5248,0x4a07,0x39a5,
  0x4a06,0x4a07,0x39a6,0x3185,0x39a6,0x3985,0x49e7,0x3165,0x2924,0x3165,0x3165,0x3165,0x41a6,0x39a5,0x2104,0x2945,0x2965,0x18e3,0x20e3,0x2924,
  0x31a7,0x39c7,0x31a7,0x2945,0x41c7,0x3186,0x39c7,0x41e7,0x5227,0x3186,0x2965,0x2965,0x3166,0x39a6,0x3165,0x2945,0x2104,0x18c3,0x18c3,0x18e4,
  0x18e4,0x2104,0x18e4,0x2124,0x3186,0x2945,0x18e3,0x18e3,0x2104,0x2104,0x3165,0x2925,0x2965,0x2965,0x2945,0x2945,0x3165,0x18c3,0x18e4,0x2945,
  0x2125,0x2104,0x2124,0x18e3,0x3165,0x2945,0x2104,0x2104,0x18e4,0x2104,0x2124,0x2104,0x2104,0x2104,0x2924,0x2924,0x3165,0x2924,0x2944,0x2104,
  0x2124,0x2104,0x2924,0x2924,0x2124,0x2124,0x2945,0x41e7,0x4a49,0x5269,0x5289,0x528a,0x528a,0x5a8a,0x5aaa,0x5aaa,0x5aaa,0x5aaa,0x5aaa,0x5aaa,
  0x5aaa,0x5aaa,0x5aaa,0x5aaa,0x5aaa,0x5aaa,0x5aaa,0x5aaa,0x5aaa,0x5aaa,0x528a,0x528a,0x528a,0x5269,0x5269,0x5269,0x5269,0x4a69,0x4a49,0x4a28,
  0x4a28,0x4208,0x4208,0x41e7,0x41e7,0x39c7,0x39a7,0x3186,0x3186,0x3165,0x2945,0x2124,0x2103,0x18e3,0x18c2,0x10a2,0x1082,0x1081,0x1061,0x0861,
  0x0861,0x1082,0x18a2,0x18e3,0x2124,0x2945,0x3166,0x3186,0x31a6,0x31a7,0x39c7,0x39c7,0x39c7,0x39c7,0x39c7,0x39c7,0x39c7,0x39c7,0x39c7,0x39c7,
  0x39c7,0x39c7,0x39c7,0x39c7,0x39a7,0x31a6,0x3186,0x3186,0x3166,0x3165,0x2965,0x2966,0x2965,0x2965,0x2965,0x2945,0x2945,0x2945,0x2925,0x2125,
  0x2125,0x2125,0x2125,0x2125,0x2125,0x2125,0x2125,0x2125,0x2125,0x2125,0x2125,0x2125,0x2105,0x2104,0x2124,0x2105,0x2104,0x2104,0x2104,0x2104,
  0x2104,0x2104,0x2104,0x2104,0x2104,0x2104,0x2104,0x18e4,0x18e4,0x18e4,0x18e4,0x18e4,0x18e4,0x18e4,0x18e3,0x18c3,0x18c3,0x18c3,0x18c3,0x18c3,
  0x10a3,0x10a2,0x10a2,0x10a2,0x10a2,0x1082,0x1082,0x1082,0x1082,0x1082,0x1082,0x0862,0x0861,0x0861,0x0861,0x0861,0x0861,0x0861,0x0861,0x1082,
  0x1082,0x10a2,0x10a3,0x18a3,0x18c3,0x18c3,0x18c3,0x18c3,0x18c3,0x18c3,0x18c3,0x18c3,0x18e3,0x3185,0x49e7,0x4a07,0x4a07,0x4a07,0x49e6,0x4a28,
  0x5a89,0x5247,0x5227,0x4a07,0x4a07,0x5247,0x41e6,0x41a5,0x49e5,0x5247,0x730a,0x6ac9,0x5a68,0x4a27,0x41c6,0x4a28,0x4a07,0x41c7,0x41e6,0x3985,
  0x3164,0x2924,0x3165,0x41e7,0x39a6,0x3986,0x3165,0x18e3,0x2104,0x3985,0x5247,0x41e7,0x2945,0x2924,0x39a6,0x5248,0x39c6,0x18c3,0x18c3,0x3144,
  0x3186,0x39a7,0x31a7,0x2925,0x41c7,0x39c7,0x4208,0x2925,0x39a6,0x39a6,0x2145,0x2125,0x39c7,0x2965,0x2125,0x39c7,0x2945,0x1904,0x18c3,0x18c3,
  0x18e3,0x10a3,0x2945,0x18a3,0x2104,0x2925,0x2104,0x18c3,0x10a3,0x2104,0x2924,0x20e4,0x2945,0x2945,0x18c3,0x2104,0x41e7,0x2124,0x20e4,0x2965,
  0x2124,0x2104,0x18e3,0x18c3,0x10a2,0x2945,0x2944,0x2104,0x20e4,0x10a2,0x20e4,0x18c3,0x10a2,0x2104,0x2944,0x2124,0x2104,0x2104,0x2104,0x2104,
  0x2104,0x2924,0x3165,0x2124,0x2124,0x2124,0x2924,0x41e7,0x528a,0x5aaa,0x5aaa,0x5aca,0x5acb,0x5acb,0x5acb,0x5acb,0x5acb,0x5acb,0x5acb,0x5acb,
  0x5acb,0x5acb,0x5acb,0x5acb,0x5acb,0x5acb,0x5acb,0x5acb,0x5acb,0x5acb,0x5acb,0x5acb,0x5aab,0x5acb,0x5aaa,0x5aaa,0x5aaa,0x528a,0x528a,0x5269,
  0x5269,0x4a49,0x4a49,0x4a49,0x4a28,0x4228,0x4208,0x41e7,0x39c7,0x39a7,0x31a6,0x3166,0x2945,0x2924,0x2104,0x18e3,0x18a2,0x1082,0x1061,0x0841,
  0x0861,0x1082,0x18c3,0x18e3,0x2124,0x2945,0x3165,0x3186,0x3186,0x31a6,0x39a7,0x39c7,0x39c7,0x39c7,0x39c7,0x39c7,0x39c7,0x39c7,0x39c7,0x39c7,
  0x39c7,0x39c7,0x39c7,0x39a7,0x39a6,0x31a6,0x3186,0x3186,0x3166,0x2965,0x2965,0x2965,0x2965,0x2966,0x2945,0x2945,0x2945,0x2945,0x2925,0x2125,
  0x2125,0x2125,0x2125,0x2125,0x2125,0x2125,0x2125,0x2125,0x2125,0x2104,0x2104,0x2105,0x2105,0x2104,0x2125,0x2104,0x2104,0x2104,0x2104,0x2104,
  0x2104,0x2104,0x2104,0x2104,0x2104,0x2104,0x2104,0x2104,0x18e4,0x18e4,0x18e4,0x18e4,0x18e4,0x18e3,0x18e3,0x18c3,0x18c3,0x18c3,0x18c3,0x18c3,
  0x10a3,0x10a3,0x10a2,0x10a2,0x10a2,0x10a2,0x1082,0x1082,0x1082,0x1082,0x0862,0x0862,0x0861,0x0861,0x0861,0x0861,0x1082,0x1082,0x10a2,0x10a2,
  0x18c3,0x18c3,0x18c3,0x18e3,0x18e3,0x18e3,0x18e4,0x18e3,0x18e3,0x18c3,0x18c3,0x18c3,0x2104,0x3986,0x49e7,0x5227,0x4a07,0x41e6,0x5227,0x5248,
  0x5248,0x5206,0x49e6,0x41c6,0x5227,0x4a07,0x41a5,0x3984,0x41c6,0x62a9,0x6ac9,0x5227,0x41a5,0x4a07,0x5a89,0x5a68,0x39a6,0x2945,0x3164,0x2924,
  0x3145,0x41c6,0x62a9,0x6aa8,0x49e6,0x3185,0x2104,0x18a3,0x18c3,0x3185,0x41c6,0x3145,0x2945,0x3165,0x39a6,0x39a6,0x3144,0x18e3,0x2924,0x41c6,
  0x2925,0x3186,0x31a7,0x3186,0x41e7,0x39c7,0x39c7,0x2945,0x2124,0x39a6,0x39a6,0x2965,0x3186,0x2124,0x3186,0x2965,0x18c3,0x39a6,0x2945,0x2104,
  0x2124,0x2945,0x41c7,0x18e3,0x2104,0x3186,0x2125,0x18c3,0x2124,0x2104,0x18c3,0x20e4,0x2104,0x2945,0x2945,0x39a6,0x2945,0x18e4,0x18e3,0x2104,
  0x18c3,0x18e4,0x2104,0x18e3,0x2945,0x4a07,0x3985,0x18c3,0x18e3,0x2124,0x18e3,0x1082,0x18a2,0x2924,0x20e3,0x2104,0x20e3,0x20e4,0x18e3,0x2104,
  0x2104,0x2924,0x2944,0x2104,0x2124,0x2924,0x2104,0x39c7,0x528a,0x62cb,0x62cb,0x62cb,0x62eb,0x62eb,0x62eb,0x62eb,0x62eb,0x5acb,0x5acb,0x5acb,
  0x5acb,0x5acb,0x5acb,0x5acb,0x5acb,0x5acb,0x5acb,0x5acb,0x5acb,0x5acb,0x5acb,0x5acb,0x5aeb,0x5acb,0x5aeb,0x5acb,0x5acb,0x5aaa,0x5aaa,0x5aaa,
  0x528a,0x528a,0x526a,0x5269,0x5269,0x4a49,0x4a49,0x4a28,0x4228,0x4208,0x39e7,0x39c7,0x31a6,0x3186,0x3165,0x2945,0x2124,0x20e3,0x18c3,0x1082,
  0x1061,0x1082,0x18c3,0x20e3,0x2124,0x2945,0x3165,0x3186,0x3186,0x3186,0x31a6,0x31a7,0x39a7,0x39a7,0x39a7,0x39c7,0x39c7,0x39c7,0x39c7,0x39a7,
  0x39a7,0x39a7,0x31a7,0x39a6,0x31a6,0x31a6,0x3186,0x3186,0x2966,0x2965,0x2965,0x2966,0x2966,0x2966,0x2965,0x2945,0x2945,0x2945,0x2145,0x2125,
  0x2125,0x2125,0x2125,0x2125,0x2125,0x2125,0x2125,0x2125,0x2105,0x2104,0x2104,0x2104,0x2104,0x2104,0x2104,0x2104,0x2104,0x2104,0x2104,0x2104,
  0x2104,0x2104,0x2104,0x2104,0x2104,0x2104,0x2104,0x1904,0x18e4,0x18e4,0x18e4,0x18e4,0x18e4,0x18e4,0x18e3,0x18c3,0x18c3,0x18c3,0x18c3,0x18c3,
  0x10c3,0x10a3,0x10a2,0x10a2,0x10a2,0x10a2,0x1082,0x1082,0x1082,0x1082,0x1062,0x0862,0x0861,0x0862,0x1082,0x1082,0x10a2,0x10a3,0x18c3,0x18c3,
  0x18e3,0x18e4,0x20e4,0x2104,0x20e4,0x20e4,0x18e4,0x18e4,0x18e3,0x18c3,0x18c3,0x18c3,0x2104,0x39a6,0x4a07,0x5227,0x4a07,0x49e7,0x5248,0x5227,
  0x49e6,0x49e6,0x4a07,0x4a27,0x5227,0x41a5,0x49e6,0x5227,0x4a07,0x5248,0x5247,0x49e6,0x39a6,0x5228,0x5a68,0x5227,0x2945,0x2124,0x2924,0x2924,
  0x3144,0x5248,0x6aea,0x5227,0x4a07,0x39a6,0x20e3,0x3145,0x3185,0x41c6,0x41a6,0x3186,0x2945,0x2904,0x2103,0x2104,0x3144,0x2944,0x3165,0x3185,
  0x2925,0x39c7,0x41e7,0x41c7,0x3145,0x2104,0x2965,0x2125,0x18e4,0x2966,0x39c7,0x2125,0x18e3,0x18c3,0x2104,0x18e4,0x2945,0x4208,0x2965,0x2124,
  0x2104,0x2125,0x2125,0x2945,0x2924,0x2965,0x1082,0x2104,0x2124,0x18e3,0x2965,0x2124,0x18e3,0x18c3,0x18e3,0x31a6,0x39c7,0x2104,0x18c3,0x18e3,
  0x0841,0x18c3,0x2104,0x18e4,0x39a6,0x41a6,0x18c3,0x18c3,0x2924,0x3186,0x39c6,0x3145,0x18a3,0x18c3,0x2104,0x18c3,0x10a2,0x18c3,0x18e3,0x2124,
  0x2944,0x20e3,0x18c3,0x18c3,0x18e3,0x2124,0x2104,0x3186,0x5269,0x62eb,0x62eb,0x5acb,0x62eb,0x62eb,0x62eb,0x62eb,0x62eb,0x5acb,0x5acb,0x5aab,
  0x5aab,0x5aaa,0x5aab,0x5aaa,0x5aab,0x5aab,0x5aaa,0x5aaa,0x5aaa,0x5aaa,0x5acb,0x5acb,0x5acb,0x5acb,0x5acb,0x5acb,0x5acb,0x5aab,0x5aab,0x5aaa,
  0x5aab,0x5aaa,0x5aaa,0x52aa,0x528a,0x528a,0x526a,0x4a69,0x4a49,0x4a49,0x4a28,0x4208,0x41e8,0x39e7,0x39c7,0x31a6,0x3186,0x2945,0x2124,0x18e3,
  0x18c3,0x18c3,0x18c3,0x20e3,0x2104,0x2945,0x3165,0x3186,0x3186,0x3186,0x3186,0x3186,0x31a6,0x31a6,0x31a6,0x31a6,0x39a7,0x31a7,0x39a7,0x31a7,
  0x31a7,0x31a6,0x31a6,0x31a6,0x31a6,0x31a6,0x3186,0x3166,0x2965,0x2965,0x2965,0x2965,0x2965,0x2945,0x2945,0x2945,0x2945,0x2945,0x2125,0x2125,
  0x2125,0x2125,0x2125,0x2125,0x2125,0x2125,0x2125,0x2125,0x2104,0x2104,0x2104,0x2104,0x2104,0x2104,0x2104,0x2104,0x2104,0x2104,0x2104,0x2104,
  0x2104,0x2104,0x2104,0x2104,0x2104,0x1904,0x2104,0x18e4,0x18e4,0x18e4,0x18e4,0x18e4,0x18e4,0x18e4,0x18e3,0x18c3,0x18c3,0x18c3,0x18c3,0x18c3,
  0x18c3,0x10a3,0x10a2,0x10a2,0x10a2,0x10a2,0x1082,0x1082,0x1082,0x1082,0x1082,0x1082,0x1082,0x10a2,0x10a2,0x18c3,0x18c3,0x18e3,0x18e4,0x20e4,
  0x2104,0x2104,0x2104,0x2104,0x2104,0x2104,0x18e4,0x18e4,0x18e4,0x18c3,0x18c3,0x18c3,0x2944,0x41e6,0x5248,0x5228,0x49e6,0x4a07,0x5227,0x41c6,
  0x41a5,0x4a07,0x4a07,0x41c6,0x49e6,0x49e6,0x49e6,0x41c6,0x41e6,0x4a07,0x41c6,0x39a5,0x3985,0x49e7,0x5a47,0x5a68,0x41c6,0x3165,0x3985,0x49e6,
  0x3985,0x41c6,0x5227,0x41e7,0x41c6,0x3985,0x39a6,0x4a07,0x49e7,0x3985,0x3165,0x2124,0x2924,0x2924,0x2104,0x3985,0x49e6,0x39a6,0x41c6,0x41c6,
  0x3144,0x2924,0x3186,0x2965,0x2945,0x3186,0x2104,0x2945,0x2945,0x3186,0x3165,0x2104,0x18e3,0x20e4,0x2965,0x2124,0x2966,0x2104,0x2104,0x2945,
  0x2125,0x18e4,0x18e4,0x18e3,0x10a3,0x2104,0x1904,0x20e4,0x18c3,0x3185,0x3165,0x2103,0x18e3,0x20e3,0x3186,0x2925,0x3165,0x18e3,0x18e4,0x18e3,
  0x1082,0x1082,0x18c3,0x18e3,0x20e3,0x2944,0x18a2,0x18c3,0x2104,0x18e3,0x3986,0x2945,0x18c3,0x18c3,0x3185,0x2104,0x1082,0x20e3,0x3145,0x3165,
  0x2924,0x2104,0x20e3,0x10a2,0x10a2,0x20e3,0x2103,0x2965,0x4a28,0x5aaa,0x5acb,0x5acb,0x5acb,0x5acb,0x5acb,0x5acb,0x5acb,0x5acb,0x5acb,0x5aaa,
  0x5aaa,0x5aaa,0x5aaa,0x5aaa,0x52aa,0x5aaa,0x5aaa,0x52aa,0x52aa,0x5aaa,0x52aa,0x5aaa,0x5aaa,0x5aaa,0x5aaa,0x5aaa,0x5aaa,0x5aaa,0x5aaa,0x52aa,
  0x52aa,0x5aaa,0x5aaa,0x5aaa,0x5aaa,0x5aaa,0x52aa,0x528a,0x528a,0x526a,0x4a69,0x4a49,0x4a29,0x4228,0x4208,0x39e8,0x39c7,0x31a6,0x3186,0x2945,
  0x2945,0x2124,0x2124,0x2124,0x2124,0x2945,0x2965,0x3165,0x3165,0x3165,0x3186,0x3186,0x3186,0x3186,0x3186,0x3186,0x31a6,0x3186,0x3186,0x31a6,
  0x31a6,0x31a6,0x31a6,0x31a6,0x3186,0x3186,0x3186,0x3166,0x2965,0x2945,0x2965,0x2965,0x2945,0x2945,0x2945,0x2945,0x2945,0x2925,0x2125,0x2125,
  0x2125,0x2125,0x2125,0x2125,0x2125,0x2125,0x2125,0x2125,0x2124,0x2104,0x2104,0x2104,0x2104,0x2104,0x2104,0x2104,0x2104,0x2104,0x2104,0x2104,
  0x2104,0x2104,0x2104,0x1904,0x2104,0x1904,0x18e4,0x18e4,0x18e4,0x18e4,0x18e4,0x18e4,0x18e4,0x18e4,0x18e3,0x18c3,0x18c3,0x18c3,0x18c3,0x18c3,
  0x18c3,0x10a3,0x10a3,0x10a2,0x10a2,0x10a2,0x1082,0x1082,0x1082,0x1082,0x1082,0x10a2,0x10a2,0x18c3,0x18c3,0x18e3,0x2104,0x2104,0x2104,0x2124,
  0x2125,0x2125,0x2125,0x2104,0x2104,0x2104,0x20e4,0x18e4,0x18e4,0x18e3,0x18c3,0x18e3,0x3165,0x4a07,0x5248,0x5227,0x5227,0x5248,0x5227,0x39a5,
  0x41c6,0x4a07,0x41a5,0x3985,0x49e6,0x41c6,0x2924,0x2944,0x39a6,0x41c6,0x41c6,0x41a6,0x3985,0x4a07,0x6ac9,0x5a47,0x3985,0x3165,0x4a07,0x4a07,
  0x3165,0x41e7,0x41a5,0x3165,0x41e6,0x41e7,0x5228,0x3985,0x3164,0x3144,0x2103,0x20e3,0x3185,0x3144,0x2104,0x41c6,0x41c6,0x3145,0x2944,0x3164,
  0x2945,0x2125,0x2925,0x2124,0x2924,0x2104,0x2945,0x39a6,0x4a48,0x3186,0x2124,0x2945,0x2965,0x20e4,0x2924,0x2945,0x2104,0x2124,0x3166,0x3186,
  0x2104,0x18e3,0x2104,0x18c3,0x18e3,0x2125,0x2945,0x2925,0x2945,0x3165,0x3165,0x2944,0x20e3,0x18c3,0x2103,0x18e3,0x18e3,0x2104,0x3186,0x2924,
  0x3186,0x2104,0x18e3,0x18c3,0x2104,0x18e3,0x18e3,0x18a2,0x2104,0x2104,0x2924,0x20e3,0x10a2,0x2104,0x3985,0x3985,0x20e3,0x18c3,0x2944,0x3985,
  0x20e3,0x2104,0x2924,0x18e3,0x18a2,0x18e3,0x18e3,0x2124,0x41e7,0x5aaa,0x5aaa,0x5aaa,0x5aaa,0x5acb,0x5acb,0x5aaa,0x5aaa,0x5aaa,0x52aa,0x52aa,
  0x528a,0x52aa,0x528a,0x528a,0x528a,0x528a,0x528a,0x528a,0x528a,0x528a,0x528a,0x528a,0x528a,0x528a,0x528a,0x528a,0x528a,0x528a,0x528a,0x528a,
  0x528a,0x528a,0x528a,0x528a,0x52aa,0x5aaa,0x52aa,0x52aa,0x528a,0x528a,0x528a,0x528a,0x526a,0x4a69,0x4a49,0x4a29,0x4208,0x41e8,0x39c7,0x31a7,
  0x3186,0x3166,0x2965,0x2945,0x2945,0x2945,0x2965,0x2965,0x2965,0x2965,0x2965,0x2965,0x3165,0x3165,0x3186,0x3186,0x3186,0x3186,0x3186,0x3186,
  0x3186,0x3186,0x3186,0x3186,0x3186,0x3186,0x3186,0x2966,0x2965,0x2945,0x2945,0x2945,0x2945,0x2945,0x2945,0x2945,0x2925,0x2125,0x2125,0x2125,
  0x2125,0x2125,0x2125,0x2125,0x2125,0x2125,0x2125,0x2125,0x2124,0x2124,0x2104,0x2104,0x2104,0x2104,0x2104,0x2104,0x2104,0x2104,0x2104,0x2104,
  0x2104,0x1904,0x18e4,0x18e4,0x18e4,0x18e4,0x18e4,0x18e4,0x18e4,0x18e4,0x18e4,0x18e4,0x18e4,0x18e3,0x18c3,0x18c3,0x18c3,0x18c3,0x18c3,0x18c3,
  0x18c3,0x10a3,0x10a3,0x10a2,0x10a2,0x10a2,0x1082,0x1082,0x1082,0x10a2,0x10a2,0x18c3,0x18e3,0x18e3,0x2104,0x2104,0x2124,0x2125,0x2125,0x2125,
  0x2925,0x2125,0x2125,0x2125,0x2105,0x2104,0x2104,0x1904,0x18e4,0x18e4,0x18e4,0x18e4,0x3165,0x4a07,0x4a07,0x4a27,0x5a68,0x5a48,0x4a07,0x41c6,
  0x5207,0x4a27,0x3144,0x2924,0x3985,0x3985,0x3165,0x3165,0x3985,0x49e6,0x49e6,0x3985,0x3986,0x41c6,0x49e6,0x3965,0x3144,0x41c6,0x5227,0x5227,
  0x3985,0x3145,0x20e3,0x2924,0x5228,0x5268,0x49e7,0x3144,0x41a5,0x3985,0x20e3,0x2103,0x39a6,0x41c7,0x39a6,0x49e7,0x4a06,0x2924,0x2103,0x2103,
  0x2945,0x3185,0x3165,0x3145,0x2104,0x18e3,0x2945,0x2965,0x39c6,0x2945,0x2124,0x39a6,0x2945,0x2104,0x18e4,0x2104,0x2104,0x3186,0x3186,0x2125,
  0x2124,0x2104,0x18e4,0x2104,0x2124,0x18c3,0x2104,0x2104,0x18e3,0x3186,0x41e6,0x20e3,0x18a2,0x0840,0x1061,0x2103,0x2104,0x2124,0x2125,0x39a6,
  0x3186,0x18c3,0x18c3,0x18e4,0x2104,0x2104,0x18e3,0x2104,0x18e3,0x18e3,0x2924,0x2104,0x18a2,0x3165,0x39a5,0x3165,0x18e3,0x18e3,0x2924,0x2924,
  0x2924,0x20e3,0x2924,0x2104,0x18c3,0x18e3,0x18c3,0x2103,0x39a6,0x5269,0x5aaa,0x528a,0x528a,0x528a,0x528a,0x528a,0x528a,0x528a,0x526a,0x528a,
  0x528a,0x528a,0x528a,0x528a,0x528a,0x528a,0x528a,0x528a,0x528a,0x528a,0x528a,0x526a,0x528a,0x526a,0x526a,0x526a,0x526a,0x526a,0x528a,0x5269,
  0x5269,0x526a,0x528a,0x528a,0x528a,0x528a,0x528a,0x528a,0x528a,0x528a,0x528a,0x528a,0x528a,0x528a,0x526a,0x4a49,0x4a49,0x4a29,0x4208,0x39e8,
  0x39c7,0x39a7,0x31a6,0x3186,0x3166,0x3165,0x2965,0x2965,0x2945,0x2945,0x2945,0x2945,0x2945,0x2945,0x2965,0x2965,0x2965,0x2965,0x2966,0x2966,
  0x3166,0x3166,0x2966,0x3166,0x3166,0x2966,0x2966,0x2945,0x2945,0x2945,0x2945,0x2945,0x2945,0x2945,0x2945,0x2945,0x2125,0x2125,0x2125,0x2125,
  0x2125,0x2125,0x2125,0x2125,0x2125,0x2125,0x2125,0x2125,0x2125,0x2104,0x2104,0x2104,0x2104,0x2104,0x2104,0x2104,0x2104,0x2104,0x2104,0x1904,
  0x1904,0x18e4,0x18e4,0x18e4,0x18e4,0x18e4,0x18e4,0x18e4,0x18e4,0x18e4,0x18e4,0x18e4,0x18e4,0x18e3,0x18e3,0x18c3,0x18c3,0x18c3,0x18c3,0x18c3,
  0x18c3,0x18c3,0x10a3,0x10a3,0x10a2,0x10a2,0x1082,0x1082,0x10a2,0x18c3,0x18c3,0x20e3,0x2104,0x2104,0x2124,0x2125,0x2925,0x2945,0x2945,0x2945,
  0x2945,0x2925,0x2125,0x2125,0x2125,0x2125,0x2104,0x2104,0x2104,0x20e4,0x18e4,0x2104,0x3185,0x41e6,0x41e6,0x4a07,0x5248,0x41e6,0x3985,0x41a5,
  0x5206,0x4a06,0x3144,0x3144,0x3144,0x3165,0x3185,0x3985,0x49e6,0x5a47,0x41e7,0x3985,0x39a6,0x41c6,0x39a5,0x39a6,0x4a07,0x5227,0x5206,0x41c6,
  0x3985,0x2103,0x2924,0x3986,0x49e6,0x49e6,0x3185,0x39a5,0x41c6,0x3185,0x3985,0x49e7,0x5228,0x39a6,0x41c6,0x3985,0x41a5,0x3165,0x2104,0x2924,
  0x2124,0x2104,0x2924,0x3165,0x3166,0x2125,0x2104,0x3186,0x18e3,0x2924,0x41c7,0x2924,0x3165,0x2945,0x2966,0x2945,0x20e4,0x2104,0x18e4,0x18e3,
  0x18e4,0x2104,0x2925,0x2104,0x2125,0x18e4,0x18c3,0x18e3,0x1904,0x2945,0x2945,0x1082,0x18c2,0x1082,0x2924,0x41c6,0x2945,0x18e3,0x18e4,0x2104,
  0x3165,0x10a3,0x18c3,0x18c3,0x2124,0x2104,0x20e3,0x2104,0x20e3,0x18c3,0x18e3,0x1082,0x1082,0x2924,0x3165,0x2103,0x10a2,0x2124,0x3165,0x2104,
  0x2924,0x20e3,0x2103,0x2104,0x18c3,0x18c3,0x18c3,0x20e3,0x3165,0x4a28,0x526a,0x5269,0x5269,0x4a69,0x5269,0x5269,0x5269,0x4a69,0x4a69,0x4a69,
  0x5269,0x526a,0x526a,0x526a,0x526a,0x528a,0x528a,0x528a,0x528a,0x528a,0x526a,0x4a69,0x4a69,0x5269,0x5269,0x5269,0x5269,0x5269,0x5269,0x5269,
  0x5269,0x5269,0x526a,0x526a,0x528a,0x528a,0x528a,0x528a,0x528a,0x528a,0x528a,0x528a,0x526a,0x526a,0x526a,0x4a69,0x4a69,0x4a49,0x4a29,0x4228,
  0x4208,0x39e8,0x39c7,0x39c7,0x39a6,0x31a6,0x3186,0x2965,0x2945,0x2924,0x2924,0x2924,0x2925,0x2945,0x2945,0x2945,0x2945,0x2945,0x2945,0x2945,
  0x2965,0x2965,0x2965,0x2965,0x2966,0x2945,0x2945,0x2945,0x2945,0x2925,0x2945,0x2945,0x2945,0x2945,0x2945,0x2145,0x2125,0x2125,0x2125,0x2125,
  0x2125,0x2125,0x2125,0x2125,0x2125,0x2125,0x2125,0x2125,0x2125,0x2104,0x2104,0x2104,0x2104,0x2104,0x2104,0x2104,0x2104,0x2104,0x2104,0x1904,
  0x18e4,0x18e4,0x18e4,0x18e4,0x18e4,0x18e4,0x18e4,0x18e4,0x18e4,0x18e4,0x18e4,0x18e3,0x18e3,0x18e3,0x18e3,0x18c3,0x18c3,0x18c3,0x18c3,0x18c3,
  0x18c3,0x18c3,0x10a3,0x10a3,0x10a2,0x10a2,0x10a2,0x10a2,0x18c3,0x18e3,0x2104,0x2104,0x2124,0x2925,0x2945,0x2945,0x2945,0x2945,0x2945,0x2945,
  0x2945,0x2925,0x2125,0x2125,0x2125,0x2125,0x2125,0x2125,0x2104,0x2104,0x2104,0x2104,0x3185,0x41c6,0x41c6,0x4a27,0x5227,0x3985,0x3164,0x49e6,
  0x49c6,0x3985,0x3165,0x39a5,0x3985,0x3985,0x3985,0x41e7,0x5228,0x41c6,0x3185,0x3165,0x3985,0x3144,0x3165,0x4a07,0x41a6,0x41c6,0x4a07,0x39a5,
  0x3144,0x2944,0x3985,0x3165,0x3985,0x3985,0x2944,0x3144,0x2103,0x2944,0x4a07,0x5a68,0x39a5,0x2103,0x2924,0x18c3,0x2924,0x5228,0x39a6,0x3165,
  0x18e3,0x18e4,0x2945,0x3165,0x2965,0x2104,0x18e4,0x2945,0x2104,0x2104,0x2945,0x2104,0x20e4,0x2966,0x3186,0x2125,0x18c3,0x20e4,0x2124,0x18e4,
  0x2945,0x20e4,0x3165,0x2104,0x18e4,0x2104,0x18c3,0x2104,0x2104,0x20e4,0x10a3,0x10a2,0x3165,0x2103,0x2103,0x3165,0x2104,0x2104,0x18c3,0x18c3,
  0x2104,0x2104,0x3165,0x10a2,0x18c3,0x10a2,0x18c3,0x18e3,0x2124,0x2924,0x18c3,0x10a2,0x10a2,0x18e3,0x2924,0x2103,0x18c3,0x2103,0x20e3,0x20e3,
  0x18e3,0x20e3,0x2103,0x2924,0x18c3,0x18a2,0x18c3,0x18e3,0x2945,0x41e7,0x4a49,0x4a49,0x4a49,0x4a49,0x4a49,0x4a49,0x4a49,0x4a49,0x4a49,0x4a69,
  0x4a69,0x4a69,0x4a69,0x4a69,0x4a69,0x526a,0x526a,0x526a,0x526a,0x526a,0x5269,0x5269,0x4a69,0x4a69,0x4a69,0x4a49,0x4a49,0x4a49,0x4a69,0x5269,
  0x5269,0x5269,0x5269,0x5269,0x5269,0x5269,0x5269,0x5269,0x5269,0x5269,0x5269,0x5269,0x5269,0x4a69,0x4a69,0x4a49,0x4a49,0x4a49,0x4a49,0x4a49,
  0x4228,0x4208,0x41e8,0x39e7,0x39c7,0x39a7,0x31a6,0x3186,0x2945,0x2925,0x2124,0x2124,0x2124,0x2924,0x2924,0x2925,0x2925,0x2925,0x2925,0x2945,
  0x2945,0x2945,0x2945,0x2945,0x2945,0x2945,0x2945,0x2945,0x2125,0x2125,0x2945,0x2925,0x2925,0x2925,0x2125,0x2125,0x2125,0x2125,0x2125,0x2125,
  0x2125,0x2125,0x2125,0x2125,0x2125,0x2125,0x2125,0x2125,0x2124,0x2104,0x2104,0x2104,0x2104,0x2104,0x2104,0x2104,0x2104,0x1904,0x1904,0x1904,
  0x18e4,0x18e4,0x18e4,0x18e4,0x18e4,0x18e4,0x18e4,0x18e4,0x18e4,0x18e4,0x18e4,0x18e3,0x18c3,0x18c3,0x18c3,0x18c3,0x18c3,0x18c3,0x18c3,0x18c3,
  0x18c3,0x10a3,0x10a3,0x10a3,0x10a2,0x10a2,0x18a3,0x18c3,0x20e3,0x2104,0x2924,0x2945,0x2945,0x2945,0x2965,0x2965,0x2945,0x2945,0x2945,0x2945,
  0x2945,0x2945,0x2145,0x2145,0x2925,0x2925,0x2125,0x2125,0x2125,0x2104,0x2104,0x2104,0x3165,0x41c6,0x41c6,0x4a27,0x5227,0x41a5,0x4a07,0x5a48,
  0x39a5,0x3144,0x3985,0x49e6,0x5206,0x4a06,0x41c6,0x41a5,0x41e7,0x41c6,0x2944,0x2924,0x2924,0x18a2,0x2923,0x3985,0x3145,0x3165,0x3165,0x3165,
  0x41a5,0x41c6,0x3185,0x3144,0x3144,0x2924,0x20e3,0x18c2,0x2104,0x2945,0x3165,0x3986,0x3985,0x3985,0x3144,0x2903,0x3185,0x49e7,0x3985,0x3165,
  0x2124,0x2124,0x18e4,0x39a6,0x2125,0x18c3,0x10a3,0x2104,0x3186,0x2945,0x3166,0x2945,0x2945,0x18e3,0x18c3,0x2104,0x2104,0x18c3,0x2945,0x39a6,
  0x41c6,0x10a3,0x18c3,0x18e4,0x2965,0x2125,0x18c3,0x2124,0x2104,0x10a3,0x10a2,0x18e4,0x2945,0x3186,0x3985,0x2104,0x1082,0x20e3,0x18e3,0x18c3,
  0x2104,0x2924,0x2924,0x1082,0x10a2,0x10a2,0x18e3,0x18e3,0x2104,0x2104,0x2104,0x18c3,0x2104,0x18e3,0x18e3,0x18c3,0x18a2,0x2103,0x18e3,0x18c3,
  0x18c3,0x20e3,0x2103,0x2103,0x18e3,0x18e3,0x18c3,0x18e3,0x2124,0x39c7,0x4a28,0x4a28,0x4a28,0x4a28,0x4a28,0x4a29,0x4a29,0x4a49,0x4a49,0x4a49,
  0x4a49,0x4a49,0x4a49,0x4a49,0x4a49,0x4a49,0x4a69,0x4a69,0x4a69,0x4a69,0x4a69,0x4a69,0x4a49,0x4a49,0x4a49,0x4a49,0x4a49,0x4a49,0x4a49,0x4a69,
  0x5269,0x5269,0x4a69,0x4a69,0x4a69,0x4a69,0x4a69,0x4a49,0x4a69,0x4a49,0x4a49,0x4a49,0x4a49,0x4a49,0x4a49,0x4a49,0x4a49,0x4a49,0x4a49,0x4a29,
  0x4a29,0x4228,0x4208,0x4208,0x41e7,0x39c7,0x31a6,0x3186,0x2965,0x2945,0x2124,0x2124,0x2124,0x2124,0x2124,0x2124,0x2124,0x2124,0x2124,0x2124,
  0x2124,0x2124,0x2125,0x2125,0x2125,0x2925,0x2125,0x2125,0x2125,0x2125,0x2125,0x2125,0x2125,0x2125,0x2125,0x2125,0x2125,0x2125,0x2125,0x2125,
  0x2125,0x2124,0x2124,0x2104,0x2104,0x2125,0x2105,0x2125,0x2104,0x2104,0x2104,0x2104,0x2104,0x2104,0x2104,0x2104,0x2104,0x1904,0x1904,0x1904,
  0x1904,0x18e4,0x18e4,0x18e4,0x18e4,0x18e4,0x18e4,0x18e4,0x18e4,0x18e3,0x18c3,0x18c3,0x18c3,0x18c3,0x18c3,0x18c3,0x18c3,0x18c3,0x18c3,0x18c3,
  0x18c3,0x10a3,0x10a3,0x10a2,0x10a2,0x18a3,0x18c3,0x20e4,0x2104,0x2944,0x2945,0x2965,0x2965,0x3166,0x2966,0x2966,0x2945,0x2945,0x2945,0x2945,
  0x2945,0x2945,0x2145,0x2945,0x2945,0x2945,0x2125,0x2125,0x2125,0x2104,0x2104,0x2104,0x3165,0x41c6,0x41e6,0x4a07,0x4a07,0x5227,0x6289,0x5248,
  0x3985,0x3985,0x4a06,0x5a48,0x5227,0x49c5,0x41a5,0x41a5,0x39a6,0x41c6,0x4185,0x3165,0x20e3,0x20e3,0x41c6,0x41c6,0x2104,0x2104,0x2104,0x3165,
  0x49e6,0x41c6,0x3144,0x18c3,0x18c2,0x20e3,0x20e3,0x41c6,0x41e7,0x2945,0x2104,0x2945,0x49e6,0x41c6,0x3165,0x20e3,0x2103,0x3165,0x3165,0x2945,
  0x2104,0x2104,0x1904,0x10a3,0x2945,0x18c3,0x10c3,0x18e4,0x2925,0x3186,0x2965,0x10a3,0x10a3,0x2945,0x2104,0x18e4,0x2104,0x2104,0x2945,0x20e4,
  0x18c3,0x2124,0x10a3,0x2945,0x2124,0x2124,0x2965,0x2104,0x18e3,0x18e4,0x10a3,0x18c3,0x18c3,0x10c3,0x18e3,0x18c3,0x10a2,0x18e3,0x2104,0x18e4,
  0x2124,0x3185,0x2944,0x18c3,0x18c3,0x18c3,0x10a3,0x18e3,0x18c3,0x10a2,0x20e3,0x18e3,0x20e3,0x2124,0x18c3,0x18c3,0x10a2,0x18a2,0x18c3,0x18a2,
  0x10a2,0x20e3,0x20e3,0x18c3,0x20e3,0x2104,0x20e3,0x18e3,0x2104,0x39a6,0x4228,0x4228,0x4208,0x4228,0x4228,0x4228,0x4a29,0x4a29,0x4a49,0x4a49,
  0x4a49,0x4a49,0x4a49,0x4a49,0x4a49,0x4a49,0x4a49,0x4a49,0x4a49,0x4a49,0x4a49,0x4a49,0x4a49,0x4a49,0x4a49,0x4a49,0x4a49,0x4a49,0x4a49,0x4a49,
  0x4a49,0x4a69,0x5269,0x4a49,0x4a49,0x4a49,0x4a49,0x4a49,0x4a49,0x4a49,0x4a49,0x4a49,0x4a49,0x4a49,0x4a49,0x4a49,0x4a49,0x4a49,0x4a29,0x4228,
  0x4228,0x4228,0x4228,0x4208,0x4208,0x39e7,0x39c7,0x31a6,0x3186,0x2945,0x2924,0x2124,0x2104,0x2104,0x2104,0x2104,0x2104,0x2104,0x2104,0x2104,
  0x2104,0x2104,0x2104,0x2124,0x2124,0x2125,0x2125,0x2125,0x2125,0x2125,0x2125,0x2125,0x2125,0x2125,0x2125,0x2125,0x2125,0x2125,0x2125,0x2104,
  0x2104,0x2104,0x2104,0x2104,0x2104,0x2104,0x2125,0x2104,0x2104,0x2104,0x2104,0x2104,0x2104,0x2104,0x2104,0x1904,0x18e4,0x1904,0x1904,0x1904,
  0x18e4,0x18e4,0x18e4,0x18e4,0x18e4,0x18e4,0x18e4,0x18e4,0x18e3,0x18c3,0x18c3,0x18c3,0x18c3,0x18c3,0x18c3,0x18c3,0x18c3,0x18c3,0x18c3,0x18c3,
  0x18c3,0x10a3,0x10a2,0x10a2,0x10a2,0x18c3,0x20e3,0x2104,0x2945,0x2965,0x3165,0x3186,0x3186,0x3166,0x2966,0x2966,0x2966,0x2946,0x2945,0x2945,
  0x2945,0x2945,0x2945,0x2945,0x2945,0x2945,0x2125,0x2125,0x2125,0x2104,0x2104,0x2104,0x3185,0x41c6,0x41e6,0x41c6,0x41a5,0x4a07,0x5247,0x41c6,
  0x41a5,0x49e6,0x49e6,0x49e6,0x49c5,0x4184,0x49c5,0x6268,0x41e6,0x3985,0x41a5,0x2924,0x2104,0x39a6,0x41e6,0x3165,0x20e3,0x20e3,0x2124,0x39a6,
  0x49c6,0x41a5,0x3144,0x1081,0x0861,0x10a2,0x3144,0x5a68,0x4a07,0x2944,0x2104,0x2945,0x49e7,0x3165,0x18e3,0x10a2,0x18e3,0x3165,0x2124,0x3165,
  0x2945,0x2945,0x18e3,0x10c3,0x18c3,0x18e3,0x18c3,0x2124,0x18c3,0x10a2,0x10a2,0x10a2,0x2104,0x3186,0x2124,0x18c3,0x2945,0x10a3,0x10a2,0x10a3,
  0x18e3,0x18e4,0x18e4,0x2925,0x18e4,0x2965,0x2945,0x18e3,0x2124,0x2945,0x18e3,0x2124,0x10a3,0x18c3,0x18e3,0x2124,0x10a2,0x10a3,0x18c3,0x18e3,
  0x18c3,0x18c3,0x2103,0x2924,0x2124,0x18c3,0x1082,0x10a2,0x10a2,0x18e3,0x2104,0x2944,0x2124,0x2103,0x18c3,0x18e3,0x2104,0x18c3,0x18a2,0x18c3,
  0x18a2,0x20e3,0x18c3,0x18c2,0x18e3,0x2904,0x2103,0x18c3,0x20e3,0x3186,0x4208,0x4208,0x4208,0x4208,0x4208,0x4228,0x4228,0x4228,0x4a29,0x4a49,
  0x4a49,0x4a49,0x4a49,0x4a29,0x4a49,0x4a49,0x4a29,0x4a29,0x4a29,0x4a29,0x4a49,0x4a29,0x4a29,0x4a29,0x4229,0x4a29,0x4a29,0x4a49,0x4a49,0x4a49,
  0x4a49,0x4a49,0x4a49,0x4a49,0x4a49,0x4a49,0x4a49,0x4a49,0x4a49,0x4a49,0x4a49,0x4a49,0x4a49,0x4a49,0x4a49,0x4a49,0x4a49,0x4a28,0x4228,0x4208,
  0x4228,0x4208,0x4208,0x4208,0x4208,0x41e7,0x39c7,0x39a6,0x3186,0x2965,0x2945,0x2124,0x2104,0x20e3,0x18e3,0x18e3,0x18e3,0x18e3,0x18e4,0x18e4,
  0x18e4,0x20e4,0x2104,0x2104,0x2124,0x2124,0x2124,0x2124,0x2124,0x2124,0x2125,0x2125,0x2124,0x2125,0x2125,0x2125,0x2124,0x2104,0x2104,0x2104,
  0x2104,0x2104,0x2104,0x2104,0x2104,0x2124,0x2104,0x2104,0x2104,0x2104,0x2104,0x2104,0x2104,0x1904,0x1904,0x1904,0x1904,0x1904,0x1904,0x18e4,
  0x18e4,0x18e4,0x18e4,0x18e4,0x18e4,0x18e4,0x18e3,0x18e3,0x18c3,0x18c3,0x18c3,0x18c3,0x18c3,0x18c3,0x18c3,0x18c3,0x18c3,0x18c3,0x18c3,0x18c3,
  0x10a3,0x10a2,0x10a2,0x10a2,0x18c3,0x18e3,0x2104,0x2924,0x2965,0x3165,0x3186,0x3186,0x3186,0x3186,0x3166,0x2966,0x2966,0x2966,0x2966,0x2946,
  0x2945,0x2945,0x2945,0x2945,0x2925,0x2125,0x2125,0x2125,0x2125,0x2104,0x2104,0x2104,0x3165,0x41c6,0x41c6,0x3985,0x3965,0x41c6,0x41c6,0x41c6,
  0x49e6,0x49e6,0x3164,0x3164,0x3984,0x49e6,0x5a68,0x6aa9,0x5206,0x3164,0x3965,0x39a6,0x4a07,0x49e7,0x39a6,0x3185,0x39a5,0x49e6,0x41c6,0x39a6,
  0x3165,0x3144,0x3985,0x3144,0x2924,0x2104,0x3165,0x41c6,0x3985,0x3165,0x3985,0x41a6,0x3965,0x20e3,0x2103,0x3165,0x4a07,0x2903,0x20e3,0x2103,
  0x39a6,0x2945,0x18e3,0x18c3,0x10a3,0x2124,0x20e4,0x2925,0x18c3,0x18e3,0x2104,0x2124,0x2945,0x3186,0x2124,0x2125,0x10a2,0x10a3,0x10a3,0x10a2,
  0x18a3,0x2104,0x18e3,0x2104,0x18c3,0x18c3,0x2924,0x18c3,0x3145,0x2965,0x2104,0x2945,0x18e4,0x18c3,0x18c3,0x2945,0x1082,0x18c3,0x2104,0x2124,
  0x18c3,0x1082,0x18a2,0x18e3,0x18e3,0x18c3,0x0862,0x1082,0x18c3,0x10c3,0x3985,0x2924,0x2103,0x2103,0x2104,0x2924,0x18e3,0x10a2,0x10a2,0x18c3,
  0x18c3,0x18c2,0x10a2,0x18c2,0x18c3,0x20e3,0x18e3,0x18c3,0x18e3,0x2965,0x41e7,0x4208,0x4208,0x4208,0x4208,0x4208,0x4208,0x4208,0x4228,0x4a29,
  0x4a29,0x4a29,0x4a29,0x4a29,0x4a29,0x4228,0x4228,0x4228,0x4228,0x4228,0x4228,0x4228,0x4228,0x4208,0x4228,0x4228,0x4229,0x4a29,0x4a49,0x4a49,
  0x4a49,0x4a49,0x4a49,0x4a49,0x4a29,0x4a29,0x4a29,0x4a28,0x4a29,0x4a48,0x4a49,0x4a49,0x4a49,0x4a49,0x4a49,0x4a49,0x4a28,0x4a28,0x4228,0x4208,
  0x4208,0x4208,0x41e8,0x41e7,0x41e7,0x41e7,0x39e7,0x39a7,0x3186,0x3165,0x2945,0x2124,0x2104,0x18e3,0x18e3,0x18e3,0x18e3,0x18e3,0x18e3,0x18e3,
  0x18e3,0x18e3,0x18e4,0x2104,0x2104,0x2104,0x2104,0x2104,0x2104,0x2104,0x2104,0x2104,0x2124,0x2104,0x2104,0x2104,0x2104,0x2104,0x2104,0x2104,
  0x2104,0x2104,0x2104,0x2104,0x2104,0x2104,0x2104,0x2104,0x2104,0x2104,0x2104,0x2104,0x18e4,0x18e4,0x18e4,0x18e4,0x18e4,0x1904,0x18e4,0x18e4,
  0x18e4,0x18e4,0x18e4,0x18e4,0x18e3,0x18c3,0x18c3,0x18c3,0x18c3,0x18c3,0x18c3,0x18c3,0x18c3,0x18c3,0x18c3,0x18c3,0x18c3,0x18c3,0x18c3,0x10a3,
  0x10a2,0x10a2,0x10a2,0x18a2,0x18e3,0x2104,0x2924,0x2945,0x3165,0x3186,0x3186,0x3186,0x3186,0x3186,0x3186,0x3186,0x2986,0x2966,0x2966,0x2966,
  0x2946,0x2945,0x2945,0x2145,0x2125,0x2125,0x2125,0x2125,0x2125,0x2124,0x2104,0x2104,0x2945,0x39a6,0x39a6,0x41a5,0x3985,0x39a5,0x49e6,0x4a07,
  0x41c6,0x3985,0x2903,0x2923,0x41a5,0x5227,0x5a47,0x6268,0x5206,0x3165,0x3165,0x3185,0x39a6,0x3165,0x3145,0x3165,0x41c6,0x49c6,0x41a5,0x2924,
  0x2103,0x3165,0x39a6,0x3985,0x3985,0x3165,0x2945,0x20e3,0x2103,0x3985,0x41c6,0x41a5,0x2103,0x18e3,0x3164,0x49c5,0x39a5,0x18a2,0x18c2,0x2924,
  0x2104,0x2904,0x3144,0x2924,0x2924,0x2104,0x10a2,0x2924,0x18c3,0x2944,0x18e3,0x18e3,0x18a3,0x18c3,0x18e3,0x3186,0x2945,0x3186,0x18e4,0x10a3,
  0x10a2,0x18a3,0x18c3,0x10a3,0x10a2,0x10a2,0x2945,0x18c3,0x20e3,0x2104,0x2104,0x18e4,0x2104,0x18e3,0x18c3,0x18c3,0x18c3,0x3165,0x2945,0x18c3,
  0x2103,0x18c2,0x1082,0x10a3,0x18e3,0x10a2,0x18e3,0x18c3,0x18e3,0x18e3,0x20e3,0x20e3,0x2103,0x18c3,0x18c3,0x10a2,0x1082,0x10a2,0x18e3,0x2103,
  0x18e3,0x18a2,0x18c3,0x18c2,0x18c3,0x18c3,0x18c3,0x18c2,0x18c3,0x2965,0x41e7,0x41e8,0x41e7,0x41e8,0x41e7,0x41e8,0x41e8,0x4208,0x4208,0x4208,
  0x4208,0x4228,0x4228,0x4228,0x4228,0x4228,0x4208,0x4208,0x4208,0x4208,0x4208,0x4208,0x4208,0x4208,0x4208,0x4228,0x4228,0x4a29,0x4a29,0x4a49,
  0x4a49,0x4a29,0x4a29,0x4a28,0x4a28,0x4a28,0x4a28,0x4a28,0x4a48,0x4a48,0x4a49,0x4a49,0x4a49,0x4a49,0x4a49,0x4a49,0x4a49,0x4a28,0x4208,0x4208,
  0x4208,0x41e7,0x39e7,0x39e7,0x39c7,0x39c7,0x39c7,0x39a7,0x31a6,0x3166,0x2945,0x2924,0x2104,0x18e3,0x18c3,0x18c3,0x18c3,0x18c3,0x18c3,0x18c3,
  0x18c3,0x18c3,0x18e3,0x18e3,0x18e4,0x2104,0x2104,0x2104,0x2104,0x2104,0x2104,0x2104,0x2104,0x2104,0x2104,0x2104,0x2104,0x2104,0x2104,0x2104,
  0x2104,0x2104,0x2104,0x2104,0x2104,0x2104,0x2104,0x2104,0x2104,0x2104,0x1904,0x18e4,0x18e4,0x18e4,0x18e4,0x18e4,0x18e4,0x18e4,0x18e4,0x18e4,
  0x18e4,0x18e4,0x18e3,0x18e3,0x18c3,0x18c3,0x18c3,0x18c3,0x18c3,0x18c3,0x18c3,0x18c3,0x18c3,0x18c3,0x18c3,0x18c3,0x18c3,0x18c3,0x10a3,0x10a2,
  0x10a2,0x10a2,0x10a2,0x18c3,0x20e3,0x2104,0x2945,0x3165,0x3186,0x3186,0x3186,0x3186,0x3186,0x3186,0x3186,0x3186,0x3186,0x2986,0x2966,0x2966,
  0x2946,0x2945,0x2145,0x2125,0x2125,0x2125,0x2125,0x2125,0x2125,0x2125,0x2104,0x2104,0x2945,0x3165,0x3985,0x41c6,0x41c6,0x3165,0x39a5,0x41c6,
  0x3985,0x3164,0x2103,0x2923,0x5227,0x51e6,0x49c5,0x5206,0x3985,0x3145,0x3185,0x3165,0x2944,0x3144,0x2944,0x2924,0x3164,0x2944,0x3164,0x2924,
  0x2924,0x3165,0x2924,0x3165,0x41a5,0x3164,0x2924,0x3165,0x3165,0x2124,0x3165,0x3985,0x2944,0x2924,0x3144,0x3143,0x18c2,0x20e3,0x39a6,0x41e6,
  0x2925,0x3186,0x2944,0x3144,0x2924,0x2104,0x10c3,0x10a3,0x10a2,0x2104,0x10a2,0x10a2,0x0861,0x10a2,0x10a2,0x10a2,0x2924,0x2104,0x18e3,0x2124,
  0x2104,0x18e3,0x10a2,0x1082,0x2945,0x3186,0x10a2,0x18c3,0x18c3,0x10a2,0x10a3,0x18e3,0x18e4,0x20e4,0x1082,0x10a2,0x2104,0x2103,0x10a2,0x10a2,
  0x3165,0x20e3,0x2104,0x10a2,0x0861,0x10a2,0x2104,0x2104,0x20e3,0x3165,0x18c3,0x1082,0x20e3,0x10a2,0x1082,0x20e3,0x10a2,0x10a2,0x20e3,0x18c3,
  0x20e3,0x18c3,0x18a2,0x10a2,0x18c2,0x18c3,0x18c3,0x18c2,0x18c3,0x2945,0x39c7,0x39e7,0x39e7,0x39e7,0x39c7,0x39c7,0x39e7,0x39e7,0x41e8,0x41e8,
  0x4208,0x4208,0x4208,0x4208,0x4208,0x4208,0x4208,0x4208,0x4208,0x4208,0x4208,0x4208,0x4208,0x4208,0x4208,0x4228,0x4228,0x4a28,0x4a28,0x4a29,
  0x4a29,0x4a28,0x4228,0x4228,0x4a28,0x4a28,0x4228,0x4a28,0x4a28,0x4a49,0x4a48,0x4a48,0x4a48,0x4a48,0x4a49,0x4a48,0x4a48,0x4a28,0x4208,0x4208,
  0x41e7,0x39e7,0x39e7,0x39c7,0x39c7,0x39c7,0x39a6,0x39a6,0x3186,0x3186,0x2945,0x2924,0x2104,0x20e3,0x18c3,0x18a2,0x18c2,0x18c3,0x18c3,0x18c3,
  0x18c3,0x18c3,0x18c3,0x18c3,0x18e3,0x18e3,0x20e4,0x2104,0x2104,0x2104,0x20e4,0x20e4,0x2104,0x2104,0x2104,0x2104,0x2104,0x2104,0x2104,0x20e4,
  0x2104,0x2104,0x2104,0x2104,0x2104,0x2104,0x2104,0x20e4,0x18e4,0x18e4,0x18e4,0x18e4,0x18e4,0x18e4,0x18e4,0x18e4,0x18e4,0x18e4,0x18e4,0x18e4,
  0x18e4,0x18e3,0x18c3,0x18c3,0x18c3,0x18c3,0x18c3,0x18c3,0x18c3,0x18c3,0x18c3,0x18c3,0x18c3,0x10a3,0x18a3,0x18a3,0x10a3,0x10a3,0x10a2,0x10a2,
  0x10a2,0x10a2,0x18a2,0x18e3,0x2104,0x2924,0x2945,0x3165,0x3186,0x3186,0x3186,0x3186,0x3186,0x3186,0x3186,0x3186,0x3186,0x2966,0x2966,0x2966,
  0x2946,0x2945,0x2125,0x2125,0x2125,0x2125,0x2125,0x2125,0x2125,0x2104,0x2104,0x2104,0x2924,0x3165,0x3985,0x41a5,0x41a5,0x3144,0x3965,0x39a5,
  0x3985,0x3164,0x2903,0x3964,0x5227,0x41a5,0x41a5,0x41a5,0x3144,0x3165,0x3165,0x3185,0x3145,0x2944,0x2924,0x2924,0x2924,0x2103,0x2103,0x2944,
  0x39a6,0x3985,0x2924,0x3985,0x3965,0x3124,0x2945,0x4a07,0x41c6,0x2104,0x2924,0x2903,0x20e3,0x2924,0x2103,0x20c3,0x1082,0x20e3,0x3985,0x2924,
  0x2104,0x20e4,0x2104,0x10a3,0x18e4,0x2104,0x18c3,0x18c3,0x2125,0x2944,0x10a2,0x1082,0x1082,0x2104,0x2104,0x18e3,0x2103,0x1082,0x2945,0x39c7,
  0x4a28,0x18e3,0x1082,0x10a2,0x18e3,0x2104,0x18e3,0x18c3,0x18c3,0x1082,0x10a3,0x10a2,0x18c3,0x18c3,0x18e3,0x2124,0x2945,0x2924,0x0841,0x18a2,
  0x2924,0x2104,0x3165,0x20e3,0x0862,0x18c3,0x18e3,0x18e3,0x18e3,0x18c3,0x18e3,0x18c2,0x2103,0x1082,0x1082,0x10a2,0x1082,0x10a2,0x18a2,0x10a2,
  0x18c3,0x18a2,0x1061,0x10a2,0x18e3,0x18e3,0x18c3,0x18c2,0x18c3,0x2944,0x39a6,0x39c7,0x39c7,0x39c7,0x39c7,0x39c7,0x39c7,0x39c7,0x39e7,0x39e7,
  0x39e7,0x41e8,0x4208,0x4208,0x41e8,0x41e8,0x41e8,0x41e8,0x41e8,0x4208,0x4208,0x4208,0x4208,0x4208,0x4208,0x4228,0x4a28,0x4a28,0x4228,0x4228,
  0x4228,0x4228,0x4228,0x4228,0x4208,0x4208,0x4a28,0x4a28,0x4a48,0x4a48,0x4a48,0x4a28,0x4a28,0x4a48,0x4a48,0x4a28,0x4a28,0x4208,0x4208,0x41e7,
  0x41e7,0x39c7,0x39c7,0x39c7,0x39a7,0x39a6,0x31a6,0x31a6,0x3186,0x3166,0x2945,0x2924,0x2104,0x18e3,0x18c3,0x18a2,0x10a2,0x10a2,0x10a2,0x10a2,
  0x18c3,0x18c3,0x18c3,0x18c3,0x18c3,0x18e3,0x18e3,0x18e3,0x18e4,0x18e4,0x18e4,0x18e4,0x20e4,0x20e4,0x2104,0x2104,0x18e4,0x18e4,0x18e4,0x18e4,
  0x20e4,0x18e4,0x20e4,0x2104,0x2104,0x1904,0x18e4,0x18e4,0x18e4,0x18e4,0x18e4,0x18e4,0x18e4,0x18e4,0x18e4,0x18e4,0x18e4,0x18e3,0x18e3,0x18e3,
  0x18e3,0x18c3,0x18c3,0x18c3,0x18c3,0x18c3,0x18c3,0x18c3,0x18c3,0x18c3,0x18c3,0x18c3,0x10a3,0x10a3,0x10a2,0x10a2,0x10a2,0x10a2,0x10a2,0x10a2,
  0x1082,0x10a2,0x18c3,0x20e3,0x2104,0x2924,0x2945,0x3165,0x3186,0x3186,0x3186,0x3186,0x3186,0x2986,0x2986,0x2966,0x2966,0x2966,0x2966,0x2946,
  0x2946,0x2945,0x2125,0x2125,0x2125,0x2125,0x2125,0x2104,0x2104,0x2104,0x2104,0x20e4,0x2104,0x3165,0x3985,0x3965,0x3164,0x3144,0x3985,0x39a5,
  0x41a5,0x3985,0x3164,0x39a5,0x41c5,0x49e6,0x49e6,0x3964,0x2924,0x2944,0x3165,0x3165,0x3165,0x3144,0x18c3,0x2103,0x2924,0x20e3,0x18c2,0x2103,
  0x3144,0x3965,0x41c6,0x3165,0x3986,0x3985,0x3185,0x41a5,0x3964,0x2924,0x2103,0x3144,0x39a5,0x49e6,0x2924,0x18c2,0x10a2,0x20e3,0x3964,0x2924,
  0x18c3,0x10a3,0x10a2,0x10a3,0x18e4,0x2945,0x2945,0x10c3,0x2104,0x2104,0x1082,0x18c3,0x2104,0x20e4,0x18e3,0x10a3,0x2104,0x18c3,0x2104,0x18c3,
  0x2104,0x18c3,0x18e3,0x18e4,0x18c3,0x2124,0x20e3,0x10a3,0x10a2,0x1082,0x0862,0x1082,0x10a2,0x1082,0x2124,0x2924,0x2104,0x2104,0x0861,0x10a2,
  0x18c3,0x18e3,0x2124,0x2103,0x2104,0x18e3,0x18c3,0x2103,0x18c3,0x10a2,0x18c2,0x20e3,0x18a2,0x0841,0x1082,0x1082,0x18a2,0x18c3,0x18c3,0x18e3,
  0x10a2,0x1082,0x1082,0x18c2,0x18c3,0x18c2,0x18a2,0x18c3,0x18e3,0x2924,0x31a6,0x31a6,0x31a6,0x31a6,0x31a6,0x39a7,0x39a7,0x39c7,0x39c7,0x39c7,
  0x39c7,0x39e7,0x39e8,0x39e8,0x39e8,0x39e8,0x39e8,0x39e8,0x39e8,0x39e8,0x4208,0x4208,0x4208,0x4208,0x4208,0x4228,0x4228,0x4228,0x4228,0x4208,
  0x4208,0x4228,0x4228,0x4208,0x4208,0x4208,0x4228,0x4a28,0x4a28,0x4a28,0x4a28,0x4a28,0x4a28,0x4a28,0x4a28,0x4a08,0x4208,0x4208,0x41e8,0x41e7,
  0x41e7,0x39c7,0x39c7,0x39a6,0x31a6,0x31a6,0x3186,0x3186,0x3186,0x2965,0x2945,0x2924,0x2104,0x20e3,0x18c3,0x18a2,0x10a2,0x10a2,0x10a2,0x10a2,
  0x10a2,0x10a3,0x18c3,0x18c3,0x18c3,0x18c3,0x18c3,0x18e3,0x18e3,0x18e3,0x18e3,0x18e3,0x18e4,0x18e3,0x18e3,0x18e4,0x18e4,0x18e4,0x18e4,0x18e4,
  0x18e4,0x18e4,0x18e4,0x18e4,0x18e4,0x18e4,0x18e4,0x18e4,0x18e4,0x18e4,0x18e4,0x18e4,0x18e4,0x18e4,0x18e3,0x18e4,0x18e3,0x18e3,0x18c3,0x18c3,
  0x18c3,0x18c3,0x18c3,0x18c3,0x18c3,0x18c3,0x18c3,0x18c3,0x18c3,0x18c3,0x10a3,0x10a3,0x10a3,0x10a2,0x10a2,0x10a2,0x10a2,0x10a2,0x1082,0x1082,
  0x1082,0x10a2,0x18c3,0x20e3,0x2124,0x2945,0x2965,0x3165,0x3166,0x2966,0x2966,0x2966,0x2966,0x2966,0x2966,0x2966,0x2966,0x2966,0x2946,0x2946,
  0x2946,0x2945,0x2145,0x2125,0x2125,0x2125,0x2104,0x2104,0x2104,0x2104,0x2104,0x18e4,0x2104,0x3165,0x3985,0x3164,0x2924,0x3165,0x3985,0x3164,
  0x39a5,0x39a6,0x41e7,0x49e6,0x3964,0x3984,0x3984,0x3144,0x2924,0x2924,0x2924,0x2924,0x3144,0x2944,0x2104,0x2944,0x3144,0x2923,0x20e3,0x2924,
  0x3165,0x3985,0x3985,0x2944,0x41e7,0x41e7,0x3165,0x2923,0x2924,0x2103,0x3165,0x3965,0x3165,0x41c6,0x2924,0x18c3,0x2924,0x3985,0x2924,0x20e3,
  0x10c3,0x10a2,0x10a2,0x10a2,0x2104,0x2104,0x2104,0x18e4,0x18e3,0x18c3,0x18c3,0x2945,0x18c3,0x10a2,0x10a3,0x10a3,0x2124,0x18e3,0x10a2,0x18c3,
  0x18e3,0x2104,0x2124,0x2104,0x2945,0x18c3,0x1082,0x1082,0x1082,0x18e4,0x10a3,0x0862,0x10a2,0x18c3,0x10a2,0x0862,0x0862,0x18c3,0x2103,0x18c3,
  0x18e3,0x1082,0x20e3,0x18c3,0x2103,0x20e3,0x1082,0x20e3,0x18e3,0x18c3,0x18a2,0x10a2,0x0041,0x1082,0x10a2,0x10a2,0x18c3,0x18a3,0x18a2,0x10a2,
  0x1082,0x18e3,0x20e3,0x18c3,0x18c2,0x10a2,0x10a2,0x18c3,0x18e3,0x2124,0x3186,0x3186,0x3186,0x3186,0x31a6,0x31a6,0x31a6,0x31a7,0x39a7,0x39c7,
  0x39c7,0x39c7,0x39c7,0x39c7,0x39c7,0x39e7,0x39e7,0x39e7,0x39e7,0x39e7,0x39e8,0x39e8,0x41e8,0x4208,0x4208,0x4208,0x4208,0x4208,0x4208,0x4208,
  0x4208,0x4208,0x4208,0x4208,0x4208,0x4208,0x4208,0x4208,0x4208,0x4a28,0x4a28,0x4a28,0x4a28,0x4a28,0x4208,0x4208,0x4207,0x41e7,0x41e7,0x41e7,
  0x39c7,0x39c7,0x39c7,0x39a6,0x31a6,0x3186,0x3186,0x3165,0x3165,0x2945,0x2945,0x2924,0x2104,0x20e3,0x18c3,0x10a2,0x1082,0x1082,0x10a2,0x10a2,
  0x10a2,0x10a2,0x18a3,0x18c3,0x18c3,0x18c3,0x18c3,0x18e3,0x18e3,0x18e3,0x18e3,0x18e3,0x18e3,0x18e3,0x18e3,0x18e3,0x18e3,0x18e3,0x18e3,0x18e3,
  0x18e3,0x18e4,0x18e4,0x18e4,0x18e4,0x18e4,0x18e4,0x18e4,0x18e4,0x18e4,0x18e4,0x18e4,0x18e3,0x18e3,0x18c3,0x18e3,0x18c3,0x18c3,0x18c3,0x18c3,
  0x18c3,0x18c3,0x18c3,0x18c3,0x18c3,0x18c3,0x18c3,0x18c3,0x18c3,0x18a3,0x10a3,0x10a2,0x10a2,0x10a2,0x10a2,0x1082,0x1082,0x1082,0x1082,0x1082,
  0x1082,0x10a2,0x18c3,0x2103,0x2924,0x2945,0x3165,0x3166,0x2965,0x2966,0x2946,0x2966,0x2966,0x2966,0x2946,0x2946,0x2945,0x2946,0x2945,0x2945,
  0x2945,0x2145,0x2125,0x2125,0x2125,0x2125,0x2104,0x2104,0x2104,0x2104,0x1904,0x18e4,0x18e4,0x2944,0x3985,0x3164,0x2944,0x3165,0x3165,0x2944,
  0x3185,0x3985,0x41e6,0x41a6,0x3964,0x3143,0x3984,0x41c6,0x2944,0x2104,0x2904,0x2103,0x2124,0x2924,0x3144,0x3144,0x3124,0x2103,0x2924,0x3165,
  0x49e6,0x3164,0x2103,0x3165,0x3985,0x3985,0x2924,0x2924,0x18c2,0x2924,0x39a6,0x2944,0x20e3,0x20e3,0x20e3,0x2944,0x3185,0x3144,0x20e3,0x18a2,
  0x18e3,0x2945,0x18e3,0x18c3,0x18c3,0x18c3,0x2124,0x2124,0x10a2,0x10a2,0x1082,0x18e3,0x18e4,0x10a2,0x18a3,0x18e3,0x18c3,0x18a2,0x18c3,0x18c3,
  0x2104,0x2124,0x18e3,0x2104,0x18c3,0x18c3,0x10a2,0x18c3,0x10a3,0x1082,0x0861,0x1082,0x18c3,0x18c3,0x10a2,0x0861,0x0861,0x10a2,0x2924,0x18c3,
  0x10a2,0x10a2,0x2104,0x10a2,0x2103,0x18c3,0x1082,0x1082,0x18c3,0x20e3,0x18a2,0x0861,0x0841,0x1082,0x10a2,0x10a2,0x10a2,0x1082,0x1081,0x0861,
  0x1082,0x20e3,0x2103,0x20e3,0x18a2,0x1082,0x18a2,0x18c2,0x18c3,0x2104,0x2965,0x3186,0x3186,0x3186,0x3186,0x3186,0x31a6,0x31a6,0x39a7,0x39a7,
  0x31a7,0x31a7,0x31a7,0x39a7,0x39c7,0x39c7,0x39c7,0x39c7,0x39c7,0x39c7,0x39c7,0x39e7,0x39e8,0x39e8,0x41e8,0x41e8,0x41e8,0x4208,0x4208,0x4208,
  0x4208,0x4208,0x4208,0x4208,0x4208,0x4208,0x4208,0x4208,0x4208,0x4208,0x4208,0x4208,0x4208,0x4208,0x41e7,0x41e7,0x41e7,0x39e7,0x39c7,0x39c7,
  0x39c7,0x39c7,0x39a6,0x3186,0x3186,0x3186,0x3165,0x2965,0x2965,0x2945,0x2944,0x2124,0x2104,0x20e3,0x18c3,0x10a2,0x1082,0x1082,0x1082,0x1082,
  0x10a2,0x10a2,0x10a3,0x10a3,0x18c3,0x18c3,0x18c3,0x18c3,0x18c3,0x18c3,0x18c3,0x18c3,0x18c3,0x18c3,0x18c3,0x18e3,0x18e3,0x18e3,0x18e3,0x18e3,
  0x18e3,0x18e3,0x18e3,0x18e3,0x18e3,0x18e3,0x18e4,0x18e3,0x18e3,0x18e4,0x18e4,0x18e3,0x18e3,0x18e3,0x18c3,0x18c3,0x18c3,0x18c3,0x18c3,0x18c3,
  0x18c3,0x18c3,0x18c3,0x18c3,0x10c3,0x10a3,0x10a3,0x10a3,0x10a3,0x10a3,0x10a2,0x10a2,0x10a2,0x10a2,0x1082,0x1082,0x1082,0x1082,0x0861,0x0861,
  0x1082,0x18a3,0x18e3,0x2104,0x2924,0x3165,0x3186,0x3166,0x2965,0x2945,0x2945,0x2945,0x2945,0x2945,0x2945,0x2125,0x2125,0x2125,0x2145,0x2145,
  0x2145,0x2125,0x2125,0x2125,0x2125,0x2125,0x2104,0x2104,0x2104,0x1904,0x18e4,0x18e4,0x18e4,0x2104,0x3165,0x3165,0x3165,0x3985,0x3164,0x2924,
  0x3144,0x3165,0x41a5,0x2924,0x3164,0x41a5,0x3965,0x3965,0x3144,0x2103,0x20e3,0x2103,0x2104,0x2924,0x2903,0x20e3,0x2103,0x39a6,0x41e7,0x49e6,
  0x3985,0x20e3,0x20e3,0x3165,0x39a5,0x3144,0x2924,0x2924,0x18c2,0x2103,0x3144,0x20e3,0x20e3,0x2924,0x2103,0x2924,0x2924,0x20e3,0x2924,0x3144,
  0x18c3,0x18c3,0x18a2,0x10a2,0x18c3,0x18c3,0x18c2,0x1062,0x10a2,0x10a2,0x10a3,0x10a3,0x10a2,0x10a2,0x18c3,0x18e3,0x1082,0x10a2,0x10a2,0x10a3,
  0x10a3,0x18c3,0x10a2,0x18c3,0x18c3,0x10a2,0x2104,0x2924,0x10a2,0x0841,0x1082,0x18c3,0x1062,0x1082,0x1082,0x0861,0x0862,0x10a2,0x18e3,0x10a2,
  0x18e3,0x2103,0x10a2,0x1082,0x1082,0x10a2,0x10a2,0x0862,0x0861,0x10a2,0x10a2,0x10a2,0x18c3,0x1082,0x0861,0x1061,0x1082,0x1082,0x1061,0x1082,
  0x18a2,0x20e3,0x20e3,0x18e3,0x1082,0x1082,0x18a2,0x18a2,0x18c2,0x2104,0x2945,0x2965,0x2966,0x3166,0x3186,0x3186,0x3186,0x3186,0x31a6,0x31a6,
  0x31a7,0x31a6,0x31a6,0x31a7,0x31a7,0x31a7,0x39a7,0x39c7,0x39c7,0x39c7,0x39c7,0x39c7,0x39c7,0x39c7,0x39c7,0x39e7,0x39e7,0x39e8,0x41e8,0x4208,
  0x4208,0x41e8,0x41e8,0x41e8,0x41e8,0x41e8,0x41e8,0x41e8,0x4208,0x41e8,0x4208,0x4208,0x4207,0x41e7,0x39e7,0x39c7,0x39c7,0x39c7,0x39c7,0x39c7,
  0x39c7,0x39a6,0x3186,0x3186,0x3186,0x3165,0x2965,0x2945,0x2945,0x2944,0x2924,0x2124,0x2104,0x20e3,0x18c3,0x10a2,0x1082,0x1082,0x1082,0x1082,
  0x10a2,0x10a2,0x10a2,0x10a3,0x18a3,0x18c3,0x18c3,0x18c3,0x18c3,0x18c3,0x18c3,0x18c3,0x18c3,0x18c3,0x18c3,0x18c3,0x18c3,0x18c3,0x18c3,0x18c3,
  0x18c3,0x18c3,0x18c3,0x18e3,0x18e3,0x18e3,0x18e3,0x18e3,0x18e3,0x18e3,0x18e3,0x18c3,0x18c3,0x18c3,0x18c3,0x18c3,0x18c3,0x18c3,0x18c3,0x18c3,
  0x18c3,0x10c3,0x10a3,0x10a3,0x10a3,0x10a3,0x10a2,0x10a2,0x10a2,0x10a2,0x10a2,0x10a2,0x1082,0x1082,0x1082,0x1082,0x0861,0x0861,0x0861,0x0861,
  0x1082,0x18c3,0x20e3,0x2124,0x2945,0x3165,0x3186,0x3166,0x2965,0x2945,0x2945,0x2945,0x2125,0x2125,0x2125,0x2125,0x2125,0x2125,0x2125,0x2125,
  0x2125,0x2125,0x2125,0x2125,0x2125,0x2125,0x2104,0x2104,0x2104,0x18e4,0x18e4,0x18e4,0x18c3,0x18e4,0x2924,0x2944,0x3165,0x41c6,0x3985,0x3144,
  0x2944,0x2944,0x2924,0x18a2,0x20e3,0x39a5,0x3165,0x3144,0x3144,0x20e3,0x18c3,0x20e3,0x2903,0x3144,0x2924,0x20e3,0x3165,0x39c6,0x3185,0x3165,
  0x2104,0x2103,0x3164,0x41c6,0x3985,0x2903,0x2103,0x2944,0x2103,0x20e3,0x3123,0x2902,0x18a2,0x18c2,0x3164,0x39a5,0x39a6,0x2944,0x2903,0x2903,
  0x18c3,0x18a2,0x18c3,0x18e3,0x18c3,0x20e3,0x1082,0x1082,0x1082,0x1082,0x18c3,0x10c3,0x18e3,0x10a2,0x18c3,0x18e3,0x1082,0x1082,0x0862,0x10a2,
  0x10a3,0x10a3,0x1082,0x18c3,0x1082,0x10a2,0x18e3,0x10a2,0x18c3,0x0862,0x2945,0x2924,0x10a2,0x0862,0x1082,0x18c3,0x0862,0x1082,0x10a2,0x1082,
  0x18e3,0x10a2,0x1082,0x0861,0x1061,0x1082,0x18a2,0x18a2,0x10a2,0x1082,0x18c2,0x10a2,0x10a2,0x20e3,0x18a2,0x0861,0x1082,0x1082,0x1061,0x1082,
  0x18a2,0x18c2,0x10a2,0x18a2,0x10a2,0x10a2,0x10a2,0x10a2,0x18a2,0x2104,0x2945,0x2945,0x2965,0x2965,0x2966,0x3186,0x3186,0x3186,0x3186,0x31a6,
  0x31a6,0x31a6,0x3186,0x3186,0x3186,0x31a7,0x31a7,0x39a7,0x39a7,0x39a7,0x39a7,0x39a7,0x39c7,0x39c7,0x39c7,0x39c7,0x39c7,0x39c7,0x39e7,0x39e7,
  0x39e7,0x39e7,0x39e7,0x39e7,0x39e7,0x39e7,0x41e7,0x41e7,0x41e7,0x41e7,0x41e7,0x41e7,0x41e7,0x41e7,0x39e7,0x39c7,0x39c7,0x39c7,0x39c7,0x39a6,
  0x39a6,0x31a6,0x3186,0x3185,0x3165,0x2965,0x2945,0x2945,0x2924,0x2124,0x2124,0x2104,0x2104,0x18e3,0x18c3,0x10a2,0x1082,0x1082,0x1082,0x1082,
  0x1082,0x10a2,0x10a2,0x10a2,0x10a2,0x10a3,0x18c3,0x18c3,0x18c3,0x18c3,0x18c3,0x18c3,0x18c3,0x18c3,0x18c3,0x18c3,0x18c3,0x18c3,0x18c3,0x18c3,
  0x18c3,0x18c3,0x18c3,0x18c3,0x18c3,0x18c3,0x18c3,0x18c3,0x18c3,0x18c3,0x18c3,0x18c3,0x18c3,0x18c3,0x18c3,0x18c3,0x18c3,0x18c3,0x18c3,0x10c3,
  0x10a3,0x10a3,0x10a2,0x10a2,0x10a2,0x10a2,0x10a2,0x10a2,0x1082,0x1082,0x1082,0x1082,0x1082,0x1082,0x1082,0x0861,0x0861,0x0861,0x0861,0x0861,
  0x1082,0x18c3,0x2103,0x2924,0x2945,0x3186,0x3186,0x3186,0x2965,0x2945,0x2945,0x2945,0x2125,0x2125,0x2125,0x2105,0x2104,0x2105,0x2104,0x2104,
  0x2104,0x2104,0x2104,0x2104,0x2104,0x2104,0x2104,0x2104,0x1904,0x18e4,0x18e4,0x18e4,0x18c3,0x18c3,0x2103,0x2903,0x3144,0x39a5,0x39a5,0x3164,
  0x2944,0x2924,0x18c2,0x10a2,0x10a2,0x2944,0x3164,0x39a5,0x41e6,0x3144,0x2103,0x2103,0x2103,0x2903,0x20e3,0x2103,0x3185,0x3165,0x2103,0x18e3,
  0x18e3,0x2924,0x41a5,0x39a5,0x2904,0x2924,0x2924,0x2924,0x2103,0x2923,0x3123,0x2903,0x0861,0x1082,0x2904,0x3144,0x3985,0x20e3,0x18c2,0x18c2,
  0x18c3,0x18c3,0x10a2,0x10a2,0x2104,0x2924,0x18a3,0x0021,0x0861,0x10a2,0x18e3,0x2965,0x2104,0x2104,0x10a3,0x10a3,0x10a2,0x1082,0x1082,0x0861,
  0x1082,0x1082,0x0841,0x1082,0x0861,0x18c3,0x2945,0x10a2,0x1082,0x1082,0x2925,0x1082,0x10a2,0x18c3,0x10a2,0x2945,0x18e3,0x1082,0x0862,0x0882,
  0x1082,0x1082,0x0861,0x1082,0x1082,0x10a2,0x18a2,0x20e3,0x20e3,0x18a2,0x10a2,0x10a2,0x18a2,0x2924,0x20e3,0x0861,0x1082,0x0841,0x0861,0x1082,
  0x18c2,0x18c2,0x1081,0x18a2,0x18a2,0x10a2,0x1082,0x1082,0x18a2,0x2104,0x2945,0x2945,0x2945,0x2945,0x2945,0x2965,0x3166,0x3186,0x3186,0x3186,
  0x3186,0x3186,0x3186,0x3186,0x3186,0x3186,0x3186,0x31a7,0x31a7,0x31a7,0x31a7,0x31a7,0x31a7,0x31a7,0x39a7,0x39a7,0x39c7,0x39c7,0x39c7,0x39c7,
  0x39c7,0x39c7,0x39c7,0x39c7,0x39c7,0x39c7,0x39c7,0x39e7,0x39e7,0x39e7,0x39e7,0x41e7,0x39e7,0x39e7,0x39c7,0x39c7,0x39a7,0x39a6,0x39a6,0x39a6,
  0x31a6,0x3186,0x3186,0x3165,0x2965,0x2945,0x2945,0x2924,0x2124,0x2124,0x2104,0x2104,0x20e3,0x18e3,0x18a2,0x10a2,0x1082,0x1081,0x1082,0x1082,
  0x1082,0x1082,0x10a2,0x10a2,0x10a2,0x10a3,0x10a3,0x18c3,0x18c3,0x18c3,0x18c3,0x18c3,0x18c3,0x18c3,0x18c3,0x10a3,0x18c3,0x18c3,0x18c3,0x18c3,
  0x18c3,0x18c3,0x18c3,0x18c3,0x18c3,0x18c3,0x18c3,0x18c3,0x18c3,0x18c3,0x18c3,0x18c3,0x18c3,0x18c3,0x18c3,0x18c3,0x10c3,0x18a3,0x10a3,0x10a2,
  0x10a3,0x10a2,0x10a2,0x10a2,0x10a2,0x10a2,0x1082,0x1082,0x1082,0x1082,0x1082,0x1082,0x1082,0x1082,0x0861,0x0861,0x0861,0x0861,0x0841,0x0861,
  0x1082,0x18c3,0x2104,0x2924,0x3165,0x3186,0x3186,0x3166,0x2965,0x2945,0x2945,0x2125,0x2125,0x2125,0x2104,0x2104,0x2104,0x2104,0x2104,0x1904,
  0x2104,0x1904,0x2104,0x2104,0x2104,0x2104,0x2104,0x18e4,0x18e4,0x18e4,0x18e4,0x18c3,0x18c3,0x18c3,0x18e3,0x2103,0x2924,0x3164,0x3965,0x2924,
  0x2924,0x2924,0x2103,0x2924,0x2924,0x2903,0x3144,0x3144,0x41e6,0x41e6,0x3144,0x2903,0x20e3,0x2903,0x20e3,0x2103,0x2924,0x2103,0x18c2,0x18c2,
  0x10a2,0x18c3,0x2103,0x2924,0x20e3,0x3165,0x41c6,0x2924,0x2103,0x3164,0x3144,0x3144,0x20e3,0x20e3,0x18a2,0x20e3,0x3144,0x18c2,0x18c2,0x18a2,
  0x18c3,0x10a3,0x1082,0x0861,0x2104,0x18c3,0x2104,0x0841,0x1082,0x10a2,0x2965,0x20e3,0x2125,0x18e3,0x10a2,0x10a3,0x1082,0x10a2,0x1082,0x0841,
  0x2945,0x2104,0x1082,0x1082,0x1082,0x20e3,0x1082,0x0861,0x0861,0x1082,0x18a3,0x0841,0x18c3,0x18e3,0x18c3,0x1082,0x18e3,0x18a3,0x1082,0x1082,
  0x10a2,0x0861,0x1061,0x10a2,0x0861,0x18a2,0x18c3,0x1082,0x2103,0x18e3,0x1082,0x1082,0x18c2,0x20e3,0x18c2,0x0841,0x0020,0x1061,0x20e3,0x18c2,
  0x18c3,0x20c3,0x10a2,0x18c2,0x18c2,0x10a2,0x1082,0x1082,0x18a2,0x2104,0x2925,0x2925,0x2945,0x2945,0x2945,0x2945,0x2965,0x2966,0x3186,0x3186,
  0x3186,0x3186,0x3186,0x3186,0x3186,0x3186,0x3186,0x3186,0x3186,0x3187,0x31a7,0x31a7,0x31a7,0x31a7,0x31a7,0x31a7,0x39a7,0x39a7,0x39c7,0x39c7,
  0x39c7,0x39c7,0x39c7,0x39c7,0x39c7,0x39c7,0x39c7,0x39c7,0x39c7,0x39c7,0x39c7,0x39c7,0x39c7,0x39c7,0x39c7,0x39a6,0x39a6,0x39a6,0x31a6,0x3186,
  0x3186,0x3186,0x3165,0x2965,0x2945,0x2945,0x2924,0x2124,0x2104,0x2104,0x2103,0x20e3,0x18e3,0x18c3,0x18a2,0x1082,0x1082,0x0861,0x0861,0x1082,
  0x1082,0x1082,0x1082,0x10a2,0x10a2,0x10a2,0x10a2,0x10a2,0x10a3,0x10a3,0x10a3,0x10a3,0x10a3,0x18c3,0x18c3,0x18c3,0x18c3,0x18c3,0x18e3,0x18e3,
  0x18e3,0x18e3,0x18e4,0x18e4,0x1904,0x2104,0x20e4,0x20e4,0x2104,0x18e4,0x18e4,0x18e3,0x18e3,0x18e3,0x18e3,0x18e3,0x18e3,0x18c3,0x18c3,0x18c3,
  0x10a3,0x10a2,0x10a2,0x10a2,0x10a2,0x1082,0x1082,0x1082,0x1082,0x1082,0x1082,0x0861,0x0861,0x0861,0x0861,0x0861,0x0841,0x0841,0x0841,0x0861,
  0x10a2,0x18c3,0x2104,0x2924,0x2965,0x3165,0x3165,0x2965,0x2965,0x2945,0x2125,0x2125,0x2124,0x2104,0x2104,0x2104,0x2104,0x18e4,0x18e4,0x18e4,
  0x18e4,0x18e4,0x18e4,0x18e4,0x18e4,0x18e4,0x18e4,0x18e4,0x18e4,0x18e4,0x18e3,0x18c3,0x18c3,0x18c3,0x18c3,0x20e3,0x2923,0x2924,0x2924,0x20e3,
  0x2903,0x3144,0x2924,0x3144,0x3144,0x2103,0x2923,0x2923,0x3165,0x39a5,0x2903,0x20c2,0x1082,0x20e3,0x2903,0x3144,0x2903,0x20e3,0x20e3,0x18c2,
  0x18a2,0x18c2,0x20e3,0x2103,0x2924,0x3144,0x2944,0x2103,0x3165,0x2924,0x20e3,0x20e3,0x18c2,0x2103,0x2103,0x18c2,0x20c2,0x18a2,0x2903,0x2903,
  0x10a3,0x1082,0x0861,0x10a2,0x18e4,0x18e4,0x1082,0x1082,0x1082,0x10a2,0x10a3,0x2125,0x18e3,0x0861,0x1082,0x1082,0x18c3,0x18a3,0x10a2,0x2104,
  0x2945,0x20e3,0x10a2,0x0841,0x1082,0x0861,0x1082,0x10a2,0x1082,0x1082,0x0861,0x0861,0x10a2,0x18c3,0x1082,0x18c2,0x18a2,0x10a2,0x0861,0x1082,
  0x1081,0x0841,0x0861,0x10a2,0x1082,0x1082,0x0861,0x10a2,0x20e3,0x1082,0x1082,0x10a2,0x10a2,0x18a2,0x18c2,0x0020,0x0861,0x2103,0x2904,0x18c2,
  0x18a2,0x18a2,0x18a2,0x18a2,0x18a2,0x18a2,0x18a2,0x1082,0x18c2,0x2104,0x2124,0x2124,0x2124,0x2124,0x2125,0x2945,0x2945,0x2965,0x2965,0x2966,
  0x2966,0x2966,0x3166,0x3186,0x3186,0x3166,0x3186,0x3186,0x3186,0x3186,0x3186,0x3186,0x31a7,0x31a7,0x31a7,0x31a7,0x31a7,0x39a7,0x31a7,0x31a7,
  0x39a7,0x39c7,0x39c7,0x39c7,0x39c7,0x39c7,0x39c7,0x39a7,0x39c7,0x39c7,0x39c7,0x39c7,0x39c7,0x39a7,0x39a6,0x31a6,0x31a6,0x3186,0x3186,0x3186,
  0x3186,0x3165,0x2965,0x2945,0x2945,0x2924,0x2124,0x2104,0x2104,0x2103,0x20e3,0x18e3,0x18c3,0x18c2,0x10a2,0x1082,0x1061,0x0861,0x0861,0x0861,
  0x0882,0x1082,0x1082,0x1082,0x10a2,0x10a2,0x10a2,0x10a3,0x18c3,0x18c3,0x18c3,0x18c3,0x18e3,0x18e3,0x18e3,0x2104,0x2104,0x2104,0x2124,0x2124,
  0x2124,0x2924,0x2924,0x2924,0x2925,0x2924,0x2924,0x2924,0x2924,0x2924,0x2124,0x2124,0x2124,0x2124,0x2124,0x2124,0x2104,0x2104,0x2104,0x2104,
  0x18e3,0x18e3,0x18e3,0x18c3,0x18c3,0x10a2,0x10a2,0x10a2,0x1082,0x1082,0x1082,0x0861,0x0861,0x0861,0x0861,0x0841,0x0841,0x0841,0x0841,0x0861,
  0x1082,0x18c3,0x2103,0x2924,0x2945,0x2945,0x2965,0x2945,0x2945,0x2125,0x2125,0x2104,0x2104,0x2104,0x1904,0x18e4,0x18e4,0x18e4,0x18e3,0x18e3,
  0x18c3,0x18c3,0x18c3,0x18c3,0x18e3,0x18e4,0x18e4,0x18e3,0x18e3,0x18c3,0x18c3,0x18c3,0x18c3,0x18c3,0x10a3,0x18e3,0x2103,0x2103,0x2103,0x20e3,
  0x2103,0x3164,0x3144,0x2103,0x20e3,0x20e3,0x3164,0x3984,0x3144,0x3164,0x3144,0x20e2,0x1061,0x18c2,0x3144,0x3964,0x2924,0x2103,0x2103,0x18c2,
  0x2923,0x2924,0x2103,0x20e3,0x20e3,0x18c2,0x2904,0x3185,0x3145,0x20e3,0x20e3,0x18c2,0x20e3,0x3165,0x2903,0x18c2,0x20e2,0x18c2,0x2903,0x2903,
  0x10a3,0x10a2,0x18e3,0x2124,0x10a3,0x1082,0x18e3,0x10a3,0x1082,0x10a3,0x1082,0x18c3,0x1082,0x0861,0x0861,0x0862,0x1082,0x1082,0x0861,0x18c3,
  0x20e3,0x10a2,0x0020,0x0841,0x0841,0x0841,0x0861,0x0862,0x1082,0x1082,0x1082,0x0861,0x1082,0x0841,0x18a2,0x18c3,0x1082,0x0861,0x0861,0x1082,
  0x1081,0x0841,0x0841,0x0861,0x1061,0x1082,0x10a2,0x1082,0x1081,0x0861,0x1082,0x1082,0x10a2,0x18c3,0x18c2,0x18a2,0x18a2,0x18c2,0x10a2,0x1082,
  0x18a2,0x1082,0x18a2,0x18a2,0x10a2,0x18c2,0x18c2,0x18a2,0x18c3,0x2104,0x2124,0x2124,0x2124,0x2124,0x2124,0x2125,0x2945,0x2945,0x2945,0x2965,
  0x2965,0x2965,0x2966,0x2966,0x3166,0x3166,0x3186,0x3186,0x3166,0x3186,0x3186,0x3186,0x3186,0x31a7,0x31a7,0x31a7,0x31a7,0x31a7,0x31a7,0x31a7,
  0x31a7,0x39a7,0x39a7,0x39a7,0x39a7,0x39a7,0x39a7,0x39a6,0x39a6,0x39a7,0x39a6,0x39a6,0x39a6,0x39a6,0x31a6,0x3186,0x3186,0x3186,0x3186,0x3165,
  0x2965,0x2965,0x2945,0x2945,0x2924,0x2124,0x2104,0x2104,0x20e3,0x20e3,0x18e3,0x18c3,0x18c2,0x18a2,0x10a2,0x1082,0x1061,0x0861,0x0861,0x0861,
  0x0861,0x1082,0x1082,0x10a2,0x10a2,0x18c3,0x18e3,0x18e3,0x20e3,0x2104,0x2104,0x2104,0x2124,0x2124,0x2924,0x2945,0x2945,0x2945,0x2965,0x2965,
  0x2965,0x3165,0x3165,0x3165,0x3165,0x3165,0x3165,0x3165,0x3165,0x3165,0x2965,0x2965,0x2965,0x2965,0x2945,0x2945,0x2945,0x2945,0x2945,0x2945,
  0x2924,0x2124,0x2104,0x2104,0x2104,0x18e3,0x18e3,0x18c3,0x18c3,0x18a2,0x10a2,0x1082,0x1082,0x1082,0x0861,0x0861,0x0841,0x0841,0x0841,0x0861,
  0x1082,0x18c3,0x20e3,0x2124,0x2945,0x2945,0x2945,0x2945,0x2125,0x2104,0x2104,0x2104,0x18e4,0x18e4,0x18e4,0x18e4,0x18e4,0x18c3,0x18c3,0x18c3,
  0x18c3,0x18c3,0x18c3,0x18c3,0x18c3,0x18c3,0x18c3,0x18c3,0x18c3,0x18c3,0x18c3,0x18c3,0x18c3,0x10a3,0x10a3,0x10a3,0x18c3,0x20e3,0x2103,0x20e3,
  0x20e3,0x2924,0x3164,0x2103,0x20e3,0x2924,0x3985,0x3964,0x2924,0x2103,0x2923,0x3144,0x2924,0x2924,0x4a06,0x49e6,0x3144,0x20e3,0x20e3,0x20e3,
  0x2103,0x20e3,0x20e3,0x2103,0x20e3,0x2103,0x2103,0x20e3,0x18a2,0x20e3,0x2924,0x18c2,0x20e3,0x2904,0x18c3,0x18a2,0x20c2,0x18a2,0x18a2,0x18c2,
  0x18c3,0x2104,0x18e4,0x0862,0x1082,0x18c3,0x18a2,0x10a2,0x10a2,0x10a2,0x1082,0x1082,0x1082,0x1082,0x0861,0x0861,0x1082,0x0861,0x0841,0x0861,
  0x18c3,0x0861,0x0841,0x0861,0x0861,0x0861,0x0841,0x0861,0x0861,0x0841,0x0841,0x0841,0x0861,0x0861,0x0861,0x0861,0x1082,0x10a2,0x1082,0x10a2,
  0x0841,0x0840,0x0841,0x0021,0x0861,0x18a2,0x1082,0x0841,0x0861,0x1061,0x1082,0x1082,0x1082,0x18c2,0x1082,0x18a2,0x1082,0x1082,0x10a2,0x18a2,
  0x18c2,0x1082,0x18a2,0x10a2,0x18a2,0x18c2,0x18c2,0x18a2,0x18c3,0x20e4,0x2104,0x2104,0x2104,0x2104,0x2124,0x2124,0x2124,0x2125,0x2945,0x2945,
  0x2945,0x2945,0x2965,0x2966,0x2966,0x3166,0x2966,0x3166,0x2966,0x3166,0x3186,0x3186,0x3186,0x3186,0x31a7,0x31a7,0x31a7,0x31a7,0x31a7,0x31a7,
  0x31a7,0x31a7,0x31a7,0x31a6,0x31a6,0x31a7,0x39a6,0x39a6,0x39a6,0x39a6,0x39a6,0x39a6,0x31a6,0x31a6,0x3186,0x3186,0x3186,0x3165,0x3165,0x2965,
  0x2945,0x2945,0x2945,0x2924,0x2124,0x2104,0x2104,0x20e3,0x18e3,0x18c3,0x18c3,0x18c2,0x18a2,0x10a2,0x1082,0x1082,0x0861,0x0861,0x0861,0x1082,
  0x1082,0x10a2,0x18c3,0x18e3,0x18e3,0x2104,0x2104,0x2124,0x2924,0x2945,0x2945,0x2945,0x2965,0x3165,0x3166,0x3186,0x3186,0x3186,0x31a6,0x31a6,
  0x39a6,0x39a6,0x39a6,0x39a6,0x39a6,0x31a6,0x39a6,0x39a6,0x39a6,0x39a6,0x31a6,0x31a6,0x31a6,0x3186,0x3186,0x3186,0x3186,0x3166,0x3165,0x3165,
  0x2965,0x2965,0x2945,0x2945,0x2924,0x2124,0x2104,0x2104,0x20e4,0x20e3,0x18e3,0x18c3,0x18c3,0x18a2,0x10a2,0x1082,0x1082,0x0861,0x0861,0x0861,
  0x1082,0x18a2,0x18e3,0x2104,0x2124,0x2924,0x2124,0x2124,0x2104,0x2104,0x18e4,0x18e4,0x18e4,0x18c3,0x18c3,0x18c3,0x18c3,0x18c3,0x18c3,0x18c3,
  0x10c3,0x10a3,0x10a3,0x10a3,0x10a3,0x10a3,0x10c3,0x18c3,0x10c3,0x10a3,0x18a3,0x10a3,0x10a3,0x10a3,0x10a2,0x10a2,0x10a2,0x18c3,0x2103,0x2903,
  0x2103,0x2103,0x2103,0x2903,0x3985,0x3185,0x2944,0x3144,0x2923,0x2103,0x20e3,0x2923,0x3985,0x39a5,0x3985,0x3964,0x20e3,0x18c2,0x20e3,0x20e3,
  0x18c3,0x18a2,0x2903,0x2103,0x2103,0x20e3,0x18c2,0x18a2,0x18a2,0x2923,0x2103,0x18a2,0x18a2,0x18c2,0x20e3,0x20e3,0x1061,0x1081,0x0861,0x18a2,
  0x18c3,0x18e3,0x10a2,0x1082,0x0862,0x0861,0x10a2,0x18e4,0x18c3,0x0861,0x1082,0x0862,0x0861,0x0861,0x0841,0x0861,0x18c3,0x1082,0x0861,0x1082,
  0x1082,0x1082,0x1082,0x10a2,0x1061,0x0841,0x0861,0x10a2,0x0841,0x0020,0x0841,0x0861,0x0841,0x0841,0x0861,0x0861,0x18c2,0x10a2,0x0861,0x0861,
  0x0861,0x0841,0x0861,0x1081,0x0861,0x0841,0x0821,0x0861,0x1061,0x1081,0x1061,0x1082,0x1061,0x0861,0x1062,0x10a2,0x1082,0x18c2,0x18a2,0x18c2,
  0x10a2,0x1082,0x18a2,0x1082,0x18a2,0x18a2,0x10a2,0x10a2,0x18c3,0x18e3,0x20e3,0x2104,0x2104,0x2104,0x2104,0x2104,0x2124,0x2124,0x2124,0x2925,
  0x2945,0x2945,0x2945,0x2965,0x2965,0x2966,0x2966,0x2966,0x2966,0x2966,0x2966,0x3186,0x3186,0x3186,0x3186,0x3186,0x31a6,0x31a7,0x31a7,0x31a6,
  0x31a7,0x31a6,0x31a7,0x31a6,0x31a6,0x31a6,0x39a6,0x31a6,0x39a6,0x39a6,0x39a6,0x31a6,0x3186,0x3186,0x3186,0x3186,0x3165,0x3165,0x2965,0x2945,
  0x2945,0x2924,0x2924,0x2124,0x2104,0x2104,0x20e3,0x18e3,0x18c3,0x18c3,0x18c2,0x18a2,0x10a2,0x1082,0x1082,0x1082,0x1082,0x1082,0x10a2,0x18c3,
  0x18e3,0x20e4,0x2104,0x2124,0x2924,0x2945,0x2945,0x2965,0x3165,0x3186,0x3186,0x3186,0x31a6,0x39a6,0x39a6,0x39c7,0x39c7,0x39c7,0x39e7,0x39e7,
  0x39e7,0x41e7,0x41e7,0x41e7,0x39e7,0x39e7,0x39e7,0x39e7,0x39e7,0x39c7,0x39c7,0x39c7,0x39c7,0x39c7,0x39c7,0x39c7,0x39a6,0x39a6,0x39a6,0x31a6,
  0x3186,0x3186,0x3185,0x3165,0x3165,0x2945,0x2945,0x2944,0x2924,0x2124,0x2124,0x2104,0x2103,0x20e3,0x18e3,0x18c3,0x18c2,0x10a2,0x1082,0x10a2,
  0x10a2,0x18a2,0x18c3,0x18e3,0x2104,0x2104,0x2104,0x2104,0x2104,0x18e4,0x18e3,0x18e3,0x18c3,0x18c3,0x18c3,0x18c3,0x18c3,0x18c3,0x18c3,0x10c3,
  0x10c3,0x10a3,0x10a3,0x10a3,0x10a3,0x10a3,0x10a3,0x10a3,0x10a3,0x10a3,0x10a3,0x10a2,0x10a2,0x10a2,0x10a2,0x1082,0x1082,0x18c2,0x2103,0x2923,
  0x2903,0x20e3,0x18c2,0x20e3,0x3144,0x2944,0x2103,0x2103,0x2903,0x2923,0x3144,0x3144,0x2903,0x2903,0x2103,0x2903,0x18c2,0x18c2,0x18c3,0x18c3,
  0x18c3,0x18c2,0x18a2,0x10a2,0x20e3,0x20e3,0x18c2,0x18c2,0x1082,0x1082,0x10a2,0x18c2,0x18a2,0x1081,0x2103,0x20e3,0x18a2,0x18c2,0x18a2,0x18a2,
  0x0861,0x18c3,0x18c3,0x10a2,0x0841,0x0861,0x1082,0x0862,0x0861,0x0861,0x18c3,0x18c3,0x1082,0x0020,0x0841,0x1082,0x0000,0x0861,0x10a3,0x18c3,
  0x10a3,0x1082,0x1082,0x10a2,0x0861,0x0841,0x0021,0x0861,0x0841,0x0841,0x0861,0x0841,0x0841,0x0841,0x0841,0x0861,0x1061,0x0861,0x0861,0x1082,
  0x1082,0x1082,0x1082,0x1061,0x1082,0x0861,0x0841,0x1061,0x0841,0x0000,0x0841,0x1081,0x1082,0x0841,0x1082,0x1082,0x10a2,0x18c3,0x18a2,0x1082,
  0x1081,0x1082,0x1082,0x1082,0x1082,0x1081,0x1082,0x1082,0x18c3,0x18e3,0x18e3,0x20e3,0x2104,0x2104,0x2104,0x2104,0x2104,0x2104,0x2124,0x2124,
  0x2125,0x2125,0x2945,0x2945,0x2945,0x2965,0x2966,0x2966,0x2966,0x2966,0x2966,0x2966,0x2966,0x2966,0x3166,0x3186,0x3186,0x3186,0x3186,0x31a6,
  0x31a6,0x31a6,0x31a7,0x39a6,0x31a6,0x31a6,0x39a6,0x31a6,0x31a6,0x31a6,0x31a6,0x3186,0x3186,0x3186,0x3186,0x3165,0x2965,0x2965,0x2945,0x2945,
  0x2944,0x2924,0x2124,0x2104,0x2103,0x20e3,0x18e3,0x18c3,0x18c2,0x18c2,0x10a2,0x10a2,0x10a2,0x10a2,0x10a2,0x18c2,0x18c3,0x18e3,0x20e4,0x2104,
  0x2924,0x2945,0x2945,0x2965,0x3165,0x3186,0x3186,0x31a6,0x39a6,0x39a6,0x39c7,0x39c7,0x39c7,0x39e7,0x39e7,0x41e7,0x4207,0x4208,0x4208,0x4208,
  0x4208,0x4208,0x4228,0x4208,0x4208,0x4208,0x4208,0x4208,0x4208,0x4208,0x4207,0x4207,0x41e7,0x41e7,0x41e7,0x41e7,0x41e7,0x39e7,0x39c7,0x39c7,
  0x39c6,0x39a6,0x39a6,0x31a6,0x3186,0x3186,0x3185,0x3165,0x2965,0x2965,0x2945,0x2945,0x2924,0x2124,0x2104,0x2104,0x20e3,0x18e3,0x18c3,0x18c3,
  0x18c3,0x18c3,0x18e3,0x20e3,0x2103,0x20e3,0x20e3,0x18e3,0x18e3,0x18c3,0x18c3,0x18c3,0x18c3,0x18c3,0x18c3,0x10c3,0x10a3,0x10a3,0x10a3,0x10a3,
  0x10a3,0x10a3,0x10a2,0x10a3,0x10a2,0x10a2,0x10a2,0x10a2,0x10a2,0x10a2,0x10a2,0x1082,0x1082,0x1082,0x1082,0x1082,0x1082,0x1082,0x18c3,0x20e3,
  0x20e3,0x20e3,0x18c2,0x18c2,0x20e3,0x2903,0x18c2,0x18c2,0x20c2,0x20e3,0x3165,0x3144,0x2903,0x28e3,0x20c2,0x20e3,0x18a2,0x1081,0x10a2,0x18c2,
  0x18c3,0x1082,0x0861,0x0861,0x18c3,0x2924,0x20e3,0x18a2,0x18c3,0x18a2,0x20e3,0x2103,0x18a2,0x18a2,0x20e3,0x18a2,0x18c2,0x18c2,0x18a2,0x1081,
  0x1082,0x18c3,0x18c3,0x1082,0x0882,0x1082,0x1082,0x0861,0x0841,0x0841,0x18c3,0x10a2,0x0841,0x0841,0x18c3,0x10a2,0x0841,0x1082,0x1082,0x18c3,
  0x10a2,0x1082,0x0861,0x0861,0x1082,0x0841,0x10a2,0x1082,0x0841,0x0020,0x0020,0x0020,0x0020,0x0841,0x0841,0x0841,0x1061,0x0841,0x1082,0x18c3,
  0x0861,0x1082,0x1082,0x1061,0x10a2,0x18c3,0x18c2,0x0841,0x0020,0x0841,0x10a2,0x18c2,0x18c2,0x0841,0x1082,0x10a2,0x18a2,0x20e3,0x18a2,0x1081,
  0x10a2,0x18a2,0x10a2,0x1082,0x1082,0x1082,0x1081,0x10a2,0x18a3,0x18c3,0x18e3,0x18e3,0x18e3,0x2104,0x2104,0x2104,0x2104,0x2104,0x2124,0x2124,
  0x2124,0x2125,0x2125,0x2945,0x2945,0x2945,0x2945,0x2945,0x2945,0x2966,0x2966,0x2966,0x2966,0x2966,0x2966,0x3166,0x3166,0x3186,0x3186,0x3186,
  0x31a6,0x31a6,0x31a6,0x31a6,0x31a6,0x31a6,0x31a6,0x31a6,0x31a6,0x3186,0x3186,0x3186,0x3186,0x3166,0x3165,0x2965,0x2965,0x2945,0x2945,0x2924,
  0x2924,0x2124,0x2104,0x2104,0x20e3,0x18e3,0x18c3,0x18c3,0x18a2,0x10a2,0x10a2,0x18a2,0x18c3,0x18c3,0x18e3,0x2103,0x2104,0x2924,0x2945,0x2965,
  0x3186,0x3186,0x31a6,0x39a6,0x39a6,0x39c7,0x39c7,0x39c7,0x39e7,0x41e7,0x41e7,0x41e7,0x4208,0x4208,0x4208,0x4208,0x4208,0x4a28,0x4a28,0x4a28,
  0x4a28,0x4a28,0x4a28,0x4a28,0x4228,0x4228,0x4a28,0x4a28,0x4208,0x4208,0x4208,0x4208,0x4207,0x4207,0x41e7,0x41e7,0x41e7,0x41e7,0x39e7,0x39c7,
  0x39c7,0x39c7,0x39c7,0x39c6,0x39a6,0x39a6,0x39a6,0x39a6,0x31a6,0x3186,0x3186,0x3185,0x3165,0x2965,0x2945,0x2944,0x2924,0x2124,0x2104,0x2104,
  0x20e3,0x2104,0x2104,0x2103,0x2103,0x20e3,0x18e3,0x18c3,0x18c3,0x18c3,0x18c3,0x10c3,0x10a3,0x10a3,0x10a2,0x10a3,0x10a3,0x10a3,0x10a3,0x10a3,
  0x10a3,0x10a2,0x10a2,0x10a2,0x10a2,0x10a2,0x10a2,0x1082,0x1082,0x1082,0x1082,0x1082,0x1082,0x1082,0x1082,0x1082,0x1082,0x1082,0x10a2,0x18c2,
  0x18c2,0x18c2,0x18c2,0x20c2,0x20e3,0x2103,0x20e3,0x18c2,0x18c2,0x18c3,0x3144,0x2903,0x18c2,0x20e3,0x2903,0x20e2,0x18a2,0x1081,0x1082,0x10a2,
  0x10a2,0x1082,0x1082,0x1061,0x10a2,0x20e3,0x18c2,0x1082,0x18c2,0x20e3,0x20e3,0x18c2,0x18c2,0x18c2,0x18c2,0x1082,0x18a2,0x18a2,0x18a2,0x18c2,
  0x0862,0x10a2,0x1082,0x0882,0x0861,0x0861,0x0841,0x0020,0x0041,0x10a2,0x2124,0x1082,0x1082,0x0862,0x1082,0x10a2,0x18a3,0x1082,0x1062,0x1082,
  0x0841,0x0861,0x10a2,0x0861,0x10a3,0x1082,0x0841,0x10a2,0x0861,0x0841,0x0861,0x1082,0x0861,0x0841,0x0841,0x0020,0x0841,0x0841,0x1082,0x10a2,
  0x10a2,0x10a2,0x2103,0x1082,0x10a2,0x0861,0x1082,0x0861,0x0841,0x1082,0x18a2,0x0861,0x10a2,0x0841,0x0841,0x1082,0x18c2,0x18c2,0x1081,0x1081,
  0x18a2,0x18a2,0x1082,0x1082,0x1082,0x1081,0x1081,0x10a2,0x18a3,0x18c3,0x18c3,0x18c3,0x18e3,0x18e3,0x2104,0x2104,0x2104,0x2104,0x2104,0x2104,
  0x2104,0x2124,0x2124,0x2125,0x2125,0x2945,0x2945,0x2945,0x2945,0x2965,0x2966,0x2966,0x2966,0x2966,0x2966,0x2966,0x2966,0x2966,0x3186,0x3186,
  0x3186,0x31a6,0x31a6,0x31a6,0x31a6,0x31a6,0x31a6,0x3186,0x3186,0x3186,0x3186,0x3166,0x3165,0x2965,0x2965,0x2945,0x2945,0x2945,0x2924,0x2124,
  0x2124,0x2104,0x2104,0x20e3,0x18e3,0x18c3,0x18c3,0x18c2,0x18c2,0x18c3,0x18c3,0x18e3,0x2103,0x2104,0x2124,0x2945,0x2945,0x3165,0x3186,0x39a6,
  0x39c6,0x39c7,0x39c7,0x41e7,0x41e7,0x41e7,0x4208,0x4208,0x4208,0x4208,0x4208,0x4208,0x4208,0x4208,0x4228,0x4208,0x4208,0x4a28,0x4a28,0x4a28,
  0x4a28,0x4a28,0x4a28,0x4a28,0x4208,0x4a28,0x4a28,0x4a28,0x4a28,0x4208,0x4208,0x4208,0x4207,0x4207,0x41e7,0x41e7,0x41e7,0x41e7,0x39c7,0x39c7,
  0x39c7,0x39c7,0x39c7,0x39c7,0x39c6,0x39c6,0x39c6,0x39c6,0x39c6,0x39a6,0x39a6,0x39a6,0x3186,0x3186,0x3185,0x3165,0x2965,0x2945,0x2924,0x2124,
  0x2124,0x2124,0x2124,0x2104,0x2104,0x20e3,0x18e3,0x18c3,0x18c3,0x18a3,0x10a2,0x10a2,0x10a2,0x10a2,0x10a2,0x10a2,0x10a2,0x10a2,0x10a2,0x10a2,
  0x10a2,0x10a2,0x10a2,0x10a2,0x10a2,0x10a2,0x1082,0x1082,0x1082,0x1082,0x1082,0x1082,0x1082,0x1082,0x1082,0x1082,0x1082,0x0862,0x0862,0x1082,
  0x18a2,0x18a2,0x18a2,0x20c2,0x20e3,0x20e3,0x18c2,0x18c2,0x18c2,0x18a2,0x20e3,0x20e3,0x20c2,0x20e3,0x2903,0x2923,0x20e3,0x18a2,0x18c2,0x18c2,
  0x18a2,0x10a2,0x1061,0x1061,0x18a2,0x18a2,0x18a2,0x1061,0x18a2,0x18a2,0x18a2,0x18a2,0x18a2,0x18a2,0x18a2,0x1061,0x1061,0x1082,0x18a2,0x20c2,
  0x1082,0x0861,0x0861,0x0020,0x0020,0x0020,0x0841,0x0841,0x1062,0x2945,0x2124,0x0862,0x1082,0x2124,0x2104,0x0841,0x1082,0x1082,0x10a2,0x0861,
  0x0861,0x10a2,0x1082,0x1082,0x18a3,0x0841,0x0861,0x1082,0x0861,0x0861,0x0861,0x1082,0x10a2,0x0861,0x0841,0x0841,0x0841,0x0841,0x0861,0x0861,
  0x18a2,0x20e3,0x1082,0x1082,0x0861,0x0861,0x1082,0x0861,0x1082,0x1082,0x0861,0x1082,0x1082,0x0861,0x0841,0x1082,0x1082,0x0861,0x0861,0x1081,
  0x1082,0x1082,0x1061,0x1081,0x1081,0x1081,0x1082,0x1082,0x10a2,0x10a2,0x18c3,0x18c3,0x18c3,0x18e3,0x18e3,0x2104,0x2104,0x2104,0x2104,0x2104,
  0x2104,0x2104,0x2124,0x2125,0x2125,0x2945,0x2945,0x2945,0x2945,0x2945,0x2965,0x2945,0x2946,0x2966,0x2966,0x2966,0x2966,0x2966,0x2966,0x3186,
  0x3186,0x3186,0x3186,0x3186,0x3186,0x3186,0x3186,0x3186,0x3186,0x3186,0x3165,0x3165,0x2965,0x2945,0x2945,0x2945,0x2945,0x2924,0x2124,0x2124,
  0x2104,0x2104,0x2103,0x18e3,0x18c3,0x18c3,0x18c3,0x18e3,0x20e3,0x2103,0x2104,0x2124,0x2924,0x2945,0x2965,0x3186,0x31a6,0x39c6,0x39c7,0x41e7,
  0x41e7,0x4208,0x4208,0x4208,0x4208,0x4208,0x4208,0x4208,0x4208,0x4228,0x4a08,0x4208,0x4a08,0x4208,0x4a08,0x4a08,0x4a28,0x4a28,0x4a28,0x4a28,
  0x4208,0x4208,0x4208,0x4208,0x4208,0x4228,0x4a28,0x4208,0x4208,0x4208,0x4208,0x4207,0x4207,0x4207,0x41e7,0x41e7,0x41e7,0x41e7,0x39c7,0x39c7,
  0x39c7,0x39c7,0x39c7,0x39c6,0x39c6,0x39c6,0x39c6,0x39a6,0x39a6,0x39a6,0x39a6,0x39a6,0x39a6,0x31a6,0x31a6,0x3186,0x3186,0x3165,0x2965,0x2945,
  0x2945,0x2945,0x2944,0x2924,0x2124,0x2104,0x2104,0x20e3,0x18c3,0x18c3,0x10a2,0x10a2,0x1082,0x1082,0x1082,0x1082,0x1082,0x1082,0x10a2,0x10a2,
  0x10a2,0x10a2,0x1082,0x10a2,0x1082,0x1082,0x1082,0x1082,0x1082,0x1082,0x1082,0x1082,0x1082,0x0882,0x1082,0x0862,0x0862,0x0861,0x0861,0x0862,
  0x10a2,0x18c2,0x18c2,0x20e3,0x2103,0x20e3,0x18c2,0x18c2,0x18c2,0x18a2,0x18a2,0x20c2,0x20e3,0x20e3,0x20e3,0x20e3,0x18c2,0x1082,0x18a2,0x18c2,
  0x18c2,0x18a2,0x18c2,0x1081,0x1081,0x18a2,0x1082,0x1082,0x1082,0x10a2,0x18a2,0x18a2,0x10a2,0x1082,0x1082,0x1082,0x18c2,0x18a2,0x1061,0x1081,
  0x1082,0x10a2,0x0821,0x0020,0x0020,0x0861,0x0861,0x0841,0x1062,0x18c3,0x18c3,0x0861,0x1082,0x2966,0x20e4,0x18c3,0x1082,0x0861,0x0861,0x1082,
  0x1082,0x1062,0x0861,0x1082,0x1082,0x0861,0x18e3,0x1082,0x1082,0x1082,0x0841,0x1082,0x10a2,0x1082,0x0861,0x1082,0x1082,0x0861,0x10a2,0x1082,
  0x18a2,0x18a2,0x0861,0x0861,0x18c2,0x0861,0x1061,0x0861,0x1082,0x1061,0x1082,0x10a2,0x18a2,0x1081,0x0841,0x0861,0x1081,0x1081,0x1061,0x1081,
  0x1082,0x1081,0x0861,0x1081,0x1061,0x1061,0x1082,0x1082,0x10a2,0x10a2,0x10a2,0x18c3,0x18c3,0x18c3,0x18e3,0x18e3,0x18e4,0x2104,0x2104,0x2104,
  0x2104,0x2104,0x2104,0x2124,0x2125,0x2925,0x2945,0x2945,0x2945,0x2945,0x2945,0x2945,0x2945,0x2965,0x2965,0x2966,0x2966,0x2965,0x2965,0x2966,
  0x3186,0x3166,0x3186,0x3186,0x3186,0x3186,0x3186,0x3186,0x3165,0x3165,0x2965,0x2945,0x2945,0x2945,0x2945,0x2945,0x2924,0x2124,0x2124,0x2104,
  0x2104,0x2103,0x20e3,0x18e3,0x18e3,0x20e3,0x2104,0x2124,0x2924,0x2944,0x2945,0x2965,0x3165,0x3186,0x39a6,0x39c7,0x39e7,0x4207,0x4208,0x4208,
  0x4208,0x4208,0x4208,0x4208,0x4208,0x4208,0x4208,0x4208,0x4208,0x4a08,0x4a28,0x4208,0x4228,0x4a28,0x4a28,0x4a28,0x4a28,0x4a28,0x4a28,0x4208,
  0x4208,0x4208,0x4208,0x4208,0x4208,0x4208,0x4208,0x4208,0x4208,0x4208,0x4207,0x41e7,0x41e7,0x41e7,0x41e7,0x41e7,0x41e7,0x41e7,0x41c7,0x39c7,
  0x39c7,0x39c7,0x39c6,0x39c6,0x39c6,0x39c6,0x39a6,0x39a6,0x39a6,0x39a6,0x39a6,0x39a6,0x31a6,0x3186,0x3186,0x3186,0x3186,0x3186,0x3186,0x3185,
  0x3165,0x2965,0x2945,0x2945,0x2944,0x2924,0x2124,0x2104,0x20e3,0x18c3,0x18a3,0x10a2,0x1082,0x1082,0x1082,0x1082,0x1082,0x1082,0x1082,0x1082,
  0x1082,0x1082,0x1082,0x1082,0x10a2,0x1082,0x1082,0x1082,0x1082,0x1082,0x1082,0x0882,0x0862,0x0862,0x0862,0x0862,0x0861,0x0861,0x0861,0x0861,
  0x1062,0x18a2,0x18a2,0x18c2,0x18c2,0x18c2,0x18c2,0x18a2,0x18a2,0x18c2,0x18a2,0x18c2,0x2903,0x2903,0x2903,0x20e3,0x18a2,0x1081,0x0861,0x1082,
  0x18c2,0x20e3,0x18c2,0x18a2,0x10a2,0x1081,0x1081,0x1081,0x0861,0x1082,0x18a2,0x18a2,0x1082,0x1081,0x1081,0x18c2,0x18c2,0x20c2,0x1081,0x1061,
  0x10a2,0x10a2,0x0020,0x0021,0x0862,0x0862,0x0861,0x1062,0x1082,0x10a2,0x18c3,0x1082,0x18c3,0x10a2,0x1082,0x18a3,0x0841,0x1082,0x1082,0x1082,
  0x0861,0x0841,0x1082,0x1082,0x0841,0x0841,0x1082,0x0841,0x0841,0x0841,0x1082,0x18c3,0x18a2,0x10a2,0x0861,0x1082,0x1082,0x0861,0x1082,0x1082,
  0x0861,0x0841,0x0841,0x18a2,0x2103,0x0861,0x0861,0x1061,0x18c2,0x1082,0x18c2,0x1082,0x1082,0x1061,0x0861,0x1082,0x18a2,0x1061,0x1061,0x1082,
  0x1082,0x1061,0x0861,0x1061,0x0861,0x0861,0x1062,0x1082,0x1082,0x1082,0x10a2,0x10a2,0x18a3,0x18c3,0x18c3,0x18e3,0x18e3,0x18e4,0x2104,0x2104,
  0x2104,0x2104,0x2124,0x2124,0x2125,0x2125,0x2925,0x2945,0x2945,0x2945,0x2945,0x2945,0x2945,0x2945,0x2945,0x2945,0x2945,0x2965,0x2965,0x2965,
  0x2965,0x2965,0x2965,0x3165,0x3165,0x3165,0x3165,0x3165,0x3165,0x2965,0x2945,0x2945,0x2945,0x2945,0x2924,0x2924,0x2124,0x2104,0x2104,0x20e3,
  0x20e3,0x20e3,0x2103,0x2104,0x2124,0x2924,0x2945,0x2945,0x3165,0x3185,0x3186,0x31a6,0x39c6,0x39c7,0x41e7,0x4207,0x4208,0x4208,0x4228,0x4a28,
  0x4208,0x4208,0x4208,0x4208,0x4208,0x4208,0x4208,0x4a28,0x4a28,0x4a28,0x4a28,0x4a08,0x4208,0x4a28,0x4a28,0x4a28,0x4a28,0x4a28,0x4a08,0x4208,
  0x4208,0x4208,0x4208,0x4208,0x4208,0x4207,0x4207,0x4207,0x41e7,0x41e7,0x41e7,0x41e7,0x41e7,0x41e7,0x41e7,0x39e7,0x41e7,0x41e7,0x41e7,0x41c7,
  0x39c7,0x39c6,0x39c6,0x39c6,0x39c6,0x39a6,0x39a6,0x39a6,0x39a6,0x39a6,0x39a6,0x31a6,0x3186,0x3186,0x3186,0x3186,0x3186,0x3186,0x3186,0x3186,
  0x3186,0x3165,0x3165,0x3165,0x2945,0x2945,0x2924,0x2124,0x2104,0x18e3,0x18c3,0x10a2,0x1082,0x1082,0x1082,0x1062,0x0882,0x1082,0x1082,0x1082,
  0x1082,0x1082,0x1082,0x1082,0x1082,0x1082,0x1082,0x1082,0x1082,0x1082,0x1062,0x1082,0x0862,0x0861,0x0861,0x0861,0x0861,0x0861,0x0861,0x0861,
  0x0861,0x0861,0x1082,0x18a2,0x18a2,0x18a2,0x18a2,0x18a2,0x18a2,0x18c2,0x20e3,0x20e2,0x18c2,0x20e2,0x20e3,0x18c2,0x18a2,0x18a2,0x1082,0x18a2,
  0x20c3,0x18a2,0x1061,0x1061,0x1081,0x1081,0x1061,0x1061,0x1081,0x1081,0x1061,0x1061,0x0861,0x0861,0x1081,0x1082,0x1081,0x1081,0x1061,0x1061,
  0x0861,0x0861,0x0841,0x0841,0x0861,0x0841,0x0861,0x0861,0x0861,0x10a3,0x18c3,0x0861,0x0841,0x10a2,0x1082,0x0841,0x0841,0x1082,0x1061,0x0841,
  0x0861,0x0861,0x0861,0x0841,0x0841,0x1082,0x1061,0x0861,0x1082,0x0862,0x0862,0x0861,0x0841,0x0861,0x10a2,0x0841,0x0841,0x0841,0x0861,0x0841,
  0x0861,0x1081,0x0841,0x18a2,0x1061,0x0841,0x0841,0x0861,0x1082,0x1061,0x10a2,0x0861,0x0861,0x1082,0x10a2,0x1081,0x1061,0x0861,0x1081,0x1081,
  0x1061,0x1061,0x1061,0x0861,0x0861,0x0861,0x1062,0x1082,0x1082,0x1082,0x1082,0x10a2,0x10a2,0x18a3,0x18c3,0x18c3,0x18c3,0x18e3,0x18e4,0x2104,
  0x2104,0x2104,0x2104,0x2124,0x2124,0x2124,0x2125,0x2945,0x2925,0x2925,0x2925,0x2945,0x2945,0x2945,0x2945,0x2945,0x2945,0x2945,0x2965,0x2945,
  0x2945,0x2945,0x2965,0x2965,0x2965,0x2965,0x2965,0x2965,0x2945,0x2945,0x2945,0x2925,0x2924,0x2924,0x2124,0x2124,0x2104,0x2104,0x2103,0x20e3,
  0x2103,0x2104,0x2924,0x2945,0x2945,0x2965,0x3186,0x3186,0x39a6,0x39c6,0x39c7,0x39e7,0x41e7,0x4208,0x4208,0x4208,0x4208,0x4228,0x4208,0x4208,
  0x4208,0x4208,0x4208,0x4208,0x4208,0x4228,0x4a28,0x4a28,0x4a28,0x4a28,0x4a28,0x4a28,0x4208,0x4a08,0x4a28,0x4a28,0x4a28,0x4a28,0x4a28,0x4208,
  0x4208,0x4208,0x4208,0x4207,0x4207,0x4207,0x4207,0x4207,0x41e7,0x41e7,0x41e7,0x41e7,0x41e7,0x41e7,0x41e7,0x39c7,0x39c7,0x39c7,0x41c7,0x39c7,
  0x39c6,0x39c6,0x39a6,0x39a6,0x39a6,0x39a6,0x39a6,0x39a6,0x39a6,0x31a6,0x3186,0x3186,0x3186,0x3186,0x3186,0x3186,0x3186,0x3186,0x3186,0x3185,
  0x3185,0x3165,0x3165,0x3165,0x2965,0x2965,0x2945,0x2944,0x2124,0x2103,0x18e3,0x18c3,0x10a2,0x1082,0x1082,0x0861,0x0862,0x0862,0x0862,0x0862,
  0x1082,0x1082,0x1082,0x1082,0x1082,0x1082,0x1082,0x1082,0x1082,0x1082,0x1062,0x0882,0x0862,0x0861,0x0861,0x0861,0x0861,0x0861,0x0861,0x0861,
  0x0841,0x0841,0x0861,0x1081,0x1082,0x18a2,0x18a2,0x18c2,0x18a2,0x18a2,0x18a2,0x20e3,0x18c2,0x1081,0x1081,0x1081,0x1081,0x1882,0x1081,0x1061,
  0x0861,0x1061,0x0861,0x1061,0x1081,0x1081,0x1081,0x18a2,0x1082,0x10a2,0x1081,0x0841,0x0841,0x1061,0x1081,0x1061,0x1061,0x1061,0x1061,0x0841,
  0x0841,0x0841,0x0841,0x0841,0x0841,0x0861,0x0861,0x0861,0x0861,0x1082,0x0861,0x0841,0x0841,0x0841,0x0841,0x0861,0x1082,0x1082,0x0841,0x0841,
  0x0861,0x0841,0x0841,0x0861,0x0861,0x0841,0x0841,0x0841,0x1082,0x0841,0x0861,0x2104,0x0862,0x10a2,0x10a2,0x0841,0x0841,0x0841,0x0841,0x0841,
  0x0861,0x0861,0x0841,0x0861,0x0841,0x0841,0x0841,0x1061,0x1061,0x0861,0x0861,0x0841,0x1061,0x1081,0x1082,0x1081,0x1061,0x0861,0x0861,0x0861,
  0x1061,0x1061,0x1061,0x1061,0x0861,0x0861,0x0861,0x0861,0x1082,0x1082,0x1082,0x1082,0x10a2,0x10a2,0x18a3,0x18c3,0x18c3,0x18c3,0x18e3,0x18e4,
  0x18e4,0x2104,0x2104,0x2104,0x2124,0x2124,0x2125,0x2125,0x2125,0x2125,0x2125,0x2945,0x2945,0x2945,0x2945,0x2945,0x2945,0x2945,0x2945,0x2945,
  0x2945,0x2945,0x2945,0x2945,0x2945,0x2945,0x2945,0x2945,0x2945,0x2924,0x2924,0x2924,0x2124,0x2124,0x2104,0x2104,0x2104,0x2103,0x2104,0x2104,
  0x2924,0x2945,0x3165,0x3165,0x3186,0x31a6,0x39c6,0x39c7,0x41e7,0x4207,0x4208,0x4208,0x4208,0x4208,0x4208,0x4208,0x4208,0x4228,0x4208,0x4208,
  0x4208,0x4208,0x4208,0x4208,0x4208,0x4a28,0x4a28,0x4a28,0x4a28,0x4a28,0x4a28,0x4a28,0x4a28,0x4a28,0x4208,0x4a08,0x4208,0x4a08,0x4208,0x4208,
  0x4208,0x4208,0x4208,0x4208,0x4207,0x4207,0x4207,0x4207,0x4207,0x41e7,0x41e7,0x41e7,0x41e7,0x41e7,0x39c7,0x39c7,0x39c7,0x39c7,0x39c7,0x39c7,
  0x39c6,0x39a6,0x39a6,0x39a6,0x39a6,0x39a6,0x39a6,0x39a6,0x31a6,0x3186,0x3186,0x3186,0x3186,0x3186,0x3186,0x3186,0x3186,0x3186,0x3185,0x3185,
  0x3165,0x3165,0x3165,0x2965,0x2965,0x2965,0x2945,0x2945,0x2944,0x2124,0x2104,0x18e3,0x18c3,0x10a2,0x1082,0x1082,0x0861,0x0861,0x0861,0x0861,
  0x0861,0x0861,0x0862,0x1082,0x1082,0x1082,0x1082,0x1082,0x1082,0x1082,0x0862,0x0862,0x0861,0x0861,0x0861,0x0861,0x0861,0x0861,0x0861,0x0841,
  0x0841,0x0841,0x0841,0x0861,0x1081,0x1082,0x18a2,0x18a2,0x18a2,0x1081,0x1081,0x1082,0x18a2,0x1081,0x0861,0x1081,0x18a2,0x1081,0x0861,0x0841,
  0x0841,0x0861,0x1081,0x1082,0x1082,0x1081,0x1081,0x1081,0x1081,0x18c2,0x1881,0x0861,0x0861,0x0841,0x1061,0x1061,0x1061,0x0861,0x0861,0x0861,
  0x0841,0x0841,0x10a2,0x0861,0x0841,0x0862,0x1082,0x10a2,0x0861,0x0861,0x0841,0x0841,0x0841,0x0841,0x0841,0x0841,0x18c3,0x1062,0x0861,0x0841,
  0x0861,0x0841,0x0861,0x0861,0x0020,0x0020,0x0841,0x1082,0x1082,0x0861,0x1082,0x1082,0x0861,0x0861,0x0861,0x0021,0x0020,0x0020,0x0020,0x0841,
  0x0841,0x0861,0x0861,0x1082,0x0861,0x0841,0x0861,0x1082,0x0841,0x0861,0x0841,0x0841,0x0861,0x0861,0x0861,0x1081,0x1081,0x0861,0x0861,0x0861,
  0x1061,0x1061,0x1061,0x1061,0x0861,0x0861,0x0861,0x0861,0x0861,0x1061,0x1082,0x1082,0x1082,0x10a2,0x10a2,0x10a2,0x18c3,0x18c3,0x18c3,0x18e3,
  0x18e3,0x18e4,0x2104,0x2104,0x2104,0x2104,0x2124,0x2124,0x2124,0x2124,0x2125,0x2125,0x2125,0x2125,0x2125,0x2945,0x2945,0x2945,0x2945,0x2945,
  0x2945,0x2945,0x2945,0x2945,0x2945,0x2925,0x2924,0x2924,0x2924,0x2124,0x2124,0x2124,0x2104,0x2104,0x2104,0x2104,0x2104,0x2124,0x2924,0x2945,
  0x3165,0x3186,0x31a6,0x39a6,0x39c7,0x39e7,0x41e7,0x4208,0x4208,0x4208,0x4208,0x4208,0x4208,0x4208,0x4228,0x4228,0x4228,0x4208,0x4208,0x4208,
  0x4208,0x4207,0x4208,0x4208,0x4208,0x4a28,0x4a28,0x4a28,0x4a28,0x4a28,0x4a28,0x4a28,0x4a28,0x4a28,0x4a08,0x4208,0x4208,0x4208,0x4208,0x4208,
  0x4208,0x4208,0x4208,0x4208,0x4208,0x4207,0x41e7,0x4207,0x4207,0x4207,0x41e7,0x41e7,0x41e7,0x41e7,0x39c7,0x39c7,0x39c7,0x39c7,0x39c7,0x39c7,
  0x39a6,0x39a6,0x39a6,0x39a6,0x39a6,0x39a6,0x39a6,0x39a6,0x31a6,0x3186,0x3186,0x3186,0x3186,0x3186,0x3186,0x3186,0x3185,0x3185,0x3165,0x3165,
  0x3165,0x3165,0x2965,0x2965,0x2965,0x2965,0x2945,0x2945,0x2945,0x2924,0x2124,0x2103,0x18e3,0x18c3,0x10a2,0x1082,0x1082,0x0861,0x0861,0x0861,
  0x0861,0x0861,0x0861,0x0862,0x0862,0x0862,0x1062,0x1082,0x1062,0x0862,0x0862,0x0861,0x0861,0x0861,0x0861,0x0861,0x0861,0x0861,0x0841,0x0841,
  0x0841,0x0841,0x0841,0x0841,0x0841,0x1061,0x1081,0x1081,0x1081,0x1081,0x1081,0x1081,0x1081,0x1081,0x1061,0x1061,0x1081,0x1882,0x1081,0x0861,
  0x0861,0x1061,0x1081,0x1081,0x1061,0x1061,0x1081,0x0840,0x1061,0x1081,0x0861,0x0861,0x1061,0x0841,0x1061,0x1061,0x1061,0x0840,0x0020,0x0020,
  0x0041,0x0861,0x0841,0x0841,0x0862,0x0841,0x0841,0x0861,0x0020,0x0841,0x0861,0x0841,0x0841,0x1082,0x0861,0x0841,0x0861,0x0861,0x0841,0x0841,
  0x0841,0x0841,0x0821,0x0020,0x0841,0x1082,0x1082,0x10a2,0x0861,0x1062,0x0841,0x0841,0x0841,0x0841,0x0841,0x0820,0x0861,0x0841,0x0020,0x0841,
  0x1082,0x0861,0x1061,0x0841,0x0861,0x1061,0x1081,0x0861,0x0841,0x0841,0x0841,0x1061,0x1061,0x0841,0x0841,0x0861,0x0861,0x1061,0x1061,0x0861,
  0x1061,0x1061,0x1061,0x0861,0x0861,0x0861,0x0861,0x0861,0x0861,0x0861,0x1082,0x1082,0x1082,0x1082,0x10a2,0x10a2,0x10a2,0x10a3,0x18c3,0x18c3,
  0x18e3,0x18e3,0x18e3,0x18e4,0x20e4,0x2104,0x2104,0x2104,0x2124,0x2124,0x2124,0x2124,0x2124,0x2125,0x2125,0x2125,0x2125,0x2125,0x2925,0x2925,
  0x2925,0x2924,0x2924,0x2924,0x2124,0x2124,0x2124,0x2124,0x2104,0x2104,0x2104,0x2104,0x2103,0x2103,0x2104,0x2104,0x2924,0x2945,0x3165,0x3186,
  0x31a6,0x39a7,0x39e7,0x41e7,0x4208,0x4208,0x4208,0x4228,0x4208,0x4208,0x4228,0x4208,0x4208,0x4208,0x4208,0x4228,0x4a28,0x4208,0x4208,0x4208,
  0x4208,0x4207,0x4208,0x4208,0x4208,0x4208,0x4a08,0x4a28,0x4a28,0x4a08,0x4a08,0x4a08,0x4208,0x4208,0x4a08,0x4208,0x4208,0x4207,0x4a07,0x4208,
  0x4208,0x4207,0x4207,0x4207,0x4207,0x41e7,0x4207,0x41e7,0x4207,0x4207,0x41e7,0x41e7,0x41e7,0x41e7,0x41e7,0x41c7,0x39c7,0x39c7,0x39c7,0x39c6,
  0x39a6,0x39a6,0x39a6,0x39a6,0x39a6,0x39a6,0x31a6,0x31a6,0x3186,0x3186,0x3186,0x3186,0x3186,0x3186,0x3186,0x3185,0x3185,0x3165,0x3165,0x2965,
  0x2965,0x2965,0x2965,0x2965,0x2965,0x2945,0x2945,0x2945,0x2945,0x2944,0x2924,0x2124,0x2104,0x18e3,0x18c3,0x10a2,0x1082,0x1082,0x0861,0x0861,
  0x0841,0x0841,0x0861,0x0861,0x0861,0x0861,0x0861,0x0862,0x0861,0x0861,0x0861,0x0861,0x0861,0x0861,0x0861,0x0861,0x0841,0x0841,0x0841,0x0841,
  0x0841,0x0841,0x0841,0x0841,0x0841,0x0841,0x0861,0x1061,0x1081,0x1081,0x1081,0x1081,0x1081,0x1081,0x1081,0x1081,0x1081,0x1081,0x1081,0x1081,
  0x1082,0x1081,0x1081,0x1081,0x1081,0x1081,0x1061,0x0861,0x1061,0x1061,0x0841,0x0861,0x0861,0x0840,0x0840,0x0840,0x0840,0x0861,0x1082,0x2104,
  0x0841,0x0862,0x0861,0x0861,0x0841,0x0841,0x1082,0x2104,0x10a2,0x0841,0x0861,0x10a2,0x10a2,0x10a2,0x0861,0x0861,0x0820,0x0841,0x0841,0x0020,
  0x0841,0x0841,0x0841,0x0020,0x0841,0x0861,0x0861,0x0861,0x0861,0x0841,0x0861,0x1082,0x0861,0x1081,0x0841,0x0020,0x0841,0x0841,0x0841,0x0841,
  0x1082,0x1061,0x0861,0x0861,0x0861,0x0861,0x0841,0x0841,0x0841,0x0841,0x0841,0x0861,0x0841,0x0841,0x0841,0x0841,0x1061,0x1061,0x1061,0x1061,
  0x1061,0x1061,0x0861,0x0861,0x0861,0x0861,0x0861,0x0861,0x0861,0x0861,0x0861,0x0861,0x1082,0x1082,0x1082,0x1082,0x10a2,0x10a2,0x10a2,0x18c3,
  0x18c3,0x18c3,0x18e3,0x18e3,0x18e3,0x18e4,0x2104,0x2104,0x2104,0x2104,0x2124,0x2124,0x2124,0x2124,0x2124,0x2124,0x2124,0x2124,0x2124,0x2124,
  0x2124,0x2124,0x2124,0x2104,0x2104,0x2104,0x2104,0x2104,0x2103,0x20e3,0x20e3,0x20e3,0x20e3,0x2104,0x2124,0x2945,0x2965,0x3186,0x3186,0x39a6,
  0x39c7,0x41e7,0x4208,0x4208,0x4208,0x4228,0x4228,0x4208,0x4228,0x4208,0x4208,0x4228,0x4228,0x4228,0x4208,0x4228,0x4228,0x4208,0x4208,0x4208,
  0x4208,0x4208,0x4207,0x4207,0x4207,0x4208,0x4208,0x4208,0x4208,0x4208,0x4208,0x4208,0x4208,0x4208,0x4208,0x4207,0x4208,0x4208,0x4a08,0x4a08,
  0x4208,0x4207,0x4207,0x4207,0x41e7,0x41e7,0x41e7,0x41e7,0x41e7,0x41e7,0x41e7,0x41e7,0x41e7,0x41e7,0x41e7,0x41e7,0x39c7,0x39c6,0x39c6,0x39c6,
  0x39a6,0x39a6,0x39a6,0x31a6,0x3186,0x3186,0x3186,0x3186,0x3186,0x3186,0x3186,0x3186,0x3186,0x3186,0x3185,0x3165,0x3165,0x3165,0x2965,0x2965,
  0x2965,0x2965,0x2945,0x2965,0x2965,0x2945,0x2945,0x2944,0x2944,0x2944,0x2924,0x2124,0x2104,0x2103,0x18e3,0x18c3,0x18a2,0x1082,0x1081,0x0861,
  0x0841,0x0841,0x0841,0x0841,0x0861,0x0861,0x0861,0x0861,0x0861,0x0861,0x0861,0x0861,0x0861,0x0841,0x0841,0x0841,0x0841,0x0841,0x0841,0x0841,
  0x0841,0x0841,0x0841,0x0841,0x0841,0x0841,0x0841,0x0841,0x0861,0x1081,0x1081,0x1081,0x1081,0x1081,0x1081,0x1081,0x1061,0x0841,0x0861,0x1061,
  0x1081,0x1081,0x1081,0x1081,0x1081,0x1061,0x0841,0x0841,0x0841,0x0841,0x0841,0x0841,0x0840,0x0861,0x10a2,0x18c3,0x2925,0x31a6,0x41e8,0x4208,
  0x0862,0x0841,0x0841,0x0841,0x0861,0x0861,0x1082,0x1082,0x1082,0x0861,0x0861,0x0861,0x0861,0x0861,0x0841,0x0841,0x0861,0x0841,0x0020,0x0020,
  0x0841,0x0841,0x0861,0x0841,0x0841,0x0841,0x0841,0x0841,0x0861,0x0861,0x0841,0x0861,0x0861,0x0861,0x1061,0x0861,0x0861,0x0861,0x0861,0x1081,
  0x0841,0x0841,0x0861,0x1082,0x0841,0x0841,0x0841,0x0861,0x0841,0x0841,0x0861,0x0841,0x0841,0x0841,0x0861,0x0861,0x0861,0x1061,0x1061,0x1061,
  0x1061,0x0861,0x0841,0x0841,0x0841,0x0841,0x0861,0x0861,0x0861,0x0861,0x0861,0x0861,0x0861,0x1082,0x1082,0x1082,0x1082,0x10a2,0x10a2,0x10a2,
  0x18c3,0x18c3,0x18c3,0x18c3,0x18e3,0x18e3,0x18e3,0x18e4,0x2104,0x2104,0x2104,0x2104,0x2104,0x2104,0x2124,0x2124,0x2124,0x2124,0x2104,0x2104,
  0x2104,0x2104,0x2104,0x2104,0x2104,0x2104,0x20e3,0x20e3,0x18e3,0x18e3,0x20e3,0x2104,0x2124,0x2944,0x2945,0x3165,0x3186,0x39a6,0x39c7,0x39e7,
  0x41e7,0x4208,0x4208,0x4228,0x4228,0x4228,0x4228,0x4228,0x4208,0x4208,0x4208,0x4208,0x4208,0x4208,0x4208,0x4208,0x4208,0x4208,0x4208,0x4208,
  0x4208,0x4208,0x4207,0x41e7,0x41e7,0x4207,0x4207,0x4207,0x4208,0x4208,0x4208,0x4207,0x4207,0x4207,0x4207,0x4207,0x4a08,0x4a28,0x4a28,0x4208,
  0x4208,0x4207,0x4207,0x4207,0x41e7,0x41e7,0x41e7,0x41e7,0x41e7,0x41e7,0x41e7,0x41e7,0x41e7,0x41e7,0x41c7,0x41c7,0x39c7,0x39c6,0x39c6,0x39a6,
  0x39a6,0x39a6,0x39a6,0x3186,0x3186,0x3186,0x3186,0x3186,0x3186,0x3186,0x3186,0x3186,0x3185,0x3165,0x3165,0x3165,0x2965,0x2965,0x2965,0x2965,
  0x2945,0x2945,0x2945,0x2945,0x2945,0x2945,0x2945,0x2944,0x2924,0x2924,0x2124,0x2124,0x2104,0x2104,0x2103,0x18e3,0x18c3,0x10a2,0x1082,0x1082,
  0x0861,0x0841,0x0841,0x0841,0x0841,0x0841,0x0841,0x0841,0x0861,0x0861,0x0841,0x0841,0x0841,0x0841,0x0841,0x0841,0x0841,0x0841,0x0841,0x0841,
  0x0841,0x0841,0x0841,0x0841,0x0841,0x0820,0x0840,0x0821,0x0841,0x0841,0x1061,0x1061,0x1061,0x1061,0x1061,0x1061,0x1061,0x0861,0x0841,0x1061,
  0x1061,0x1061,0x1081,0x1061,0x0861,0x0861,0x0841,0x0840,0x0020,0x0020,0x0840,0x18c2,0x2924,0x3186,0x39e7,0x4a49,0x528a,0x5aaa,0x5aab,0x4a29,
  0x0841,0x0841,0x0841,0x0841,0x1061,0x0841,0x0882,0x0841,0x0841,0x0861,0x0882,0x0841,0x0841,0x0841,0x0841,0x0841,0x0841,0x0020,0x0841,0x0841,
  0x0020,0x0841,0x0841,0x0861,0x1061,0x0861,0x0861,0x0020,0x0020,0x0020,0x0861,0x0861,0x0020,0x0841,0x0841,0x0841,0x0841,0x0841,0x0841,0x0861,
  0x0841,0x0841,0x0861,0x0861,0x0841,0x0841,0x0861,0x0841,0x0841,0x0861,0x0861,0x0841,0x0841,0x0841,0x0861,0x0861,0x0861,0x0861,0x0861,0x1061,
  0x1061,0x0861,0x0841,0x0841,0x0841,0x0841,0x0861,0x0861,0x0861,0x0861,0x0861,0x0861,0x0861,0x0861,0x1082,0x1082,0x1082,0x1082,0x1082,0x10a2,
  0x10a2,0x10a2,0x18c3,0x18c3,0x18c3,0x18c3,0x18c3,0x18e3,0x18e3,0x18e4,0x20e4,0x2104,0x2104,0x2104,0x2104,0x2104,0x2104,0x2104,0x2104,0x2104,
  0x2104,0x2104,0x2104,0x20e4,0x18e3,0x18e3,0x18e3,0x18c3,0x18e3,0x20e3,0x2104,0x2924,0x2945,0x3165,0x3186,0x3186,0x39a6,0x39c7,0x41e7,0x4208,
  0x4208,0x4228,0x4228,0x4208,0x4208,0x4208,0x4228,0x4228,0x4208,0x4208,0x4208,0x4208,0x4208,0x4208,0x4208,0x4208,0x4208,0x4208,0x4208,0x4208,
  0x4208,0x4208,0x4207,0x41e7,0x41e7,0x41e7,0x4207,0x4207,0x4207,0x4208,0x4207,0x4207,0x4207,0x4207,0x4207,0x4208,0x4a08,0x4a28,0x4a28,0x4a07,
  0x4207,0x4207,0x41e7,0x41e7,0x41e7,0x41e7,0x41e7,0x41e7,0x39c7,0x39c7,0x39c7,0x39c6,0x39c7,0x39c7,0x39c7,0x39c7,0x39c6,0x39c6,0x39a6,0x39a6,
  0x39a6,0x31a6,0x3986,0x3186,0x3186,0x3185,0x3185,0x3185,0x3185,0x3186,0x3186,0x3185,0x3185,0x3165,0x3165,0x2965,0x2945,0x2965,0x2965,0x2965,
  0x2945,0x2945,0x2945,0x2945,0x2945,0x2945,0x2945,0x2944,0x2924,0x2124,0x2124,0x2124,0x2104,0x2104,0x2103,0x20e3,0x18e3,0x18c3,0x10a2,0x1082,
  0x1061,0x0861,0x0841,0x0841,0x0841,0x0841,0x0841,0x0841,0x0841,0x0841,0x0841,0x0841,0x0841,0x0841,0x0841,0x0841,0x0841,0x0841,0x0841,0x0841,
  0x0841,0x0841,0x0841,0x0841,0x0021,0x0020,0x0041,0x0821,0x0040,0x0821,0x0841,0x0841,0x0861,0x1061,0x1061,0x1061,0x1061,0x1061,0x1061,0x1061,
  0x1061,0x0841,0x0861,0x0861,0x0861,0x0861,0x0841,0x0841,0x1082,0x2124,0x31a6,0x41e8,0x4228,0x62ca,0x5aaa,0x5a8a,0x5269,0x5289,0x4a28,0x39a7,
  0x1082,0x0841,0x0841,0x10a2,0x0861,0x0841,0x0841,0x0841,0x0841,0x0841,0x0841,0x0020,0x0841,0x0041,0x0820,0x0840,0x0841,0x0841,0x0841,0x0020,
  0x0020,0x0861,0x0841,0x0820,0x1082,0x1082,0x0841,0x0861,0x0840,0x0020,0x0841,0x0020,0x0020,0x0841,0x0841,0x0841,0x0861,0x0861,0x0841,0x0841,
  0x1061,0x0841,0x0841,0x0841,0x0861,0x0861,0x0841,0x0841,0x0861,0x0841,0x0841,0x0861,0x0841,0x0861,0x0861,0x0841,0x0861,0x1061,0x0861,0x1061,
  0x0861,0x0841,0x0840,0x0841,0x0841,0x0841,0x0841,0x0841,0x0841,0x0861,0x0861,0x0861,0x0861,0x0861,0x0861,0x1061,0x1082,0x1082,0x1082,0x1082,
  0x10a2,0x10a2,0x10a2,0x10a3,0x18c3,0x18c3,0x18c3,0x18c3,0x18c3,0x18e3,0x18e3,0x18e4,0x18e4,0x2104,0x2104,0x2104,0x2104,0x2104,0x2104,0x20e4,
  0x20e3,0x20e3,0x20e3,0x18e3,0x18e3,0x18c3,0x18c3,0x18e3,0x2103,0x2124,0x2945,0x2965,0x3165,0x3186,0x39a6,0x39c7,0x39c7,0x4208,0x4208,0x4208,
  0x4208,0x4228,0x4228,0x4208,0x4208,0x4208,0x4208,0x4228,0x4208,0x4208,0x4208,0x4208,0x4208,0x4208,0x4208,0x4208,0x4208,0x4208,0x4208,0x4208,
  0x4208,0x4207,0x4207,0x4207,0x4207,0x41e7,0x4207,0x4207,0x4207,0x4207,0x4207,0x4207,0x4207,0x4207,0x4207,0x4207,0x4a08,0x4a08,0x4a07,0x4207,
  0x4207,0x4207,0x41e7,0x41e7,0x41e7,0x41e7,0x41e7,0x39c7,0x39c6,0x39c6,0x39a6,0x39a6,0x39a6,0x39a6,0x39c6,0x39c6,0x39c6,0x39a6,0x39a6,0x31a6,
  0x3186,0x3186,0x3186,0x3186,0x3185,0x3185,0x3185,0x3185,0x3185,0x3165,0x3185,0x3185,0x3185,0x3185,0x3165,0x2965,0x2945,0x2945,0x2945,0x2945,
  0x2945,0x2945,0x2945,0x2945,0x2945,0x2945,0x2944,0x2944,0x2924,0x2124,0x2124,0x2124,0x2104,0x2104,0x2103,0x2103,0x20e3,0x18c3,0x18c2,0x10a2,
  0x1082,0x0861,0x0861,0x0841,0x0841,0x0041,0x0841,0x0841,0x0841,0x0841,0x0841,0x0841,0x0841,0x0841,0x0841,0x0841,0x0841,0x0841,0x0841,0x0841,
  0x0841,0x0841,0x0841,0x0841,0x0820,0x0820,0x0040,0x0020,0x0020,0x0020,0x0020,0x0020,0x0841,0x0841,0x0861,0x1061,0x1061,0x1061,0x1061,0x0861,
  0x0841,0x0841,0x0841,0x0840,0x0841,0x10a2,0x2924,0x39a6,0x4228,0x4a49,0x41e8,0x4a28,0x5269,0x528a,0x4208,0x39a7,0x39c7,0x41e8,0x41e8,0x5249,
  0x1082,0x0020,0x0841,0x1061,0x0841,0x0041,0x0841,0x0841,0x0861,0x0861,0x0841,0x0840,0x0841,0x0841,0x0000,0x0020,0x0841,0x0841,0x0841,0x0841,
  0x0861,0x0861,0x0020,0x0020,0x0841,0x0841,0x0841,0x0841,0x0841,0x0841,0x0841,0x0020,0x0841,0x0861,0x0841,0x0841,0x1081,0x1082,0x0841,0x0861,
  0x0841,0x0020,0x0841,0x0861,0x0861,0x0861,0x0841,0x0841,0x0861,0x0841,0x0841,0x0841,0x0841,0x0841,0x0841,0x0861,0x0861,0x1061,0x0861,0x0861,
  0x0841,0x0820,0x0820,0x0841,0x0841,0x0841,0x0841,0x0841,0x0841,0x0841,0x0861,0x0861,0x0861,0x0861,0x0861,0x0861,0x1061,0x1082,0x1082,0x1082,
  0x1082,0x1082,0x10a2,0x10a2,0x10a2,0x10a3,0x18a3,0x18c3,0x18c3,0x18c3,0x18c3,0x18e3,0x18e3,0x18e3,0x18e3,0x20e3,0x20e3,0x20e3,0x18e3,0x18e3,
  0x18e3,0x18e3,0x18e3,0x18c3,0x18c3,0x18e3,0x20e3,0x2104,0x2924,0x2945,0x3165,0x3186,0x31a6,0x39c7,0x39c7,0x39e7,0x41e7,0x4208,0x4208,0x4208,
  0x4208,0x4208,0x4208,0x4208,0x4208,0x4208,0x4208,0x4208,0x4208,0x4208,0x41e8,0x41e8,0x41e8,0x4208,0x4208,0x4208,0x4208,0x4208,0x4207,0x4207,
  0x4208,0x4208,0x4207,0x41e7,0x4207,0x4207,0x4207,0x4207,0x4207,0x4207,0x4207,0x4207,0x4207,0x4207,0x4207,0x4207,0x4207,0x4207,0x4207,0x4207,
  0x41e7,0x41e7,0x41e7,0x41e7,0x41e7,0x41c7,0x39c7,0x39c6,0x39c6,0x39a6,0x39a6,0x39a6,0x39a6,0x39a6,0x39c6,0x39c6,0x39a6,0x39a6,0x31a6,0x3186,
  0x3186,0x3186,0x3186,0x3186,0x3185,0x3185,0x3165,0x3165,0x3165,0x3165,0x3186,0x3186,0x3185,0x3165,0x3165,0x2965,0x2965,0x2965,0x2945,0x2945,
  0x2945,0x2945,0x2945,0x2945,0x2945,0x2945,0x2944,0x2924,0x2924,0x2124,0x2104,0x2104,0x2104,0x2103,0x2103,0x20e3,0x18e3,0x18e3,0x18c3,0x18c2,
  0x10a2,0x1082,0x1082,0x0861,0x0861,0x0841,0x0841,0x0841,0x0841,0x0841,0x0841,0x0841,0x0841,0x0841,0x0841,0x0841,0x0841,0x0841,0x0841,0x0841,
  0x0841,0x0841,0x0840,0x0020,0x0020,0x0020,0x0020,0x0020,0x0020,0x0020,0x0020,0x0020,0x0020,0x0020,0x0840,0x0841,0x0841,0x0861,0x1061,0x0861,
  0x0840,0x0820,0x0841,0x18c3,0x39a6,0x4a28,0x4208,0x4a28,0x4a49,0x4228,0x4228,0x4a49,0x39e7,0x39e8,0x41e8,0x39c7,0x31a7,0x4228,0x5a89,0x5228,
  0x0841,0x0020,0x0020,0x0861,0x0821,0x0020,0x0841,0x0020,0x0020,0x0841,0x0841,0x0841,0x0841,0x0020,0x0820,0x0820,0x0020,0x0020,0x0841,0x0841,
  0x0841,0x0841,0x0020,0x0840,0x0840,0x0020,0x0020,0x0840,0x0841,0x0841,0x0020,0x0020,0x0841,0x1061,0x0861,0x1081,0x0861,0x0841,0x0841,0x0841,
  0x0841,0x0861,0x0841,0x0841,0x0841,0x0841,0x0841,0x0841,0x0841,0x0841,0x0841,0x0841,0x0841,0x0841,0x0841,0x0841,0x0861,0x0861,0x0861,0x0841,
  0x0841,0x0841,0x0841,0x0841,0x0841,0x0841,0x0841,0x0841,0x0841,0x0841,0x0841,0x0861,0x0861,0x0861,0x0861,0x0861,0x0861,0x1082,0x1082,0x1082,
  0x1082,0x1082,0x1082,0x10a2,0x10a2,0x10a2,0x10a2,0x10a2,0x18c3,0x18c3,0x18c3,0x18c3,0x18c3,0x18c3,0x18e3,0x18e3,0x18e3,0x18e3,0x18e3,0x18c3,
  0x18c3,0x18c3,0x18c3,0x18c3,0x18e3,0x2104,0x2124,0x2945,0x2965,0x3186,0x31a6,0x39a6,0x39c7,0x39e7,0x39e7,0x39e7,0x41e7,0x4208,0x4208,0x4208,
  0x4208,0x4208,0x4208,0x4208,0x4208,0x4208,0x4208,0x4208,0x41e8,0x41e8,0x41e8,0x41e7,0x41e8,0x41e8,0x41e7,0x41e7,0x41e7,0x41e7,0x41e7,0x41e7,
  0x4208,0x4208,0x4207,0x4207,0x4207,0x4207,0x4207,0x4207,0x4207,0x4207,0x4207,0x4207,0x4207,0x4207,0x4207,0x4207,0x4207,0x4207,0x41e7,0x41e7,
  0x41e7,0x41c7,0x41e7,0x41c7,0x41c7,0x39c7,0x39c6,0x39c6,0x39a6,0x39a6,0x39a6,0x39a6,0x39a6,0x39a6,0x39a6,0x39a6,0x39a6,0x39a6,0x3186,0x3186,
  0x3186,0x3186,0x3186,0x3186,0x3186,0x3185,0x3165,0x3165,0x3165,0x3165,0x3165,0x3165,0x3185,0x3165,0x3165,0x2965,0x2945,0x2965,0x2945,0x2945,
  0x2945,0x2945,0x2945,0x2945,0x2945,0x2944,0x2924,0x2124,0x2124,0x2104,0x2104,0x2104,0x2104,0x2104,0x2124,0x2124,0x2124,0x2124,0x2124,0x2124,
  0x2104,0x2103,0x20e3,0x20e3,0x18c3,0x18c3,0x18c3,0x18a2,0x10a2,0x10a2,0x1082,0x1082,0x1082,0x0861,0x0861,0x0861,0x0841,0x0841,0x0841,0x0841,
  0x0841,0x0020,0x0020,0x0020,0x0020,0x0020,0x0020,0x0020,0x0020,0x0020,0x0020,0x0020,0x0020,0x0020,0x0020,0x0020,0x0020,0x0841,0x0840,0x0840,
  0x0861,0x2104,0x31a6,0x41e8,0x41e8,0x3186,0x4208,0x5269,0x4208,0x5289,0x5aaa,0x4208,0x39c7,0x39a7,0x31a7,0x4208,0x5aaa,0x62ca,0x5a89,0x4a28,
  0x0841,0x0841,0x0020,0x0020,0x0020,0x0020,0x0020,0x0020,0x0020,0x0000,0x0020,0x0020,0x0020,0x0020,0x0841,0x0841,0x0820,0x0840,0x0020,0x0020,
  0x0841,0x0841,0x0841,0x0020,0x0000,0x0000,0x0020,0x0841,0x0841,0x0841,0x0841,0x0020,0x0020,0x0020,0x0841,0x0841,0x0841,0x0020,0x0861,0x0841,
  0x0841,0x0841,0x0820,0x0820,0x0840,0x0841,0x0841,0x0841,0x0841,0x0841,0x0841,0x0841,0x0841,0x0841,0x0841,0x0861,0x0861,0x0841,0x0841,0x0841,
  0x0841,0x0841,0x0841,0x0841,0x0841,0x0841,0x0841,0x0841,0x0841,0x0841,0x0841,0x0841,0x0861,0x0861,0x0861,0x0861,0x0861,0x0861,0x0861,0x0861,
  0x1082,0x1082,0x1082,0x1082,0x1082,0x10a2,0x10a2,0x10a2,0x10a2,0x18a2,0x18c3,0x18c3,0x18c3,0x18c3,0x18c3,0x18c3,0x18c3,0x18c3,0x18c3,0x18c3,
  0x18c3,0x18c3,0x18c3,0x18e3,0x2104,0x2924,0x2945,0x3165,0x3186,0x39a6,0x39c7,0x39e7,0x41e7,0x41e7,0x41e8,0x41e7,0x41e7,0x4208,0x4208,0x4208,
  0x4208,0x4208,0x41e8,0x41e8,0x41e7,0x41e7,0x41e8,0x41e7,0x41e7,0x41e7,0x41e7,0x41e8,0x41e7,0x41e7,0x41e7,0x39e7,0x39e7,0x39e7,0x41e7,0x41e7,
  0x41e7,0x4207,0x4208,0x4208,0x4207,0x4207,0x4207,0x4207,0x4207,0x4207,0x41e7,0x41e7,0x4207,0x4207,0x4207,0x4207,0x4207,0x41e7,0x41e7,0x39c7,
  0x41c7,0x41c7,0x41e7,0x41c7,0x41c7,0x39c6,0x39c6,0x39c6,0x39a6,0x39a6,0x39a6,0x39a6,0x39a6,0x39a6,0x39a6,0x39a6,0x39a6,0x39a6,0x3186,0x3186,
  0x3186,0x3186,0x3186,0x3186,0x3186,0x3185,0x3165,0x3165,0x3165,0x2965,0x3165,0x3165,0x3165,0x3165,0x2965,0x2965,0x2945,0x2945,0x2945,0x2945,
  0x2945,0x2945,0x2945,0x2945,0x2945,0x2944,0x2924,0x2924,0x2924,0x2945,0x2965,0x3165,0x3185,0x3185,0x3185,0x3185,0x3165,0x3165,0x3165,0x3165,
  0x3165,0x3165,0x3165,0x2945,0x2944,0x2924,0x2924,0x2924,0x2104,0x2103,0x20e3,0x18e3,0x18c3,0x18c3,0x18a2,0x10a2,0x1082,0x1082,0x1061,0x0861,
  0x0841,0x0841,0x0841,0x0841,0x0020,0x0020,0x0020,0x0020,0x0020,0x0020,0x0020,0x0020,0x0020,0x0020,0x0020,0x0020,0x0000,0x0000,0x0861,0x2124,
  0x39c7,0x4208,0x5248,0x4a28,0x39c7,0x39c7,0x5269,0x4a29,0x5269,0x4a29,0x41e8,0x4208,0x39c7,0x2966,0x4a28,0x6aea,0x5269,0x3186,0x39a7,0x41e8,
  0x0020,0x0841,0x0020,0x0020,0x0841,0x0841,0x0841,0x0841,0x0020,0x0020,0x0020,0x0020,0x0020,0x0020,0x0020,0x0000,0x0020,0x0000,0x0000,0x0020,
  0x0841,0x0020,0x0020,0x0000,0x0840,0x0020,0x0020,0x0841,0x0841,0x0841,0x1061,0x0820,0x0020,0x0841,0x0841,0x0840,0x0841,0x0841,0x0841,0x0841,
  0x0840,0x0841,0x0841,0x0841,0x0841,0x0841,0x0841,0x0841,0x0841,0x0841,0x0841,0x0841,0x0841,0x0841,0x0841,0x0841,0x0841,0x0841,0x0841,0x0841,
  0x0841,0x0841,0x0841,0x0841,0x0841,0x0841,0x0841,0x0841,0x0841,0x0841,0x0841,0x0841,0x0841,0x0861,0x0861,0x0861,0x0861,0x0861,0x0861,0x0861,
  0x0862,0x1082,0x1082,0x1082,0x1082,0x10a2,0x10a2,0x10a2,0x10a2,0x10a2,0x10a2,0x10a2,0x18a2,0x18a2,0x18a2,0x10a2,0x18c2,0x18a2,0x18a2,0x18c3,
  0x18c3,0x18c3,0x18e3,0x2104,0x2924,0x2965,0x3186,0x31a6,0x39c7,0x39c7,0x39e7,0x41e8,0x4208,0x41e8,0x41e7,0x41e7,0x41e7,0x4208,0x4208,0x41e8,
  0x41e7,0x41e7,0x39e7,0x39e7,0x39e7,0x39e7,0x41e7,0x39e7,0x39e7,0x41e7,0x41e7,0x41e7,0x41e7,0x41e7,0x41e7,0x39e7,0x39e7,0x39e7,0x41e7,0x41e7,
  0x41e7,0x4207,0x4208,0x4208,0x4208,0x4207,0x4207,0x4207,0x41e7,0x41e7,0x41e7,0x41e7,0x41e7,0x41e7,0x41e7,0x41e7,0x41e7,0x41e7,0x39c7,0x39c7,
  0x41c7,0x41e7,0x41e7,0x41e7,0x39c7,0x39c6,0x39c6,0x39a6,0x39a6,0x39a6,0x39a6,0x39a6,0x39a6,0x39a6,0x39a6,0x39a6,0x39a6,0x3186,0x3186,0x3186,
  0x3186,0x3186,0x3186,0x3186,0x3186,0x3165,0x3165,0x2965,0x2965,0x2965,0x2965,0x2965,0x2965,0x3165,0x2965,0x2965,0x2945,0x2945,0x2945,0x2945,
  0x2945,0x2945,0x2945,0x2945,0x2945,0x2945,0x3165,0x3185,0x39a6,0x39a6,0x41c7,0x41e7,0x4207,0x41e7,0x41e7,0x41e7,0x39c7,0x39c6,0x39a6,0x39a6,
  0x39a6,0x39a6,0x39a6,0x3185,0x3185,0x3165,0x3165,0x3165,0x2945,0x2944,0x2924,0x2924,0x2924,0x2924,0x2103,0x20e3,0x18e3,0x18c3,0x18c2,0x10a2,
  0x1082,0x1082,0x1061,0x0861,0x0841,0x0841,0x0841,0x0020,0x0020,0x0020,0x0020,0x0020,0x0020,0x0020,0x0000,0x0000,0x0861,0x2104,0x3186,0x41e8,
  0x4a28,0x39c7,0x4208,0x4a28,0x4a49,0x5a8a,0x5269,0x39c7,0x41e8,0x4208,0x41e8,0x4208,0x39c7,0x4a28,0x5a68,0x5228,0x4208,0x4208,0x4208,0x39e8,
  0x0020,0x0020,0x0020,0x0820,0x0020,0x0020,0x0020,0x0020,0x0000,0x0000,0x0000,0x0000,0x0020,0x0020,0x0000,0x0000,0x0000,0x0000,0x0020,0x0020,
  0x0020,0x0020,0x0020,0x0841,0x0841,0x0841,0x0841,0x0820,0x0020,0x0841,0x0820,0x0840,0x0841,0x0841,0x0861,0x0841,0x0841,0x0841,0x0840,0x0841,
  0x0841,0x0820,0x0020,0x0840,0x0841,0x0841,0x0841,0x0820,0x0840,0x0841,0x0841,0x0840,0x0840,0x0840,0x0841,0x0841,0x0841,0x0841,0x0841,0x0841,
  0x0841,0x0841,0x0841,0x0841,0x0841,0x0841,0x0841,0x0841,0x0841,0x0841,0x0841,0x0841,0x0841,0x0841,0x0841,0x0861,0x0861,0x0861,0x0861,0x0861,
  0x0861,0x0861,0x1082,0x1082,0x1082,0x1082,0x10a2,0x10a2,0x10a2,0x10a2,0x10a2,0x10a2,0x10a2,0x10a2,0x10a2,0x10a2,0x10a2,0x10a2,0x10a2,0x10a2,
  0x18c3,0x18e3,0x2104,0x2924,0x2945,0x3186,0x31a6,0x39c7,0x39e7,0x41e7,0x41e7,0x41e8,0x41e8,0x41e7,0x39e7,0x41e7,0x41e7,0x41e7,0x41e7,0x39e7,
  0x41e7,0x41e7,0x39e7,0x39e7,0x39e7,0x39e7,0x39e7,0x39e7,0x39e7,0x41e7,0x39e7,0x39e7,0x39e7,0x41e7,0x41e7,0x39e7,0x39e7,0x39e7,0x39e7,0x41e7,
  0x41e7,0x41e7,0x4207,0x4207,0x41e7,0x41e7,0x4207,0x41e7,0x41e7,0x41e7,0x41e7,0x41e7,0x41e7,0x41e7,0x41e7,0x41e7,0x41e7,0x39c7,0x39c7,0x39c7,
  0x39c7,0x41c7,0x41e7,0x39c7,0x39c7,0x39c6,0x39c6,0x39a6,0x39a6,0x39a6,0x39a6,0x31a6,0x3186,0x31a6,0x31a6,0x31a6,0x3186,0x3186,0x3186,0x3186,
  0x3186,0x3186,0x3186,0x3186,0x3185,0x3165,0x3165,0x2965,0x2965,0x2965,0x2965,0x2965,0x2965,0x2965,0x2965,0x2965,0x2965,0x2945,0x2945,0x2945,
  0x2945,0x2945,0x2945,0x3165,0x39a6,0x39c6,0x41e7,0x4207,0x4a07,0x4a08,0x4a28,0x4a28,0x4a28,0x4a28,0x4a07,0x4207,0x41e7,0x41e7,0x39c6,0x39c6,
  0x39c6,0x39a6,0x39a6,0x3186,0x3185,0x3165,0x3165,0x3165,0x2945,0x2944,0x2944,0x3144,0x2944,0x2924,0x2924,0x2104,0x2103,0x20e3,0x20e3,0x18c3,
  0x18c3,0x18c2,0x10a2,0x1082,0x1082,0x1061,0x0861,0x0861,0x0841,0x0841,0x0020,0x0020,0x0020,0x0000,0x1081,0x2924,0x39c7,0x4a49,0x5269,0x5248,
  0x4208,0x4a29,0x4208,0x4229,0x4a69,0x5269,0x4a29,0x4208,0x4a29,0x4208,0x39c6,0x39c6,0x5248,0x5a89,0x4208,0x3186,0x41e8,0x41e8,0x39c7,0x39e8,
  0x0000,0x0000,0x0000,0x0000,0x0000,0x0000,0x0000,0x0000,0x0000,0x0000,0x0000,0x0000,0x0000,0x0000,0x0000,0x0000,0x0020,0x0820,0x0841,0x0020,
  0x0000,0x0840,0x0841,0x0020,0x0020,0x0841,0x0821,0x0020,0x0020,0x0020,0x0020,0x0020,0x0841,0x0841,0x0820,0x0020,0x0020,0x0020,0x0841,0x0841,
  0x0820,0x0020,0x0020,0x0820,0x0840,0x0840,0x0020,0x0020,0x0820,0x0820,0x0020,0x0020,0x0820,0x0841,0x0861,0x0861,0x0861,0x0861,0x0861,0x1081,
  0x1082,0x1082,0x10a2,0x10a2,0x18c3,0x18c3,0x18c3,0x18c3,0x10c3,0x10a2,0x10a2,0x1082,0x1082,0x0861,0x0861,0x0841,0x0841,0x0841,0x0861,0x0861,
  0x0861,0x0861,0x0861,0x1082,0x1082,0x1082,0x1082,0x1082,0x10a2,0x10a2,0x10a2,0x10a2,0x10a2,0x10a2,0x10a2,0x1082,0x1082,0x1082,0x1082,0x18a2,
  0x18c3,0x2104,0x2924,0x2945,0x3186,0x31a6,0x39c7,0x39c7,0x39e7,0x41e7,0x41e7,0x41e7,0x41e7,0x39e7,0x41e7,0x39e7,0x39e7,0x41e7,0x39e7,0x39e7,
  0x41e7,0x41e7,0x39e7,0x39e7,0x39e7,0x39e7,0x39e7,0x39e7,0x39e7,0x39e7,0x39e7,0x39e7,0x39e7,0x39e7,0x39e7,0x39e7,0x39e7,0x39e7,0x39e7,0x41e7,
  0x41e7,0x41e7,0x41e7,0x41e7,0x41e7,0x4207,0x41e7,0x41e7,0x39e7,0x39e7,0x39e7,0x41e7,0x41e7,0x41e7,0x41e7,0x39c7,0x39c7,0x39c7,0x39c6,0x39c6,
  0x39c7,0x39c7,0x39c6,0x39c7,0x39c6,0x39c6,0x39a6,0x39a6,0x39a6,0x39a6,0x31a6,0x31a6,0x3186,0x3186,0x3186,0x3186,0x3186,0x3186,0x3186,0x3186,
  0x3186,0x3186,0x3186,0x3165,0x3185,0x3165,0x3165,0x3165,0x2965,0x2965,0x2965,0x2965,0x2965,0x2965,0x2965,0x2965,0x2965,0x2945,0x2945,0x2945,
  0x2965,0x3186,0x39c6,0x41e7,0x4a08,0x4a28,0x5248,0x5249,0x5248,0x4a28,0x4a28,0x4a08,0x4a08,0x4a28,0x4a28,0x4207,0x41e7,0x41e7,0x41e7,0x41c7,
  0x39c6,0x39c6,0x39a6,0x39a6,0x3185,0x3185,0x3165,0x3145,0x2945,0x2944,0x2944,0x3144,0x2944,0x2924,0x2104,0x2103,0x2103,0x2103,0x20e3,0x18e3,
  0x18c3,0x18c2,0x18a2,0x18a2,0x10a2,0x1082,0x1082,0x1081,0x1061,0x1061,0x0841,0x0020,0x1082,0x2965,0x4228,0x5249,0x4a49,0x528a,0x5aca,0x4a28,
  0x39c7,0x4229,0x4a6a,0x526a,0x4a49,0x4208,0x4209,0x31a7,0x2945,0x3985,0x49e7,0x5228,0x4a49,0x4208,0x39c7,0x31a7,0x39e7,0x4228,0x39e8,0x39c8,
  0x2104,0x2125,0x2945,0x2945,0x2125,0x2945,0x2966,0x2966,0x2946,0x2104,0x18e4,0x18e4,0x18c3,0x10a3,0x10a2,0x0861,0x0020,0x0020,0x0000,0x0000,
  0x0020,0x0841,0x0020,0x0820,0x0841,0x0841,0x0841,0x0841,0x0020,0x0020,0x0020,0x0841,0x0841,0x0020,0x0020,0x0020,0x0020,0x0020,0x0020,0x0020,
  0x0020,0x0020,0x0020,0x0020,0x0020,0x0020,0x0020,0x0820,0x0020,0x0020,0x0020,0x0020,0x0820,0x0841,0x0861,0x1082,0x1082,0x10a2,0x18c3,0x18e3,
  0x1904,0x2104,0x2124,0x2125,0x2945,0x2945,0x2965,0x2966,0x2966,0x2966,0x2965,0x2945,0x2925,0x2124,0x2104,0x18e3,0x10a3,0x1082,0x0861,0x0861,
  0x0861,0x0861,0x0861,0x1082,0x1082,0x1082,0x1082,0x1082,0x1082,0x1082,0x1082,0x1082,0x1082,0x1082,0x1082,0x1082,0x1082,0x1082,0x10a2,0x18c3,
  0x2104,0x2924,0x2945,0x3186,0x31a6,0x39c7,0x39c7,0x39c7,0x39e7,0x39e7,0x39e7,0x39e7,0x39e7,0x39e7,0x39e7,0x39e7,0x39e7,0x39e7,0x39e7,0x41e7,
  0x41e7,0x41e7,0x39e7,0x39e7,0x39e7,0x39e7,0x39e7,0x39e7,0x39e7,0x39e7,0x39e7,0x39c7,0x39e7,0x39e7,0x39e7,0x39e7,0x39e7,0x39e7,0x39e7,0x41e7,
  0x41e7,0x41e7,0x41e7,0x41e7,0x4207,0x4207,0x41e7,0x39e7,0x39e7,0x39e7,0x39e7,0x41e7,0x41e7,0x39e7,0x39c7,0x39c7,0x39c7,0x39c6,0x39c6,0x39c6,
  0x39c6,0x39c7,0x39c7,0x39c6,0x39c6,0x39c6,0x39a6,0x39a6,0x39a6,0x31a6,0x31a6,0x3186,0x3186,0x3186,0x3186,0x3186,0x3186,0x3186,0x3186,0x3186,
  0x3186,0x3165,0x3165,0x3165,0x3165,0x3165,0x3165,0x3165,0x2965,0x2965,0x2965,0x2965,0x2965,0x2965,0x2965,0x2965,0x2945,0x2945,0x2965,0x3186,
  0x41c7,0x4a08,0x5248,0x5269,0x5269,0x5269,0x5a89,0x5269,0x5269,0x4a48,0x4a28,0x4a08,0x4a08,0x4a08,0x4a28,0x4207,0x41e7,0x4207,0x4a07,0x41e7,
  0x41c6,0x39a6,0x39a6,0x3986,0x3185,0x3185,0x3185,0x3165,0x2944,0x2944,0x2944,0x2944,0x2924,0x2104,0x2103,0x2103,0x2103,0x2103,0x20e3,0x20e3,
  0x18c2,0x18c2,0x18a2,0x18a2,0x18a2,0x10a2,0x1082,0x1082,0x1081,0x0861,0x18a2,0x39a6,0x4a49,0x528a,0x528a,0x4a49,0x5289,0x6b0b,0x4a28,0x39c7,
  0x4a69,0x5269,0x528a,0x4a49,0x39e8,0x39a7,0x4a28,0x4a28,0x41e7,0x4228,0x4229,0x4229,0x4208,0x4228,0x4208,0x4229,0x4208,0x4a49,0x4a29,0x4229,
  0x39c8,0x39e8,0x4a8a,0x52ab,0x4a4a,0x4209,0x4229,0x4229,0x39e8,0x31a7,0x31c7,0x39c8,0x31a7,0x31a7,0x39c8,0x31c8,0x31c7,0x2966,0x2125,0x18c3,
  0x1082,0x0841,0x0000,0x0020,0x0841,0x0841,0x0840,0x0020,0x0000,0x0020,0x0841,0x0841,0x0020,0x0000,0x0000,0x0020,0x0020,0x0020,0x0020,0x0020,
  0x0020,0x0020,0x0020,0x0020,0x0020,0x0020,0x0020,0x0020,0x0000,0x0000,0x0020,0x0020,0x0841,0x0861,0x1082,0x10a2,0x18c3,0x18e3,0x2104,0x2124,
  0x2125,0x2945,0x2966,0x3186,0x3186,0x31a7,0x39c7,0x39c7,0x39e8,0x39e8,0x39e8,0x39e8,0x39e8,0x39c7,0x39a7,0x3186,0x2966,0x2945,0x2104,0x18e3,
  0x10a3,0x1082,0x1082,0x0861,0x0861,0x1081,0x1082,0x1082,0x1082,0x1082,0x1082,0x1082,0x1082,0x1082,0x1082,0x1082,0x1082,0x10a2,0x18c3,0x20e3,
  0x2124,0x2945,0x3186,0x31a6,0x39c7,0x39c7,0x39c7,0x39c7,0x39c7,0x39c7,0x39e7,0x39e7,0x39c7,0x39e7,0x39e7,0x39e7,0x39e7,0x39e7,0x41e7,0x41e7,
  0x39e7,0x41e7,0x39e7,0x39e7,0x39e7,0x39e7,0x39e7,0x39e7,0x39e7,0x39e7,0x39c7,0x39c7,0x39c7,0x39e7,0x39e7,0x39e7,0x39e7,0x39e7,0x39e7,0x41e7,
  0x41e7,0x41e7,0x41e7,0x41e7,0x41e7,0x41e7,0x39e7,0x39e7,0x39e7,0x39e7,0x39e7,0x41e7,0x39e7,0x39c7,0x39c7,0x39c6,0x39c6,0x39a6,0x39c6,0x39c6,
  0x39c6,0x39c6,0x39c6,0x39a6,0x39a6,0x39a6,0x39a6,0x39a6,0x39a6,0x31a6,0x31a6,0x3186,0x3186,0x3186,0x3186,0x3186,0x3186,0x3186,0x3185,0x3185,
  0x3165,0x3165,0x2965,0x2965,0x3165,0x3165,0x3165,0x2965,0x2965,0x2965,0x2965,0x2965,0x2945,0x2945,0x2945,0x2945,0x2965,0x3186,0x39c7,0x4a07,
  0x5248,0x5269,0x5a89,0x5a89,0x5a89,0x5a89,0x5a89,0x5a89,0x5269,0x5248,0x5248,0x4a28,0x4a28,0x4a28,0x4a08,0x4207,0x4207,0x4a08,0x4a28,0x4a07,
  0x41c7,0x39a6,0x39a6,0x3186,0x39a6,0x3986,0x3185,0x3165,0x2945,0x2945,0x3145,0x2944,0x2924,0x2103,0x2103,0x2103,0x2903,0x2103,0x20e3,0x20c3,
  0x18c2,0x18c2,0x18a2,0x18a2,0x18a2,0x18a2,0x1082,0x1081,0x10a2,0x2944,0x4a08,0x5aaa,0x528a,0x62eb,0x5269,0x4a49,0x732c,0x6aeb,0x41e7,0x4a69,
  0x6b0c,0x5aaa,0x4208,0x39c6,0x4a27,0x62ca,0x5a89,0x4208,0x39e8,0x39c7,0x39e8,0x5aab,0x4a49,0x39c7,0x39e8,0x526a,0x4a49,0x31a7,0x3186,0x39c8,
  0x31a7,0x31a7,0x3186,0x3187,0x2966,0x3a08,0x39e8,0x31a7,0x4209,0x4229,0x4229,0x4209,0x4229,0x4209,0x31a7,0x31a7,0x3a09,0x4229,0x3a09,0x39c8,
  0x39e8,0x31a7,0x2145,0x18e3,0x0861,0x0020,0x0000,0x0000,0x0020,0x0841,0x0840,0x0020,0x0000,0x0020,0x0020,0x0020,0x0020,0x0020,0x0020,0x0020,
  0x0020,0x0020,0x0020,0x0000,0x0000,0x0000,0x0000,0x0000,0x0000,0x0000,0x0020,0x0841,0x0861,0x1082,0x10a2,0x18c3,0x18e3,0x2104,0x2124,0x2925,
  0x2945,0x2966,0x3186,0x3186,0x39a7,0x39c7,0x39e8,0x39e8,0x39e8,0x41e8,0x4208,0x4209,0x4229,0x4a29,0x4229,0x4208,0x39e8,0x39e7,0x39a7,0x3186,
  0x2965,0x2125,0x2104,0x18c3,0x10a2,0x1082,0x0861,0x1081,0x1082,0x1081,0x1082,0x1081,0x1082,0x1081,0x1081,0x0861,0x1082,0x18c3,0x18e3,0x2104,
  0x2945,0x3165,0x3186,0x39a6,0x39c7,0x39c7,0x39c7,0x39c7,0x39c7,0x39c7,0x39c7,0x39c7,0x39c7,0x39c7,0x39c7,0x39e7,0x39e7,0x39e7,0x41e7,0x39e7,
  0x39e7,0x39e7,0x39e7,0x39e7,0x39e7,0x39e7,0x39e7,0x39c7,0x39c7,0x39c7,0x39c7,0x39c7,0x39c7,0x39c7,0x39e7,0x39e7,0x39e7,0x39e7,0x41e7,0x39e7,
  0x41e7,0x39e7,0x39e7,0x39e7,0x39e7,0x39c7,0x39e7,0x39c7,0x39c7,0x39c7,0x39e7,0x39e7,0x39c7,0x39c7,0x39c7,0x39a6,0x39a6,0x39c6,0x39a6,0x39a6,
  0x39a6,0x39a6,0x39a6,0x39a6,0x39a6,0x39a6,0x39a6,0x39a6,0x39a6,0x39a6,0x3186,0x3186,0x3186,0x3186,0x3186,0x3186,0x3186,0x3185,0x3165,0x3165,
  0x3165,0x2965,0x2965,0x2945,0x2965,0x2965,0x2945,0x2945,0x2945,0x2965,0x2965,0x2945,0x2945,0x2945,0x2945,0x3185,0x39c6,0x4a07,0x5248,0x5a69,
  0x5a89,0x5a89,0x5a89,0x5a89,0x5a89,0x5aa9,0x5a89,0x5269,0x5248,0x4a48,0x4a28,0x4a28,0x4a28,0x4a07,0x41e7,0x41e7,0x41e7,0x41e7,0x4a07,0x4207,
  0x41c6,0x39a6,0x39a6,0x39a6,0x39c6,0x39a6,0x39a6,0x3185,0x3165,0x3165,0x3165,0x3144,0x2924,0x2103,0x2103,0x2103,0x2103,0x20e3,0x18c3,0x18c2,
  0x18c2,0x18c2,0x18c2,0x18c2,0x18a2,0x1082,0x1082,0x2104,0x41e7,0x4a49,0x4228,0x4a49,0x5aaa,0x528a,0x31a7,0x4a49,0x6b0b,0x4a49,0x5269,0x62ca,
  0x5aaa,0x5268,0x4207,0x5248,0x5aca,0x4a69,0x39e8,0x39c7,0x39c7,0x31a7,0x41e8,0x4a6a,0x41e8,0x3186,0x39c7,0x39a7,0x41e7,0x39c7,0x3186,0x3166,
  0x31a7,0x31a7,0x2124,0x2945,0x2966,0x31a7,0x3187,0x4209,0x31a7,0x4229,0x4a6a,0x4a4a,0x2986,0x39e8,0x4a4a,0x39e8,0x31c7,0x2966,0x3187,0x39c8,
  0x4208,0x4229,0x39e8,0x4229,0x4229,0x3186,0x18e4,0x1082,0x0020,0x0000,0x0000,0x0020,0x0020,0x0020,0x0820,0x0020,0x0020,0x0020,0x0020,0x0000,
  0x0000,0x0000,0x0000,0x0000,0x0000,0x0000,0x0000,0x0000,0x0020,0x0020,0x0841,0x0861,0x1082,0x10a2,0x18c3,0x18c3,0x18e4,0x2104,0x2125,0x2925,
  0x2945,0x2966,0x3186,0x31a7,0x39e7,0x4208,0x4208,0x41e8,0x39e8,0x39e8,0x4208,0x4208,0x4229,0x4229,0x4229,0x4229,0x4229,0x4229,0x4229,0x4208,
  0x41e8,0x39c7,0x31a6,0x2965,0x2125,0x18e3,0x10a2,0x1082,0x0861,0x0861,0x0861,0x0861,0x0861,0x0861,0x0861,0x1082,0x10a2,0x18c3,0x2104,0x2945,
  0x2965,0x3186,0x31a6,0x39c6,0x39c7,0x39a6,0x39a7,0x39c7,0x39c7,0x39c7,0x39c7,0x39c7,0x39c7,0x39c7,0x39c7,0x39c7,0x39e7,0x39e7,0x39e7,0x39c7,
  0x39e7,0x39c7,0x39c7,0x39c7,0x39c7,0x39c7,0x39c7,0x39c7,0x39c7,0x39c7,0x39c7,0x39c7,0x39c7,0x39c7,0x39e7,0x39e7,0x39e7,0x39e7,0x39e7,0x39e7,
  0x39e7,0x39e7,0x39e7,0x39c7,0x39c7,0x39c7,0x39c7,0x39c7,0x39c7,0x39c7,0x39c7,0x39c7,0x39c7,0x39c6,0x39c6,0x39a6,0x39a6,0x39a6,0x39a6,0x39a6,
  0x39a6,0x39a6,0x39a6,0x39a6,0x39a6,0x39a6,0x31a6,0x31a6,0x31a6,0x3186,0x3186,0x3186,0x3186,0x3186,0x3186,0x3185,0x3165,0x3165,0x3165,0x3165,
  0x2965,0x2965,0x2945,0x2945,0x2945,0x2945,0x2945,0x2945,0x2945,0x2945,0x2965,0x2965,0x2945,0x2945,0x31a6,0x41e7,0x5248,0x5a89,0x5a89,0x5aa9,
  0x5aaa,0x5a89,0x5269,0x5269,0x5a89,0x5a89,0x5269,0x5248,0x4a28,0x4a28,0x4a08,0x4a28,0x4a28,0x4207,0x41c7,0x39c7,0x41c7,0x41e7,0x41e7,0x41c7,
  0x39c6,0x39a6,0x39a6,0x39a6,0x39a6,0x39a6,0x3986,0x3165,0x2944,0x3145,0x3165,0x2944,0x2924,0x2103,0x2103,0x2103,0x20e3,0x20e3,0x18c3,0x18c2,
  0x18c2,0x18c2,0x18c2,0x18a2,0x18a2,0x20e3,0x39a6,0x62cb,0x528a,0x39e8,0x526a,0x5aaa,0x4a28,0x39c7,0x4a49,0x5aaa,0x4208,0x4a07,0x5a89,0x5a69,
  0x5248,0x41e7,0x39e7,0x4a49,0x31a7,0x31a6,0x39e8,0x4208,0x4208,0x39e8,0x4229,0x4208,0x4a28,0x4208,0x4208,0x4208,0x39a6,0x39a7,0x41e8,0x39c7,
  0x39c7,0x2986,0x3186,0x4208,0x4208,0x39e8,0x3187,0x4209,0x528b,0x4a49,0x39c8,0x4208,0x4209,0x39c7,0x39c8,0x39e8,0x3a08,0x4229,0x31c7,0x39e8,
  0x31c7,0x31a7,0x39c8,0x39e8,0x39e8,0x4229,0x4249,0x4229,0x31a7,0x2104,0x1082,0x0020,0x0000,0x0000,0x0020,0x0020,0x0020,0x0000,0x0000,0x0000,
  0x0000,0x0000,0x0000,0x0000,0x0000,0x0000,0x0000,0x0020,0x0840,0x0841,0x0862,0x1082,0x10a3,0x18c3,0x18c3,0x18e4,0x18e4,0x2104,0x2125,0x2925,
  0x2945,0x2966,0x3186,0x31a7,0x39e8,0x4208,0x4208,0x4208,0x4208,0x4208,0x4209,0x4229,0x4229,0x4229,0x4229,0x4229,0x4a29,0x4a49,0x4a49,0x4a49,
  0x4a49,0x4a29,0x4228,0x41e8,0x39c7,0x3186,0x2125,0x18e3,0x10a2,0x0861,0x0861,0x0861,0x0861,0x0861,0x0861,0x10a2,0x18c3,0x18e3,0x2124,0x2945,
  0x3186,0x31a6,0x31a6,0x31a6,0x39a6,0x39a6,0x39a6,0x39c7,0x39c7,0x39c7,0x39a6,0x39a7,0x39c7,0x39c7,0x39c7,0x39c7,0x39c7,0x39c7,0x39c7,0x39c7,
  0x39c7,0x39c7,0x39c7,0x39c7,0x39c7,0x39c7,0x39c7,0x39c7,0x39c7,0x39c7,0x39c7,0x39c7,0x39c7,0x39c7,0x39c7,0x39c7,0x39c7,0x39e7,0x41e7,0x39e7,
  0x39e7,0x41e7,0x39c7,0x39c7,0x39c7,0x39c7,0x39c7,0x39a6,0x39c7,0x39c7,0x39c7,0x39c7,0x39c6,0x39c6,0x39c6,0x39a6,0x39a6,0x39a6,0x39a6,0x39a6,
  0x39a6,0x31a6,0x39a6,0x39a6,0x31a6,0x31a6,0x3186,0x31a6,0x3186,0x3186,0x3186,0x3186,0x3186,0x3186,0x3185,0x3185,0x3165,0x3165,0x2965,0x2965,
  0x2945,0x2945,0x2945,0x2945,0x2945,0x2945,0x2945,0x2945,0x2945,0x2945,0x2945,0x2945,0x2965,0x39a6,0x4a07,0x5269,0x62a9,0x5aa9,0x5aaa,0x62ca,
  0x62ca,0x5a89,0x5269,0x5269,0x5a89,0x5a89,0x5249,0x4a28,0x4a28,0x4a28,0x4a28,0x4a28,0x4a28,0x4a07,0x41e7,0x41e7,0x41c6,0x41c6,0x41c7,0x39c6,
  0x39a6,0x39a6,0x3186,0x3185,0x3185,0x3985,0x3185,0x2944,0x2924,0x2944,0x2944,0x2924,0x2924,0x2103,0x20e3,0x20e3,0x20e3,0x20e3,0x20e3,0x20e3,
  0x18c3,0x18c2,0x18a2,0x18a2,0x2965,0x4a69,0x5aaa,0x5aab,0x4208,0x4a29,0x5269,0x4a49,0x4208,0x4208,0x4a49,0x4208,0x41e7,0x39a6,0x39e7,0x4a28,
  0x5269,0x4a28,0x4208,0x4a69,0x4a49,0x4a69,0x4a29,0x5269,0x39e8,0x4a69,0x4a49,0x2945,0x31a6,0x39e7,0x41e8,0x3186,0x2945,0x31a7,0x31a7,0x31a7,
  0x3186,0x31a7,0x31a7,0x31a7,0x39c8,0x31a7,0x2966,0x31a7,0x39e8,0x31a7,0x39c7,0x39c8,0x4229,0x31c7,0x39c8,0x39e8,0x31c7,0x4229,0x4229,0x4208,
  0x39c7,0x3187,0x31a7,0x39c8,0x2966,0x2945,0x39c8,0x39e8,0x39e8,0x4a4a,0x4a6a,0x39e8,0x2945,0x1082,0x0020,0x0000,0x0000,0x0000,0x0000,0x0000,
  0x0000,0x0000,0x0000,0x0000,0x0000,0x0020,0x0020,0x0841,0x0841,0x0862,0x1082,0x10a2,0x18c3,0x18c3,0x18e3,0x18e4,0x2104,0x2104,0x2125,0x2945,
  0x2945,0x2966,0x3186,0x31a7,0x39c7,0x39e8,0x39e8,0x39e8,0x4208,0x4229,0x4a29,0x4229,0x4229,0x4229,0x4a29,0x4a49,0x4a49,0x4a29,0x4a49,0x4a49,
  0x4a49,0x4a49,0x4a49,0x4229,0x4208,0x39e8,0x39a7,0x2965,0x2124,0x18e3,0x10a2,0x0861,0x0841,0x0861,0x1082,0x18a2,0x18e3,0x2104,0x2945,0x2965,
  0x3186,0x3186,0x3186,0x31a6,0x31a6,0x31a6,0x31a6,0x39a6,0x39a7,0x39c7,0x39a6,0x39a7,0x39a7,0x39c7,0x39c7,0x39c7,0x39c7,0x39c7,0x39c7,0x39c7,
  0x39c7,0x39c7,0x39c7,0x39c7,0x39c7,0x39c7,0x39c7,0x39c7,0x39c7,0x39c7,0x39c7,0x39c7,0x39c7,0x39c7,0x39c7,0x39c7,0x39c7,0x39c7,0x39c7,0x39e7,
  0x41e7,0x41e7,0x39c7,0x39c7,0x39c7,0x39c7,0x39a6,0x39a6,0x39a7,0x39a7,0x39a6,0x39a6,0x39a7,0x39c7,0x39c6,0x39a6,0x39a6,0x39c6,0x39a6,0x31a6,
  0x31a6,0x3186,0x3186,0x3186,0x3186,0x3186,0x3186,0x3186,0x3186,0x3185,0x3186,0x3186,0x3186,0x3185,0x3185,0x3165,0x3165,0x3165,0x2965,0x2945,
  0x2945,0x2945,0x2945,0x2945,0x2945,0x2945,0x2945,0x2945,0x2945,0x2945,0x2945,0x2965,0x39c6,0x4a28,0x5a69,0x62a9,0x5aa9,0x5aaa,0x62ca,0x6aea,
  0x62ca,0x5a69,0x5269,0x5269,0x5269,0x5248,0x5248,0x4a28,0x4a28,0x4a28,0x4a48,0x5248,0x4a28,0x4a28,0x4a07,0x41e7,0x41c6,0x39a6,0x39a6,0x39a6,
  0x39a6,0x39a6,0x3185,0x3185,0x3985,0x3985,0x3165,0x2924,0x2924,0x2924,0x2924,0x2924,0x2924,0x2903,0x2103,0x20e3,0x20e3,0x20e3,0x2103,0x2103,
  0x20c3,0x18a2,0x2103,0x41e7,0x4a49,0x4208,0x52aa,0x5acb,0x4208,0x528a,0x528a,0x4208,0x39e8,0x4a28,0x3186,0x39c7,0x4a28,0x39e7,0x4208,0x4208,
  0x5aaa,0x4208,0x39c7,0x39c7,0x4a49,0x52aa,0x528a,0x39e8,0x4a69,0x5aaa,0x31a7,0x31a6,0x41e7,0x3186,0x3186,0x39c7,0x31a6,0x2945,0x2945,0x3186,
  0x4229,0x31a7,0x3186,0x3187,0x31a7,0x39c7,0x4229,0x39c7,0x4209,0x4209,0x31a7,0x39c8,0x31a7,0x4209,0x4a6a,0x52ab,0x4209,0x39c7,0x31a7,0x39c7,
  0x4208,0x39e8,0x3186,0x31a7,0x31a7,0x3187,0x39e8,0x3187,0x2966,0x39e8,0x4249,0x39c8,0x4208,0x4229,0x3186,0x2104,0x0861,0x0000,0x0000,0x0000,
  0x0000,0x0000,0x0000,0x0000,0x0020,0x0821,0x0841,0x0861,0x0862,0x1082,0x1082,0x10a2,0x18c3,0x18c3,0x18e4,0x2104,0x2125,0x2125,0x2925,0x2945,
  0x2945,0x2966,0x3186,0x31a7,0x31a7,0x31a7,0x31a7,0x39c7,0x39e8,0x4229,0x4229,0x4208,0x4208,0x4229,0x4229,0x4a49,0x4a49,0x4229,0x4a29,0x4a49,
  0x4a69,0x4a49,0x4a29,0x4228,0x4208,0x4208,0x4208,0x39e7,0x31a6,0x2965,0x2124,0x18c3,0x1082,0x1082,0x10a2,0x18c3,0x20e3,0x2124,0x2945,0x3165,
  0x3186,0x3186,0x3186,0x3186,0x3186,0x3186,0x31a6,0x39a6,0x31a6,0x39a6,0x39a6,0x39a7,0x39a6,0x39a7,0x39a7,0x39a7,0x39a6,0x39a6,0x39a6,0x39a6,
  0x31a6,0x39c7,0x39c7,0x39c7,0x39c7,0x39a7,0x39c7,0x39c7,0x39c7,0x39c7,0x39c7,0x39c7,0x39a6,0x39a6,0x39a6,0x39c6,0x39c7,0x39c7,0x39c7,0x39e7,
  0x39e7,0x39e7,0x39c7,0x39c7,0x39c7,0x39a6,0x31a6,0x39a6,0x39a6,0x39a6,0x39a6,0x39a6,0x39a6,0x39a7,0x39c6,0x39a6,0x39a6,0x39a6,0x31a6,0x31a6,
  0x3186,0x3186,0x3186,0x3186,0x3186,0x3186,0x3186,0x3186,0x3165,0x3165,0x3185,0x3185,0x3185,0x3185,0x3165,0x3165,0x3165,0x3165,0x2945,0x2945,
  0x2945,0x2945,0x2945,0x2945,0x2945,0x2945,0x2944,0x2945,0x2944,0x2924,0x2965,0x39c6,0x4a07,0x5a68,0x62a9,0x5a89,0x5a89,0x5aaa,0x6aeb,0x6b0b,
  0x5aa9,0x5248,0x5269,0x5269,0x4a28,0x4a08,0x4a28,0x4a28,0x4a28,0x4a07,0x4a07,0x4a07,0x4a07,0x4a07,0x4a07,0x41c6,0x39a6,0x3185,0x3186,0x39a6,
  0x39a6,0x39a6,0x39a6,0x39a6,0x41c6,0x39a6,0x3165,0x2944,0x2924,0x2924,0x2103,0x2903,0x2923,0x2923,0x2903,0x20e3,0x20e3,0x20e3,0x2103,0x20e3,
  0x20e3,0x3165,0x4a48,0x4a29,0x41e8,0x4a69,0x528a,0x4a6a,0x4a69,0x4a49,0x4208,0x39a6,0x4207,0x5269,0x41e8,0x41e8,0x4208,0x4208,0x4228,0x4a49,
  0x5aaa,0x39e8,0x39e8,0x4208,0x4228,0x39c7,0x4208,0x5acb,0x4a49,0x31a7,0x4208,0x39c7,0x41e8,0x39c7,0x4a28,0x39e7,0x3186,0x3166,0x3186,0x4208,
  0x39c8,0x31a7,0x31a7,0x39e8,0x3187,0x31a7,0x39c8,0x2946,0x2104,0x2104,0x2966,0x4208,0x39e8,0x4229,0x4208,0x31c7,0x4a29,0x4209,0x4a49,0x39c8,
  0x31a7,0x4209,0x528b,0x52ab,0x3a08,0x31a7,0x39c8,0x4208,0x31a7,0x39c7,0x4208,0x39e8,0x2145,0x31a7,0x4a49,0x4209,0x39e8,0x3186,0x18c3,0x0000,
  0x0000,0x0000,0x0020,0x0020,0x0841,0x0841,0x0861,0x0862,0x1082,0x1082,0x10a2,0x10a3,0x18c3,0x18e3,0x2104,0x2104,0x2925,0x2965,0x2966,0x2945,
  0x2966,0x3186,0x31a7,0x31a7,0x3186,0x2966,0x2986,0x31a7,0x39e8,0x39e8,0x39e8,0x39e8,0x4208,0x4208,0x4209,0x4a29,0x4a49,0x4a6a,0x4a49,0x4a49,
  0x4a49,0x4a6a,0x4a49,0x4228,0x4208,0x4208,0x4208,0x4208,0x41e8,0x39c7,0x3186,0x2945,0x2104,0x18c3,0x18c3,0x18e3,0x2104,0x2945,0x2965,0x3165,
  0x3186,0x3186,0x3186,0x3186,0x3186,0x3186,0x3186,0x31a6,0x31a6,0x31a6,0x39a6,0x39a6,0x39a6,0x39a6,0x39a6,0x31a6,0x31a6,0x31a6,0x31a6,0x31a6,
  0x31a6,0x39a6,0x39c7,0x39c7,0x39c7,0x39a6,0x39a7,0x39c7,0x39c7,0x39c7,0x39c7,0x39c7,0x39a6,0x39a6,0x39a6,0x39a6,0x39a6,0x39a6,0x39c7,0x39c7,
  0x39c7,0x39c7,0x39c7,0x39a7,0x39a6,0x39a6,0x39a6,0x39a6,0x39a6,0x39a6,0x39a6,0x39a6,0x39a6,0x39a6,0x39a6,0x39a6,0x39a6,0x39a6,0x31a6,0x31a6,
  0x3186,0x3186,0x3186,0x3186,0x3185,0x3185,0x3165,0x3165,0x3165,0x3165,0x3165,0x3165,0x3165,0x3165,0x3165,0x3165,0x3165,0x2965,0x2945,0x2945,
  0x2945,0x2944,0x2944,0x2944,0x2944,0x2944,0x2944,0x2924,0x2924,0x2945,0x39c6,0x4a27,0x5268,0x5a89,0x5a89,0x5a89,0x5a89,0x62aa,0x6b0b,0x6aea,
  0x5aa9,0x5269,0x5a89,0x5a89,0x4a28,0x4a07,0x4a28,0x5248,0x4a08,0x41e7,0x41e7,0x41e7,0x41c6,0x41c6,0x41c6,0x39a6,0x3165,0x3165,0x3185,0x3186,
  0x3186,0x3986,0x39a6,0x41c6,0x41c6,0x39a5,0x3164,0x3144,0x3144,0x2924,0x2924,0x2924,0x2923,0x2923,0x2903,0x2103,0x20e3,0x20e3,0x20e2,0x2103,
  0x41e7,0x528a,0x4a49,0x39c7,0x526a,0x5aab,0x4a29,0x4a29,0x4229,0x4229,0x5a89,0x41e7,0x4207,0x4a49,0x4208,0x4208,0x4208,0x4208,0x4208,0x6aeb,
  0x4a29,0x39e8,0x39c7,0x39e7,0x31a7,0x39c7,0x39c7,0x31a7,0x31a7,0x31a7,0x3186,0x4208,0x4a28,0x39c7,0x41c6,0x3186,0x31a7,0x4a08,0x4a28,0x39c8,
  0x3165,0x31a7,0x39c8,0x31a7,0x2125,0x2966,0x2945,0x2125,0x18c3,0x1082,0x2925,0x4208,0x39c8,0x31a7,0x31c7,0x39c8,0x31a7,0x31a7,0x39e8,0x4209,
  0x39a7,0x39c8,0x3a08,0x39c8,0x31a7,0x4209,0x4229,0x31a7,0x39c7,0x4209,0x39c8,0x31a7,0x31a7,0x3186,0x31a7,0x39e8,0x39e8,0x4229,0x4a4a,0x39c7,
  0x1904,0x0841,0x0000,0x0020,0x0861,0x0861,0x1082,0x1082,0x10a2,0x10a3,0x10a3,0x18c3,0x18e4,0x2104,0x2124,0x2125,0x2945,0x2966,0x3166,0x2966,
  0x2966,0x3186,0x31a7,0x3186,0x3186,0x3166,0x3186,0x31a7,0x39c7,0x39c7,0x39c7,0x39c7,0x41e8,0x4208,0x4208,0x4208,0x4a49,0x4a6a,0x4a49,0x4229,
  0x4a29,0x4a49,0x4a49,0x4208,0x41e8,0x4208,0x4208,0x41e8,0x39e8,0x39e7,0x39c7,0x31a6,0x2965,0x2945,0x2124,0x2104,0x2124,0x2945,0x2965,0x2965,
  0x3165,0x3165,0x3165,0x3165,0x3166,0x3186,0x3186,0x3186,0x3186,0x31a6,0x31a6,0x31a6,0x39a6,0x31a6,0x31a6,0x31a6,0x3186,0x3186,0x3186,0x3186,
  0x31a6,0x31a6,0x39a6,0x39c7,0x39c7,0x39c7,0x39a7,0x39c7,0x39c7,0x39c7,0x39c7,0x39c7,0x39c6,0x39a6,0x31a6,0x3186,0x31a6,0x31a6,0x39a6,0x39a6,
  0x39a7,0x39c7,0x39a6,0x39a6,0x39a6,0x39a6,0x39a6,0x39a6,0x39a6,0x39a6,0x39a6,0x39a6,0x39a6,0x31a6,0x39a6,0x31a6,0x31a6,0x31a6,0x39a6,0x31a6,
  0x31a6,0x3186,0x3186,0x3185,0x3165,0x3165,0x3165,0x3165,0x3165,0x3165,0x3165,0x3165,0x3165,0x3165,0x3165,0x3165,0x3145,0x2945,0x2944,0x2945,
  0x2944,0x2944,0x2944,0x2944,0x2944,0x2944,0x2924,0x2924,0x2945,0x39a6,0x4a07,0x5268,0x5a89,0x6289,0x5a89,0x5268,0x5269,0x5aaa,0x62ca,0x5aaa,
  0x5a89,0x5a89,0x5aa9,0x5a89,0x5248,0x5248,0x5248,0x5248,0x4a07,0x41c7,0x41e7,0x41e7,0x41e7,0x39c6,0x39a6,0x3185,0x3165,0x3165,0x3165,0x3165,
  0x3165,0x3165,0x3985,0x41a5,0x41a5,0x3164,0x3144,0x3144,0x3144,0x3144,0x3144,0x2924,0x2923,0x2923,0x2903,0x2103,0x20e3,0x18c2,0x2924,0x4208,
  0x4a49,0x4208,0x4a49,0x52aa,0x5aaa,0x4a49,0x528a,0x4a6a,0x4a49,0x62aa,0x4a48,0x39e8,0x528a,0x526a,0x4208,0x528a,0x528a,0x4a28,0x4a48,0x5269,
  0x4208,0x4208,0x41e8,0x39e8,0x4a49,0x4228,0x41e8,0x39c7,0x31a7,0x39e7,0x4208,0x4208,0x4a28,0x41e8,0x39c7,0x39c7,0x31a6,0x39a7,0x2966,0x31a7,
  0x31a7,0x31c7,0x31c7,0x4209,0x4208,0x39c7,0x39c7,0x39e8,0x41e7,0x39a7,0x39e8,0x3186,0x2946,0x3187,0x3a08,0x39e8,0x31a7,0x39c8,0x39e8,0x39e8,
  0x39e8,0x39c7,0x3186,0x2946,0x2966,0x3a08,0x39e8,0x39c8,0x4209,0x4208,0x4209,0x39e8,0x4229,0x4a6a,0x39e8,0x2986,0x31a7,0x31a7,0x31c7,0x4a49,
  0x4229,0x39e8,0x2125,0x1082,0x0841,0x0861,0x1082,0x10a2,0x10a3,0x18c3,0x18c3,0x18e4,0x2104,0x2104,0x2125,0x2945,0x2945,0x2945,0x2965,0x2966,
  0x2966,0x3186,0x3187,0x3187,0x3186,0x31a7,0x31a7,0x31a7,0x39a7,0x31a7,0x31a7,0x31c7,0x39e8,0x4208,0x39e8,0x39c8,0x4208,0x4229,0x4209,0x4208,
  0x4208,0x4208,0x4208,0x41e8,0x4208,0x4208,0x41e8,0x41e8,0x41e8,0x39e7,0x39e7,0x39c7,0x39a7,0x3186,0x3165,0x2965,0x2945,0x2945,0x2945,0x2965,
  0x2965,0x2965,0x2965,0x3165,0x2965,0x2965,0x3186,0x3186,0x3186,0x3186,0x3186,0x31a6,0x31a6,0x31a6,0x31a6,0x31a6,0x3186,0x3186,0x3186,0x3186,
  0x3186,0x31a6,0x39a6,0x39a7,0x39c7,0x39c7,0x39c7,0x39c7,0x39c7,0x39c7,0x39c7,0x39c7,0x39c7,0x39a6,0x31a6,0x3186,0x3186,0x31a6,0x31a6,0x31a6,
  0x31a6,0x31a6,0x31a6,0x31a6,0x31a6,0x39a6,0x39a6,0x31a6,0x39a6,0x39a6,0x39a6,0x39c6,0x39a6,0x31a6,0x31a6,0x3186,0x31a6,0x31a6,0x39a6,0x39a6,
  0x31a6,0x3186,0x3185,0x3165,0x2965,0x2965,0x2965,0x2965,0x3165,0x3165,0x3165,0x3165,0x3145,0x3145,0x3145,0x3145,0x3145,0x2945,0x2944,0x2944,
  0x2944,0x2944,0x2944,0x2924,0x2924,0x2924,0x2924,0x2944,0x39a6,0x4a07,0x5a68,0x5a88,0x6289,0x62a9,0x5a89,0x5248,0x5248,0x5a89,0x5a89,0x5269,
  0x5248,0x5248,0x5248,0x5248,0x5248,0x5248,0x5269,0x5248,0x41e7,0x41e7,0x4207,0x4207,0x41e7,0x39a6,0x39a6,0x3185,0x3185,0x3985,0x3185,0x2945,
  0x2944,0x2965,0x3185,0x3985,0x3144,0x2923,0x2923,0x2923,0x3144,0x3164,0x3144,0x2923,0x2903,0x20e3,0x20e3,0x20e3,0x20e3,0x39a6,0x4a29,0x41e8,
  0x4a69,0x5aaa,0x528a,0x630c,0x5aaa,0x528a,0x528a,0x4a28,0x4a08,0x39e7,0x31a7,0x41e8,0x4a29,0x4228,0x4208,0x39a7,0x39c7,0x39c7,0x41e8,0x4208,
  0x4a49,0x4228,0x4208,0x4a49,0x4208,0x4208,0x4208,0x31a7,0x39e7,0x4208,0x41e7,0x4208,0x4a49,0x31a7,0x39c7,0x3186,0x3166,0x39c7,0x3186,0x31a7,
  0x31c7,0x39e8,0x39e8,0x39e8,0x4208,0x31c7,0x2945,0x31a7,0x39c7,0x39e8,0x39c8,0x2966,0x2966,0x2966,0x3186,0x3187,0x4229,0x4a29,0x39c7,0x31c7,
  0x3186,0x31a7,0x31a7,0x39c8,0x2945,0x2966,0x31c7,0x3186,0x39c8,0x39e8,0x4229,0x52ab,0x4a4a,0x4a6a,0x4208,0x39c7,0x2945,0x31a7,0x39e8,0x31a7,
  0x39c8,0x4208,0x4a49,0x4208,0x2966,0x10c3,0x1082,0x10a2,0x18a3,0x18c3,0x18e3,0x2104,0x2104,0x2104,0x2125,0x2945,0x2945,0x2945,0x2945,0x2945,
  0x2966,0x3186,0x31a7,0x31a7,0x31a7,0x31a7,0x39a7,0x39a7,0x31a7,0x31a7,0x31a7,0x39c7,0x39e8,0x39e8,0x39c7,0x39c7,0x41e8,0x4208,0x39e8,0x39e8,
  0x39c7,0x39c7,0x39e8,0x41e8,0x4229,0x4a29,0x4208,0x39e8,0x41e8,0x41e8,0x39e7,0x39e7,0x39c7,0x39c7,0x39a7,0x31a6,0x3186,0x2965,0x2945,0x2945,
  0x2945,0x2945,0x2965,0x2965,0x2965,0x2965,0x2965,0x2965,0x3165,0x3186,0x3186,0x3186,0x3186,0x3186,0x3186,0x3186,0x3186,0x3166,0x3186,0x3186,
  0x3186,0x31a6,0x31a6,0x39a6,0x39a6,0x31a6,0x31a6,0x39a6,0x39a6,0x39a6,0x39a7,0x39c7,0x39c7,0x39a6,0x31a6,0x3186,0x3186,0x3186,0x3186,0x3186,
  0x3186,0x3186,0x3186,0x31a6,0x31a6,0x31a6,0x31a6,0x31a6,0x39a6,0x39a6,0x39a6,0x39a6,0x31a6,0x31a6,0x3186,0x3186,0x3186,0x31a6,0x31a6,0x31a6,
  0x3186,0x3186,0x3165,0x2965,0x2965,0x2965,0x2965,0x2965,0x3165,0x3165,0x3145,0x2945,0x2945,0x2944,0x2944,0x2944,0x2944,0x2944,0x2944,0x2944,
  0x2944,0x2944,0x2924,0x2924,0x2924,0x2924,0x2124,0x3185,0x49e7,0x5a48,0x5a88,0x6289,0x62ca,0x62ca,0x5a89,0x5269,0x5269,0x5a69,0x5268,0x5248,
  0x4a28,0x4a28,0x4a28,0x5248,0x5228,0x4a28,0x4a48,0x4a28,0x4a07,0x4a27,0x49e7,0x39c6,0x39a6,0x39a6,0x39a6,0x39a6,0x39a6,0x39a6,0x3985,0x3165,
  0x2944,0x2945,0x3165,0x3144,0x2923,0x2903,0x2903,0x3144,0x3144,0x3144,0x3144,0x2923,0x2903,0x20e3,0x20c2,0x20e3,0x39a6,0x5aaa,0x4228,0x4a69,
  0x62eb,0x5269,0x528a,0x630c,0x5acb,0x4a49,0x4208,0x4208,0x4208,0x4208,0x41e8,0x4a49,0x4228,0x4208,0x39c7,0x39c7,0x39c7,0x4208,0x41e8,0x4a49,
  0x5aaa,0x4208,0x4208,0x4208,0x39c7,0x39c7,0x31a6,0x39a6,0x3186,0x3186,0x31a7,0x4208,0x39c7,0x2966,0x31a6,0x31a7,0x39c7,0x4a28,0x4a49,0x39c7,
  0x31a7,0x3186,0x39e8,0x31a7,0x3a08,0x39c7,0x3187,0x4229,0x39c7,0x4229,0x4229,0x31a7,0x4209,0x31a7,0x2966,0x4209,0x31a7,0x3186,0x4208,0x39c8,
  0x31a7,0x31c7,0x39c7,0x31a7,0x4208,0x4209,0x3187,0x2966,0x2966,0x2966,0x31a7,0x4a4a,0x4a4a,0x4229,0x39e8,0x3187,0x39c8,0x528a,0x528a,0x39c8,
  0x31a7,0x31a7,0x4208,0x4a6a,0x3a08,0x31c7,0x2966,0x2104,0x18a3,0x18c3,0x20e4,0x2104,0x2104,0x2104,0x2104,0x2125,0x2945,0x2945,0x2945,0x2945,
  0x2966,0x3186,0x3186,0x3187,0x31a7,0x31a7,0x31a7,0x31a7,0x31a7,0x31a6,0x31a7,0x31a7,0x39c7,0x39c7,0x31a7,0x39c7,0x41e8,0x4208,0x39e8,0x39e8,
  0x39c7,0x39c7,0x39c7,0x41e8,0x4a29,0x4a49,0x4228,0x39e8,0x41e8,0x41e8,0x4208,0x41e8,0x39e7,0x39e7,0x39e7,0x39c7,0x31a6,0x3166,0x2945,0x2944,
  0x2945,0x2945,0x2945,0x2965,0x2965,0x2965,0x2965,0x2965,0x2965,0x2965,0x3186,0x3186,0x3186,0x3186,0x3186,0x3186,0x3186,0x3186,0x3166,0x3166,
  0x3186,0x3186,0x3186,0x3186,0x31a6,0x31a6,0x31a6,0x31a6,0x31a6,0x31a6,0x39a6,0x39a6,0x39a6,0x31a6,0x3186,0x3186,0x3186,0x3186,0x3186,0x3186,
  0x3186,0x3186,0x3186,0x3186,0x3186,0x3186,0x31a6,0x31a6,0x31a6,0x31a6,0x39a6,0x31a6,0x31a6,0x3186,0x3186,0x3186,0x3186,0x3186,0x3186,0x3186,
  0x3186,0x3165,0x2965,0x2965,0x2965,0x2965,0x2965,0x2965,0x2965,0x2945,0x2945,0x2945,0x2944,0x2944,0x2944,0x2944,0x2944,0x2944,0x2944,0x2944,
  0x2944,0x2924,0x2924,0x2924,0x2924,0x2924,0x2944,0x41c6,0x5227,0x5a68,0x5a68,0x6289,0x6aea,0x62ca,0x5aa9,0x5a89,0x5a89,0x5a89,0x5a89,0x5269,
  0x5269,0x5a89,0x5a89,0x5a69,0x4a28,0x4a07,0x4a07,0x4a07,0x4a07,0x4a07,0x41c7,0x39a6,0x39a6,0x39a6,0x39a6,0x39a6,0x39a6,0x39a6,0x3985,0x3185,
  0x3165,0x3165,0x3165,0x3144,0x2924,0x2903,0x2923,0x3144,0x3144,0x2924,0x2923,0x2923,0x2903,0x20e3,0x2103,0x39c7,0x5aaa,0x4a49,0x526a,0x6b2c,
  0x4a49,0x39c7,0x5acb,0x528a,0x4a28,0x5a89,0x5269,0x4208,0x39e7,0x4208,0x41e8,0x4208,0x4a28,0x41e8,0x39e7,0x41e8,0x39c7,0x39e8,0x39c7,0x4a49,
  0x5269,0x4a28,0x4208,0x4a28,0x4a28,0x41e7,0x31a6,0x4a28,0x41e8,0x31a7,0x39c7,0x3186,0x41e7,0x4a28,0x5aaa,0x4a28,0x4208,0x39a6,0x39c7,0x39c7,
  0x2966,0x4a6a,0x4209,0x2966,0x4209,0x31a7,0x3186,0x31a7,0x31a7,0x3a08,0x39e8,0x2986,0x39e8,0x3187,0x31a7,0x39c8,0x2145,0x3187,0x31a7,0x39c8,
  0x3187,0x39e8,0x39e8,0x39e8,0x39c7,0x4209,0x31c7,0x31c7,0x39c8,0x39c7,0x31a7,0x31a7,0x31a7,0x39e8,0x39c8,0x39c8,0x39c8,0x4a6a,0x4209,0x4a4a,
  0x4229,0x4a49,0x39e8,0x39c8,0x4249,0x39e8,0x39e8,0x39e8,0x31a7,0x2124,0x18c3,0x2104,0x2104,0x2104,0x2104,0x2125,0x2945,0x2945,0x2945,0x2945,
  0x2966,0x2966,0x2966,0x2966,0x3186,0x3186,0x3186,0x3186,0x3186,0x3186,0x31a6,0x31a7,0x3186,0x3186,0x31a7,0x39c7,0x39e8,0x39e8,0x39e7,0x39e8,
  0x4208,0x39e7,0x39c7,0x39c7,0x4208,0x4228,0x4208,0x39e8,0x39e8,0x41e8,0x41e8,0x41e8,0x41e8,0x39e7,0x39e7,0x39c7,0x39a6,0x3186,0x2965,0x2945,
  0x2924,0x2924,0x2945,0x2945,0x2945,0x2945,0x2945,0x2945,0x2965,0x2945,0x2965,0x2965,0x2965,0x3165,0x3166,0x3186,0x3186,0x3186,0x3186,0x3186,
  0x3165,0x3186,0x3186,0x3186,0x3186,0x3186,0x3186,0x3186,0x3186,0x3186,0x3186,0x31a6,0x3186,0x3186,0x3186,0x3186,0x3186,0x3186,0x3186,0x3186,
  0x3186,0x3186,0x3186,0x3186,0x3186,0x3186,0x3186,0x3186,0x3186,0x3186,0x3186,0x3186,0x3186,0x3186,0x3186,0x31a6,0x3186,0x3186,0x3186,0x3186,
  0x3165,0x3165,0x3165,0x3165,0x3165,0x3165,0x2965,0x2945,0x2945,0x2945,0x2944,0x2944,0x2944,0x2944,0x2944,0x2944,0x2944,0x2944,0x2944,0x2924,
  0x2924,0x2924,0x2924,0x2924,0x2104,0x2924,0x3985,0x4a07,0x5a48,0x5a48,0x5a48,0x6288,0x62c9,0x5a89,0x5269,0x5269,0x5a69,0x62a9,0x5a89,0x5248,
  0x5269,0x62a9,0x62aa,0x5268,0x4a07,0x41e7,0x4a07,0x4a07,0x41e7,0x39c6,0x39a6,0x39a6,0x39c6,0x39c6,0x39a6,0x39a6,0x3985,0x3185,0x3185,0x39a5,
  0x39a6,0x3985,0x3164,0x3144,0x2924,0x2924,0x3144,0x3144,0x2923,0x2903,0x2903,0x2923,0x2903,0x2924,0x4a28,0x62eb,0x5269,0x4a49,0x5acb,0x5269,
  0x528a,0x4a49,0x39c7,0x39c7,0x5a89,0x4a28,0x39e7,0x4208,0x4a49,0x4228,0x39c7,0x4a49,0x4a49,0x39e7,0x528a,0x41e8,0x5269,0x5aca,0x39e7,0x39c7,
  0x41e8,0x4208,0x4a28,0x4208,0x4a28,0x39e7,0x4a28,0x4208,0x41e8,0x41e8,0x4208,0x3186,0x2966,0x3186,0x39a6,0x39a6,0x4a28,0x4a28,0x3165,0x2945,
  0x39e8,0x31a7,0x31a7,0x2966,0x2125,0x31a7,0x31a7,0x39c8,0x2986,0x39c8,0x3a09,0x31a7,0x3186,0x39e8,0x39c7,0x2986,0x2966,0x3186,0x3186,0x2966,
  0x39c7,0x4208,0x39e8,0x4a49,0x4a49,0x31c7,0x39c8,0x31a7,0x39e8,0x39c8,0x31a7,0x39c8,0x31a7,0x31c7,0x31a7,0x31a7,0x4209,0x39e8,0x4a49,0x39e8,
  0x528b,0x4a6a,0x4208,0x3186,0x39e8,0x4208,0x4a4a,0x4229,0x4229,0x4208,0x31a7,0x2125,0x18e4,0x2104,0x2125,0x2945,0x2945,0x2945,0x2945,0x2945,
  0x2945,0x2945,0x2945,0x2966,0x2966,0x2966,0x2966,0x2945,0x2945,0x2966,0x2966,0x3186,0x2986,0x2966,0x3186,0x31a7,0x31a7,0x31a7,0x31a7,0x39e8,
  0x4208,0x39e8,0x39c7,0x39a7,0x39c7,0x39e7,0x39e7,0x39e8,0x39e7,0x39c7,0x39c7,0x39e7,0x41e8,0x41e7,0x39c7,0x39c7,0x31a6,0x3186,0x3186,0x2965,
  0x2945,0x2124,0x2124,0x2924,0x2945,0x2945,0x2945,0x2945,0x2945,0x2945,0x2945,0x2945,0x2965,0x2965,0x3165,0x3186,0x3186,0x3186,0x3186,0x3166,
  0x2965,0x2966,0x3166,0x3186,0x3186,0x3186,0x3186,0x3186,0x3186,0x3186,0x3186,0x3186,0x3186,0x3186,0x3186,0x3166,0x3186,0x3186,0x3186,0x3186,
  0x3186,0x3186,0x3165,0x3165,0x3186,0x3186,0x3186,0x3186,0x3186,0x3186,0x3186,0x3186,0x3186,0x3186,0x3186,0x31a6,0x3186,0x3186,0x3165,0x3165,
  0x3165,0x3165,0x3165,0x3165,0x3165,0x3165,0x2965,0x2945,0x2945,0x2944,0x2944,0x2944,0x2924,0x2924,0x2924,0x2924,0x2924,0x2924,0x2924,0x2924,
  0x2924,0x2924,0x2903,0x2103,0x2103,0x2944,0x41c6,0x5227,0x5247,0x5227,0x5227,0x5a68,0x5a88,0x5248,0x4a28,0x5228,0x5a68,0x6288,0x5248,0x41e7,
  0x4a08,0x5a89,0x62a9,0x5248,0x41e6,0x41e7,0x4a27,0x41e7,0x39c6,0x39a6,0x39a6,0x39a6,0x41c6,0x41c6,0x39a6,0x3986,0x3185,0x3185,0x3985,0x39a5,
  0x3985,0x3165,0x3144,0x3144,0x3144,0x2944,0x2924,0x2923,0x2903,0x20e3,0x20e3,0x20e3,0x3165,0x4a49,0x5acb,0x528a,0x5acb,0x5acb,0x4a49,0x4228,
  0x39e8,0x4208,0x4a28,0x5248,0x39a6,0x39c7,0x39e7,0x4208,0x4228,0x4a69,0x5aaa,0x5a89,0x39c7,0x5269,0x4a29,0x39e8,0x5aca,0x6b0b,0x4a49,0x39e7,
  0x39c7,0x41e8,0x39c7,0x3186,0x31a6,0x4208,0x39e7,0x41e7,0x4a28,0x41c7,0x41c7,0x3186,0x2945,0x3165,0x3165,0x39e7,0x39c7,0x39a6,0x3186,0x3186,
  0x2986,0x2125,0x31a7,0x31a7,0x2966,0x39e8,0x2966,0x39e8,0x39e8,0x31a7,0x39c8,0x2986,0x3187,0x31a7,0x2125,0x39c8,0x2945,0x2145,0x31a7,0x3186,
  0x31a7,0x39c7,0x39e8,0x3187,0x3187,0x4208,0x31a7,0x4208,0x39e8,0x39e8,0x39c7,0x2966,0x31a7,0x39c7,0x2986,0x31a7,0x4209,0x4229,0x4229,0x39e8,
  0x39c8,0x3187,0x4229,0x4a8a,0x528a,0x528b,0x4208,0x39e8,0x4208,0x4209,0x4249,0x39c7,0x2966,0x2124,0x2124,0x2125,0x2945,0x2965,0x2945,0x2145,
  0x2125,0x2945,0x2945,0x2945,0x2945,0x2145,0x2125,0x2104,0x2104,0x2125,0x2945,0x2966,0x2966,0x2966,0x2966,0x3166,0x3186,0x2966,0x3186,0x31a7,
  0x39c7,0x39e7,0x39c7,0x39c7,0x31a7,0x31a7,0x39c7,0x39e7,0x39c7,0x31a6,0x31a6,0x39c7,0x39c7,0x39e7,0x39c7,0x39a6,0x31a6,0x3186,0x3186,0x3165,
  0x2945,0x2124,0x2104,0x2124,0x2124,0x2924,0x2925,0x2945,0x2945,0x2945,0x2945,0x2945,0x2945,0x2965,0x2965,0x2965,0x3166,0x3186,0x3166,0x3166,
  0x2965,0x3165,0x3166,0x3166,0x3186,0x3186,0x3186,0x3186,0x3186,0x3186,0x3186,0x3166,0x2965,0x2965,0x2965,0x3166,0x3166,0x3186,0x3186,0x3166,
  0x3166,0x3165,0x3165,0x3165,0x3165,0x2965,0x2965,0x3165,0x3165,0x3186,0x3186,0x3186,0x3186,0x3186,0x3186,0x3186,0x3186,0x3186,0x3165,0x3165,
  0x3165,0x3165,0x3185,0x3165,0x3165,0x3165,0x2965,0x2945,0x2944,0x2944,0x2924,0x2924,0x2924,0x2924,0x2924,0x2924,0x2924,0x2924,0x2924,0x2924,
  0x2924,0x2904,0x2103,0x2103,0x2924,0x3985,0x49e6,0x5227,0x5227,0x5207,0x5207,0x5227,0x5227,0x4a27,0x4a27,0x5248,0x5248,0x5227,0x4a06,0x41e6,
  0x5228,0x5a89,0x5a89,0x4a27,0x41e6,0x41e7,0x41e7,0x41c6,0x39a6,0x39a6,0x3986,0x3986,0x39a6,0x41c6,0x39a6,0x39a6,0x3985,0x3165,0x3985,0x3165,
  0x2944,0x2924,0x2924,0x3144,0x3164,0x2944,0x2924,0x2923,0x2903,0x2903,0x20e2,0x3165,0x4a28,0x62cb,0x62cb,0x528a,0x528a,0x4a49,0x4229,0x39e8,
  0x4228,0x4208,0x4a28,0x62ca,0x4a28,0x39c7,0x39e7,0x4208,0x41e8,0x4228,0x4a28,0x31a6,0x4208,0x39e7,0x39c7,0x4a28,0x5aaa,0x4a49,0x39c7,0x39e7,
  0x4a28,0x39a7,0x31a7,0x39e7,0x41e7,0x4207,0x41e7,0x41e7,0x4208,0x39c7,0x3186,0x39c7,0x39a7,0x2945,0x39c7,0x39a7,0x39c7,0x2965,0x39a7,0x41e7,
  0x2966,0x2125,0x2945,0x2966,0x31a7,0x3186,0x2966,0x4209,0x39e8,0x2966,0x4208,0x2966,0x2125,0x2966,0x3186,0x31a7,0x2966,0x2966,0x39c8,0x39e8,
  0x2987,0x2966,0x39c8,0x3186,0x2966,0x2966,0x39c8,0x4208,0x632d,0x39e8,0x31a7,0x526a,0x4229,0x4208,0x3a08,0x39e8,0x39e8,0x39e8,0x4229,0x3187,
  0x39c8,0x39c7,0x4229,0x4229,0x39e8,0x5acc,0x4a6a,0x4249,0x39e8,0x39e8,0x39e8,0x4229,0x4229,0x41e8,0x2966,0x2104,0x2104,0x2945,0x2945,0x2125,
  0x2925,0x2945,0x2945,0x2945,0x2925,0x2125,0x2104,0x20e4,0x2104,0x2125,0x2945,0x2945,0x2966,0x2945,0x2945,0x2945,0x2945,0x2966,0x2966,0x3186,
  0x3186,0x39c7,0x39c7,0x39a7,0x3186,0x3186,0x39c7,0x39e7,0x39c7,0x3186,0x2966,0x3186,0x39a6,0x39c7,0x39c7,0x31a6,0x3186,0x3186,0x3186,0x3186,
  0x2965,0x2945,0x2104,0x2104,0x2104,0x2124,0x2124,0x2924,0x2124,0x2924,0x2924,0x2924,0x2945,0x2945,0x2945,0x2965,0x2965,0x2965,0x3165,0x3165,
  0x2965,0x3165,0x3166,0x3186,0x3186,0x3186,0x3186,0x3186,0x3186,0x3186,0x2966,0x2965,0x2965,0x2965,0x2965,0x2965,0x2965,0x3165,0x3165,0x3165,
  0x3165,0x3165,0x2965,0x2965,0x2965,0x2965,0x2965,0x2965,0x3165,0x3165,0x3165,0x3166,0x3186,0x3186,0x3186,0x3186,0x3185,0x3185,0x3165,0x3185,
  0x3185,0x3165,0x3165,0x3165,0x3165,0x3165,0x2945,0x2945,0x2944,0x2924,0x2924,0x2924,0x2924,0x2924,0x2924,0x2924,0x2104,0x2924,0x2924,0x2904,
  0x2104,0x2103,0x2103,0x2103,0x2924,0x39a6,0x4a07,0x5207,0x5207,0x49e6,0x49e6,0x4a07,0x4a07,0x4a07,0x5207,0x5227,0x4a07,0x41e6,0x49e6,0x5227,
  0x5a68,0x5a68,0x5247,0x4a07,0x4a07,0x41c6,0x39a6,0x39a6,0x39a6,0x39a6,0x41a6,0x39a6,0x3985,0x3985,0x3985,0x3985,0x3165,0x3165,0x3165,0x3144,
  0x2944,0x2924,0x2103,0x2924,0x3144,0x2944,0x2924,0x2923,0x2903,0x20e3,0x3165,0x4228,0x4a49,0x7b6c,0x5acb,0x4a49,0x4208,0x4208,0x4208,0x4a69,
  0x4a49,0x4208,0x5a89,0x5228,0x39c7,0x31a7,0x31a6,0x39e7,0x4208,0x39e7,0x4228,0x39e7,0x4228,0x5aaa,0x5aaa,0x4a49,0x4a49,0x31a6,0x3186,0x41e7,
  0x4a28,0x4a28,0x4a28,0x4207,0x41e7,0x41e7,0x41c7,0x3186,0x3186,0x31a6,0x39c7,0x39e7,0x39c7,0x5249,0x41e7,0x31a6,0x39a7,0x3166,0x2965,0x2966,
  0x2987,0x2125,0x1904,0x1905,0x2966,0x2966,0x31a7,0x39c8,0x31a7,0x39e8,0x3187,0x18c4,0x18c3,0x2966,0x4a4a,0x31a7,0x2966,0x31a7,0x3187,0x3187,
  0x2986,0x2966,0x2966,0x2125,0x39c7,0x4209,0x39e8,0x39c8,0x4a4a,0x39e8,0x39c8,0x528a,0x4a4a,0x4a6a,0x4229,0x4209,0x39e8,0x31a7,0x3186,0x39c7,
  0x39e8,0x4209,0x4a49,0x4a49,0x2966,0x2145,0x528b,0x5acc,0x4209,0x39e8,0x2966,0x4208,0x4208,0x4208,0x4208,0x31a7,0x2966,0x2125,0x2125,0x2125,
  0x2925,0x2945,0x2945,0x2945,0x2945,0x2125,0x2104,0x2104,0x2945,0x3166,0x3186,0x2966,0x2945,0x2945,0x2945,0x2945,0x2945,0x2966,0x2966,0x2966,
  0x2966,0x3186,0x31a7,0x31a6,0x3186,0x3186,0x39c7,0x4208,0x4207,0x39a7,0x2966,0x3166,0x31a6,0x39c7,0x39e7,0x39c7,0x3186,0x3186,0x3186,0x3186,
  0x3165,0x2945,0x2124,0x2104,0x2104,0x2104,0x2124,0x2124,0x2124,0x2124,0x2124,0x2124,0x2924,0x2925,0x2945,0x2945,0x2965,0x3165,0x3165,0x3165,
  0x2965,0x2965,0x3165,0x2965,0x3186,0x3186,0x3186,0x3186,0x3186,0x2965,0x2965,0x2965,0x2965,0x2965,0x2965,0x2965,0x2965,0x2965,0x2965,0x2965,
  0x2965,0x2965,0x2965,0x2965,0x2945,0x2945,0x2965,0x2965,0x2965,0x3165,0x2965,0x2965,0x3165,0x3165,0x3185,0x3185,0x3165,0x3165,0x3165,0x3165,
  0x3165,0x3165,0x3165,0x2945,0x2945,0x2945,0x2944,0x2924,0x2944,0x2924,0x2124,0x2924,0x2124,0x2124,0x2104,0x2104,0x2104,0x2103,0x2103,0x2103,
  0x2103,0x2103,0x20e3,0x20e3,0x2944,0x41a6,0x4a06,0x5227,0x5227,0x49e6,0x49e7,0x4a07,0x41e6,0x41c6,0x49e6,0x41e6,0x41c6,0x41c6,0x4a06,0x5207,
  0x5207,0x4a06,0x49e6,0x49e7,0x4a07,0x41c6,0x39c6,0x39a6,0x3986,0x39a6,0x41c6,0x39a5,0x3185,0x3165,0x3145,0x3165,0x3145,0x2944,0x2944,0x2944,
  0x3144,0x2944,0x2923,0x2103,0x2903,0x2924,0x2903,0x2923,0x2903,0x3165,0x4a49,0x62eb,0x6b2c,0x528a,0x39e8,0x4a49,0x4229,0x4208,0x4a49,0x4a49,
  0x4a49,0x62a9,0x49e7,0x3186,0x39e7,0x4a28,0x4208,0x41e7,0x41e7,0x39c7,0x41e8,0x39c7,0x4208,0x5acb,0x39a7,0x31a6,0x4208,0x41e8,0x4208,0x4207,
  0x39c7,0x39c7,0x41e7,0x4207,0x41e7,0x39c7,0x3186,0x3986,0x4a07,0x31a6,0x3186,0x31a7,0x4228,0x5248,0x39a6,0x3186,0x3166,0x2965,0x2945,0x2965,
  0x2145,0x2966,0x2945,0x2965,0x2945,0x2945,0x3186,0x2124,0x2966,0x18c3,0x20e4,0x18e3,0x2104,0x39a7,0x2986,0x3186,0x31a7,0x31c7,0x39e8,0x2946,
  0x2125,0x2946,0x2966,0x2145,0x2966,0x31c7,0x31c7,0x31a7,0x39c8,0x3187,0x31a7,0x4229,0x4229,0x2966,0x31a7,0x4a4a,0x4a6a,0x39e8,0x3a08,0x4209,
  0x39e8,0x39c8,0x31a7,0x4a49,0x52ab,0x31c7,0x39c7,0x4229,0x39e8,0x52ab,0x4a6a,0x4208,0x39c8,0x4209,0x4229,0x4249,0x4208,0x39e8,0x2125,0x2104,
  0x2125,0x2125,0x2125,0x2125,0x2945,0x2125,0x2125,0x2125,0x2945,0x3186,0x39a7,0x3186,0x2945,0x2945,0x2125,0x2125,0x2945,0x2966,0x2945,0x2945,
  0x2945,0x2946,0x3166,0x3186,0x3186,0x3186,0x39a7,0x41e7,0x4208,0x39c7,0x3186,0x31a6,0x39e7,0x41e7,0x41e7,0x39c7,0x39a6,0x31a6,0x3186,0x3186,
  0x3186,0x2965,0x2924,0x2104,0x20e3,0x2104,0x2104,0x2104,0x2124,0x2124,0x2124,0x2124,0x2124,0x2124,0x2945,0x2945,0x2945,0x2965,0x2965,0x2965,
  0x2965,0x2965,0x2965,0x2965,0x2965,0x2966,0x3186,0x3186,0x3165,0x2965,0x2965,0x2945,0x2945,0x2945,0x2965,0x2965,0x2965,0x2965,0x2945,0x2945,
  0x2945,0x2945,0x2945,0x2965,0x2945,0x2945,0x2965,0x2965,0x2965,0x2965,0x2945,0x2945,0x2965,0x2965,0x3165,0x3165,0x2965,0x2965,0x2965,0x2965,
  0x2945,0x2945,0x2945,0x2944,0x2944,0x2924,0x2924,0x2924,0x2924,0x2124,0x2124,0x2104,0x2104,0x2104,0x2104,0x2103,0x2103,0x2103,0x20e3,0x20e3,
  0x20e3,0x20e3,0x20e3,0x2103,0x3164,0x41c6,0x4a06,0x5227,0x5227,0x4a07,0x49e7,0x41e6,0x41c6,0x41c6,0x41c6,0x41a6,0x41c6,0x41e7,0x49e6,0x49e6,
  0x39a5,0x3985,0x41c6,0x4a07,0x49e7,0x41c6,0x39a6,0x3185,0x3165,0x3985,0x3165,0x3165,0x3165,0x2944,0x2924,0x2944,0x2944,0x2924,0x2924,0x2924,
  0x2924,0x2924,0x2924,0x2903,0x2903,0x2903,0x2903,0x20e3,0x39a6,0x526a,0x630b,0x630b,0x5269,0x39c7,0x4a29,0x4a6a,0x4a69,0x528a,0x4208,0x39e7,
  0x4a07,0x41c6,0x41e7,0x5289,0x5aa9,0x62a9,0x41e7,0x4a28,0x4a28,0x4208,0x39c7,0x39c7,0x62eb,0x4208,0x2945,0x4a28,0x39e7,0x39c7,0x4208,0x39a7,
  0x39c7,0x4a28,0x41e7,0x4208,0x39c7,0x31a7,0x39a6,0x39a6,0x3986,0x39a6,0x31a6,0x39a7,0x3186,0x41e7,0x39c7,0x3186,0x2104,0x18e4,0x2965,0x31a6,
  0x2125,0x2105,0x2104,0x2966,0x2945,0x18e4,0x2104,0x2145,0x2945,0x2104,0x18c3,0x18c3,0x2145,0x3186,0x2965,0x3186,0x2145,0x4208,0x5acb,0x39e8,
  0x1904,0x39e8,0x52ab,0x2966,0x31a7,0x31a7,0x2966,0x2966,0x2986,0x31c8,0x3187,0x31a7,0x3a09,0x31c8,0x39e8,0x39c8,0x31a7,0x39e8,0x4a6a,0x4a6a,
  0x4209,0x39c8,0x31c7,0x3187,0x4229,0x39e8,0x2946,0x31a7,0x3186,0x4229,0x4a6a,0x4209,0x4a4a,0x4209,0x39c8,0x4249,0x39c8,0x4208,0x4208,0x3186,
  0x2125,0x2104,0x2104,0x2104,0x2125,0x2925,0x2945,0x2925,0x2925,0x2965,0x2966,0x2966,0x2945,0x2945,0x2945,0x2145,0x2945,0x2945,0x2925,0x2125,
  0x2945,0x2945,0x2945,0x2966,0x3186,0x3186,0x3186,0x39a7,0x39a7,0x31a6,0x31a6,0x39c7,0x41e7,0x4208,0x41e7,0x39c7,0x39a7,0x39a7,0x39a6,0x3186,
  0x3186,0x2965,0x2945,0x2124,0x2103,0x18e3,0x2103,0x2104,0x2104,0x2104,0x2104,0x2104,0x2124,0x2124,0x2124,0x2924,0x2945,0x2945,0x2945,0x2965,
  0x2965,0x2965,0x2965,0x2965,0x2965,0x2965,0x2965,0x2965,0x2965,0x2965,0x2945,0x2945,0x2945,0x2945,0x2945,0x2965,0x2945,0x2945,0x2945,0x2945,
  0x2945,0x2945,0x2945,0x2945,0x2945,0x2945,0x2945,0x2965,0x2965,0x2945,0x2945,0x2945,0x2945,0x2945,0x2945,0x2945,0x2945,0x2945,0x2945,0x2945,
  0x2944,0x2944,0x2924,0x2924,0x2924,0x2924,0x2124,0x2124,0x2104,0x2104,0x2104,0x2104,0x2104,0x2103,0x2103,0x2103,0x20e3,0x20e3,0x20e3,0x20e3,
  0x18e3,0x18c3,0x18c3,0x2103,0x3985,0x41c6,0x49e6,0x49e6,0x4a07,0x4a06,0x49e6,0x49e6,0x41c6,0x41c6,0x41c5,0x41c6,0x49e6,0x4a06,0x41e6,0x41c5,
  0x41a5,0x41a5,0x41c6,0x41c6,0x41c6,0x3985,0x3185,0x3165,0x3165,0x3165,0x2944,0x2944,0x2944,0x2944,0x2924,0x2924,0x2944,0x2924,0x2924,0x2904,
  0x2904,0x2903,0x2923,0x2924,0x2923,0x2923,0x20e3,0x3185,0x528a,0x630b,0x5a89,0x39c7,0x4228,0x4a69,0x528a,0x4208,0x4a69,0x39c7,0x39c7,0x39e7,
  0x41e7,0x39c7,0x62ca,0x4a07,0x4a27,0x5269,0x4208,0x5a8a,0x4a28,0x4a49,0x4a49,0x4a29,0x4a69,0x4a29,0x4208,0x4228,0x31a7,0x39c7,0x41e8,0x39a7,
  0x39c7,0x41e7,0x39c7,0x31a7,0x2945,0x2965,0x3165,0x2124,0x2945,0x2945,0x39a6,0x3165,0x2965,0x31a6,0x2945,0x41e7,0x41e7,0x3186,0x31a6,0x2124,
  0x2125,0x2966,0x2925,0x31a7,0x2945,0x2945,0x2945,0x18e3,0x10a3,0x3185,0x31a6,0x31a7,0x2966,0x2125,0x2145,0x1904,0x2104,0x2966,0x2966,0x31c7,
  0x2966,0x4a4a,0x52ab,0x2966,0x31a7,0x31a7,0x31c7,0x2986,0x2986,0x39e8,0x4229,0x39c8,0x39c8,0x2966,0x4229,0x4209,0x4229,0x4209,0x39c8,0x39e8,
  0x39e8,0x4229,0x4229,0x4209,0x3187,0x39c7,0x2966,0x2965,0x4208,0x39e8,0x3a08,0x4229,0x39e8,0x52ab,0x39c8,0x31a7,0x39e8,0x39c7,0x4a6a,0x4a4a,
  0x39c7,0x2125,0x2104,0x2104,0x2125,0x2945,0x2945,0x2945,0x2124,0x2104,0x2104,0x2104,0x2125,0x2945,0x2945,0x2945,0x2945,0x2945,0x2125,0x2925,
  0x2945,0x2965,0x2945,0x2945,0x2945,0x2965,0x3186,0x3186,0x2966,0x2966,0x3166,0x3186,0x39c7,0x39c7,0x39c7,0x3186,0x3186,0x39a6,0x39c7,0x39a6,
  0x3186,0x2965,0x2945,0x2124,0x2104,0x18e3,0x18e3,0x18e3,0x20e3,0x2104,0x2104,0x2104,0x2104,0x2124,0x2124,0x2124,0x2124,0x2925,0x2945,0x2945,
  0x2945,0x2945,0x2945,0x2945,0x2945,0x2945,0x2945,0x2965,0x2965,0x2965,0x2945,0x2945,0x2945,0x2945,0x2945,0x2945,0x2945,0x2945,0x2945,0x2945,
  0x2945,0x2945,0x2945,0x2945,0x2945,0x2945,0x2945,0x2945,0x2945,0x2945,0x2945,0x2945,0x2945,0x2945,0x2945,0x2945,0x2944,0x2944,0x2944,0x2924,
  0x2924,0x2124,0x2124,0x2104,0x2104,0x2104,0x2104,0x2104,0x2103,0x20e3,0x2103,0x2103,0x2103,0x20e3,0x20e3,0x20e3,0x20e3,0x18e3,0x18e3,0x18c3,
  0x18c3,0x18c3,0x18c3,0x2924,0x3985,0x41c6,0x41c6,0x41c6,0x41c6,0x49e6,0x49e6,0x49e6,0x41c5,0x41a5,0x4185,0x41a5,0x49e6,0x41c5,0x3985,0x41a5,
  0x41a5,0x49c5,0x41a5,0x3964,0x3144,0x3144,0x3165,0x3985,0x3165,0x3144,0x2944,0x2924,0x2924,0x2924,0x2924,0x2924,0x2924,0x2924,0x2103,0x2103,
  0x2103,0x20e3,0x2103,0x2103,0x2103,0x20e3,0x39a6,0x5aaa,0x5289,0x4a28,0x4208,0x4208,0x5269,0x630c,0x4a69,0x4208,0x41e8,0x4208,0x4208,0x5a69,
  0x5248,0x4a48,0x5248,0x4207,0x5269,0x5269,0x4a29,0x4a28,0x4a49,0x39e8,0x4208,0x4a29,0x4228,0x4a28,0x39c7,0x39c7,0x39e7,0x4a49,0x39c7,0x3186,
  0x31a6,0x3186,0x2125,0x2965,0x39a6,0x5269,0x41e7,0x2125,0x2925,0x2966,0x5248,0x41c6,0x41c6,0x41e7,0x3186,0x3186,0x39c7,0x41e7,0x3985,0x2925,
  0x2925,0x2124,0x2966,0x18e4,0x2104,0x2125,0x18c3,0x0841,0x18c3,0x2945,0x2986,0x31c7,0x2966,0x31a7,0x3187,0x2125,0x2945,0x31a7,0x31a7,0x2966,
  0x31a7,0x2966,0x2946,0x3187,0x2966,0x2966,0x31a7,0x2966,0x31a7,0x39c7,0x2986,0x31a7,0x3166,0x2966,0x2986,0x39e8,0x39c8,0x4229,0x4229,0x39e8,
  0x4208,0x4229,0x39e8,0x3187,0x4a6a,0x4a49,0x4209,0x39e8,0x4208,0x4208,0x31a7,0x39e8,0x39c8,0x4229,0x4a6a,0x4229,0x3187,0x39c8,0x41e8,0x4209,
  0x4a49,0x4a29,0x39e8,0x2965,0x2104,0x2124,0x2124,0x2125,0x2104,0x18e4,0x18e4,0x18e4,0x2104,0x2125,0x2125,0x2945,0x2945,0x2945,0x2925,0x2945,
  0x2945,0x2945,0x2125,0x2125,0x2925,0x2945,0x2965,0x2965,0x2965,0x2945,0x2945,0x2966,0x3186,0x3186,0x3186,0x2966,0x3166,0x31a6,0x39c7,0x39a6,
  0x3186,0x2965,0x2945,0x2924,0x2104,0x18e3,0x18c3,0x18e3,0x18e3,0x20e3,0x2104,0x2104,0x2104,0x2104,0x2104,0x2104,0x2124,0x2124,0x2124,0x2945,
  0x2945,0x2945,0x2945,0x2945,0x2945,0x2945,0x2945,0x2945,0x2965,0x2965,0x2945,0x2945,0x2945,0x2945,0x2945,0x2945,0x2945,0x2945,0x2945,0x2925,
  0x2945,0x2945,0x2945,0x2945,0x2945,0x2945,0x2945,0x2945,0x2945,0x2945,0x2945,0x2945,0x2945,0x2945,0x2944,0x2924,0x2924,0x2924,0x2924,0x2924,
  0x2924,0x2124,0x2104,0x2104,0x2103,0x2103,0x2103,0x20e3,0x18e3,0x18e3,0x20e3,0x20e3,0x20e3,0x20e3,0x18e3,0x18e3,0x18c3,0x18c3,0x18c2,0x18c2,
  0x18c2,0x18c2,0x18c2,0x2924,0x3985,0x41a5,0x39a5,0x39a5,0x41a5,0x41c6,0x41c5,0x3985,0x3965,0x3964,0x3985,0x41a5,0x41a5,0x3964,0x3144,0x3964,
  0x4184,0x4185,0x3964,0x2944,0x2924,0x2944,0x3164,0x3985,0x3165,0x3144,0x2924,0x2103,0x2103,0x2924,0x2924,0x2924,0x2103,0x2103,0x20e3,0x20e3,
  0x20e3,0x20e3,0x20e3,0x20e3,0x18c2,0x3165,0x5a8a,0x528a,0x4a49,0x4a49,0x4a29,0x6b2c,0x52aa,0x4228,0x39e8,0x4a29,0x4208,0x4208,0x41c6,0x4a07,
  0x41e7,0x39c7,0x39c7,0x5a89,0x41e7,0x31a7,0x528a,0x4a49,0x39e8,0x31a6,0x5269,0x39e7,0x3186,0x39c7,0x31a6,0x31a7,0x4208,0x4208,0x39c7,0x2966,
  0x2125,0x2945,0x2965,0x3186,0x3165,0x3186,0x2945,0x2966,0x3186,0x39c7,0x4a27,0x39a6,0x2924,0x2924,0x3166,0x3186,0x2966,0x2965,0x2924,0x2104,
  0x3186,0x31a7,0x3186,0x18e4,0x2124,0x3165,0x10a2,0x18c3,0x31a6,0x31a7,0x31a7,0x3187,0x2986,0x2966,0x2986,0x3186,0x39c7,0x39c7,0x41e8,0x2966,
  0x2125,0x2105,0x2986,0x39c7,0x2986,0x2966,0x2925,0x2125,0x2966,0x3187,0x2966,0x31a6,0x3186,0x3187,0x39c7,0x31a7,0x3186,0x31a7,0x4a49,0x39e8,
  0x31a7,0x31a7,0x31a7,0x2946,0x39e8,0x4229,0x39e8,0x31a7,0x2105,0x39e8,0x3186,0x3186,0x31a7,0x4229,0x4a6a,0x4209,0x4a6a,0x4229,0x39c7,0x2966,
  0x39e8,0x52ab,0x4a6a,0x4a4a,0x3186,0x2104,0x2104,0x2104,0x2104,0x18e4,0x18e4,0x18e4,0x2104,0x2104,0x2104,0x2124,0x2925,0x2125,0x2125,0x2125,
  0x2125,0x2125,0x2104,0x2104,0x2124,0x2945,0x2945,0x2945,0x2945,0x2945,0x2965,0x2965,0x2965,0x2965,0x2965,0x2965,0x2966,0x3186,0x3186,0x3186,
  0x3166,0x3165,0x2965,0x2945,0x2104,0x18e3,0x18c3,0x18c3,0x18c3,0x18e3,0x18e3,0x20e3,0x2104,0x2104,0x2104,0x2104,0x2104,0x2104,0x2124,0x2124,
  0x2124,0x2925,0x2945,0x2945,0x2945,0x2965,0x2965,0x2945,0x2945,0x2945,0x2945,0x2945,0x2945,0x2945,0x2945,0x2945,0x2945,0x2945,0x2945,0x2944,
  0x2945,0x2945,0x2945,0x2945,0x2945,0x2945,0x2945,0x2924,0x2924,0x2924,0x2924,0x2944,0x2944,0x2924,0x2924,0x2924,0x2924,0x2924,0x2924,0x2124,
  0x2124,0x2124,0x2104,0x2104,0x2103,0x2103,0x20e3,0x20e3,0x18e3,0x18e3,0x18e3,0x18e3,0x18e3,0x18c3,0x18c3,0x18c3,0x18c2,0x18c2,0x18c2,0x18a2,
  0x18a2,0x10a2,0x18c2,0x2924,0x3985,0x3985,0x3985,0x3965,0x3985,0x3985,0x3965,0x3144,0x3164,0x3985,0x41a5,0x41a5,0x3984,0x3144,0x3144,0x3964,
  0x3964,0x3164,0x3165,0x3164,0x3144,0x2944,0x2944,0x3144,0x2944,0x2944,0x2924,0x2104,0x2104,0x2924,0x2924,0x2904,0x2103,0x20e3,0x20e3,0x20e3,
  0x20e3,0x20e3,0x20e3,0x18a2,0x2924,0x5aaa,0x5269,0x5269,0x5aaa,0x4a49,0x5aeb,0x5269,0x39e7,0x41e8,0x4208,0x39e7,0x4228,0x4a07,0x41e7,0x5aaa,
  0x5289,0x5248,0x4a28,0x4a08,0x39c7,0x52aa,0x528a,0x4208,0x31a6,0x5269,0x62eb,0x39a7,0x4228,0x4208,0x41e8,0x4a49,0x39a6,0x3185,0x41c6,0x3186,
  0x41e7,0x39a6,0x3186,0x2925,0x2104,0x2945,0x3186,0x3166,0x3186,0x3186,0x2945,0x2104,0x2104,0x18e3,0x2124,0x39a6,0x39a6,0x39c6,0x39a6,0x2945,
  0x2104,0x2946,0x2945,0x2945,0x2966,0x2104,0x3986,0x31a7,0x2125,0x2966,0x31a7,0x2966,0x2987,0x2105,0x39e8,0x4229,0x39c7,0x31a7,0x4208,0x3a08,
  0x528a,0x31a7,0x2145,0x2946,0x2125,0x2104,0x2986,0x2125,0x2145,0x2966,0x31a7,0x3186,0x18c4,0x18e4,0x2104,0x31a7,0x2125,0x18e4,0x39c7,0x2966,
  0x3186,0x39e8,0x2966,0x2966,0x4a49,0x4229,0x39e8,0x4208,0x39e8,0x4229,0x39c7,0x3187,0x31a7,0x4229,0x4209,0x4229,0x39e8,0x4a6a,0x4229,0x39e8,
  0x3186,0x31a7,0x39e8,0x4208,0x4a6a,0x4208,0x2945,0x18e4,0x18e4,0x20e4,0x2104,0x2104,0x2104,0x2104,0x18e4,0x18e4,0x2104,0x2104,0x2104,0x2124,
  0x2124,0x2104,0x2104,0x2104,0x2104,0x2124,0x2125,0x2125,0x2925,0x2945,0x2945,0x2945,0x2945,0x2945,0x2945,0x2945,0x2945,0x2965,0x2965,0x2965,
  0x2965,0x3165,0x3165,0x2945,0x2124,0x18e3,0x18c3,0x18a2,0x18c3,0x18c3,0x18e3,0x18e3,0x18e3,0x20e3,0x2104,0x2104,0x2104,0x2104,0x2104,0x2104,
  0x2124,0x2924,0x2945,0x2945,0x2945,0x2945,0x2945,0x2945,0x2945,0x2945,0x2945,0x2945,0x2945,0x2945,0x2945,0x2945,0x2945,0x2925,0x2925,0x2945,
  0x2945,0x2945,0x2945,0x2945,0x2924,0x2124,0x2924,0x2124,0x2124,0x2924,0x2924,0x2924,0x2124,0x2124,0x2124,0x2124,0x2104,0x2124,0x2124,0x2124,
  0x2124,0x2104,0x2104,0x2103,0x2103,0x2103,0x2103,0x20e3,0x18e3,0x18e3,0x18c3,0x18c3,0x18c2,0x18a2,0x18c2,0x18a2,0x18a2,0x10a2,0x10a2,0x10a2,
  0x10a2,0x10a2,0x18c2,0x2924,0x3985,0x3985,0x3165,0x3165,0x3164,0x3985,0x3964,0x3164,0x3964,0x41a5,0x41a5,0x41a5,0x3984,0x3144,0x3964,0x3984,
  0x3144,0x2944,0x3165,0x3985,0x3164,0x2944,0x2924,0x2103,0x2103,0x2924,0x2924,0x2924,0x2924,0x2103,0x2103,0x2103,0x20e3,0x20e3,0x18e3,0x20e3,
  0x20e3,0x20e3,0x18c2,0x2103,0x5aaa,0x5a8a,0x4229,0x528a,0x4228,0x528a,0x4a49,0x4208,0x4208,0x4208,0x39c7,0x4208,0x62ca,0x41e7,0x4a28,0x62ca,
  0x4a28,0x39c6,0x39e7,0x4208,0x4a29,0x52aa,0x4208,0x39c7,0x4a49,0x5269,0x39c7,0x39e7,0x39c7,0x41e8,0x39c7,0x39a7,0x41c6,0x2945,0x41e7,0x2965,
  0x39a6,0x2945,0x2945,0x2965,0x41e7,0x39c6,0x41e7,0x39a6,0x39a6,0x39a6,0x41c7,0x39a6,0x39c7,0x2925,0x2945,0x39a6,0x5248,0x3185,0x2104,0x2965,
  0x18c3,0x18e4,0x2125,0x2105,0x18c3,0x10a2,0x2125,0x2125,0x2125,0x2145,0x2145,0x2986,0x1904,0x2966,0x31a7,0x2966,0x3187,0x2966,0x39c7,0x4a49,
  0x3187,0x2945,0x31a7,0x4229,0x4229,0x2125,0x2966,0x2986,0x2966,0x2986,0x31a7,0x2966,0x2105,0x2125,0x2966,0x2125,0x3187,0x4209,0x4208,0x39c8,
  0x31a7,0x39c8,0x31c8,0x4229,0x4208,0x39c8,0x39e8,0x39e8,0x2966,0x31a7,0x39c7,0x31a7,0x31a7,0x39c8,0x2125,0x31a7,0x31a7,0x39e8,0x3a08,0x39e8,
  0x4229,0x39c7,0x39c7,0x39c7,0x4208,0x4a6a,0x4229,0x3186,0x2104,0x18e4,0x2104,0x2104,0x20e4,0x18e4,0x18e4,0x18e3,0x18e3,0x18e4,0x2104,0x2124,
  0x2124,0x2125,0x2925,0x2945,0x2945,0x2125,0x2104,0x2104,0x2124,0x2125,0x2125,0x2945,0x2125,0x2125,0x2945,0x2945,0x2925,0x2145,0x2945,0x2945,
  0x2945,0x3165,0x3165,0x2965,0x2124,0x18e3,0x18a2,0x10a2,0x10a2,0x18c3,0x18c3,0x18c3,0x18e3,0x18e3,0x18e3,0x18e3,0x18e3,0x2104,0x2104,0x2104,
  0x2104,0x2124,0x2124,0x2925,0x2945,0x2945,0x2945,0x2945,0x2925,0x2125,0x2124,0x2124,0x2925,0x2945,0x2945,0x2945,0x2925,0x2925,0x2945,0x2925,
  0x2924,0x2944,0x2944,0x2924,0x2124,0x2124,0x2124,0x2124,0x2124,0x2124,0x2124,0x2124,0x2124,0x2124,0x2104,0x2104,0x2104,0x2104,0x2104,0x2104,
  0x2104,0x2104,0x2104,0x2103,0x2103,0x2103,0x20e3,0x20e3,0x18e3,0x18c3,0x18c3,0x18a3,0x18a2,0x10a2,0x10a2,0x10a2,0x10a2,0x10a2,0x1082,0x1082,
  0x1082,0x1082,0x18c2,0x2924,0x3985,0x3964,0x3164,0x3164,0x3164,0x3985,0x4185,0x3964,0x3964,0x3985,0x3984,0x3964,0x3964,0x3144,0x3164,0x3164,
  0x2923,0x2103,0x2924,0x3144,0x3164,0x2924,0x2103,0x20e3,0x20e3,0x2103,0x2103,0x2904,0x2103,0x20e3,0x20e3,0x20e3,0x18c2,0x18c2,0x18c2,0x18c2,
  0x18c3,0x18c2,0x20e3,0x4a28,0x5269,0x4208,0x4a69,0x5269,0x5269,0x528a,0x4a28,0x4a28,0x39c7,0x41e8,0x4a28,0x5a68,0x41e7,0x41e7,0x62eb,0x62ca,
  0x5a89,0x39e7,0x4208,0x4a49,0x39c7,0x3186,0x2965,0x39e7,0x4208,0x2125,0x3186,0x39c7,0x39c7,0x3166,0x2966,0x3186,0x2945,0x39a6,0x4a28,0x3186,
  0x2965,0x39a6,0x41c7,0x41c6,0x3186,0x39c7,0x5248,0x3165,0x39a6,0x3986,0x3165,0x3165,0x3985,0x4a07,0x41c7,0x2944,0x3186,0x3185,0x18e4,0x18e3,
  0x2945,0x2145,0x2125,0x31a7,0x10c3,0x1082,0x2966,0x2145,0x2945,0x18e4,0x18e4,0x2125,0x2946,0x2986,0x2125,0x2946,0x2946,0x3186,0x3186,0x2945,
  0x18e4,0x1904,0x39e8,0x52ab,0x39e8,0x2104,0x39c7,0x2966,0x2966,0x4208,0x2105,0x2104,0x2125,0x2945,0x2105,0x2125,0x2945,0x18e4,0x31a7,0x39e8,
  0x3187,0x2125,0x31c7,0x31a7,0x2145,0x2946,0x2966,0x4209,0x39e8,0x31a7,0x2946,0x4208,0x31a7,0x39c8,0x31c7,0x39e8,0x31a7,0x39c7,0x4208,0x39e8,
  0x4a4a,0x39c7,0x31a7,0x39e8,0x4208,0x39e8,0x4229,0x4229,0x39e8,0x2945,0x2104,0x18e4,0x18e4,0x18e3,0x18e3,0x18e3,0x18c3,0x18e3,0x2104,0x2104,
  0x2104,0x2124,0x2945,0x3165,0x3165,0x2945,0x2124,0x2104,0x2104,0x2104,0x2124,0x2124,0x2124,0x2124,0x2125,0x2125,0x2124,0x2124,0x2124,0x2124,
  0x2124,0x2945,0x2945,0x2945,0x2124,0x18e3,0x18a3,0x10a2,0x10a2,0x10a2,0x18c3,0x18c3,0x18c3,0x18c3,0x18c3,0x18e3,0x18e3,0x18e3,0x18e3,0x18e3,
  0x2104,0x2104,0x2104,0x2124,0x2124,0x2124,0x2124,0x2124,0x2124,0x2124,0x2124,0x2124,0x2124,0x2124,0x2124,0x2124,0x2124,0x2124,0x2924,0x2924,
  0x2924,0x2924,0x2924,0x2124,0x2124,0x2104,0x2104,0x2124,0x2124,0x2124,0x2924,0x2124,0x2124,0x2104,0x2104,0x2104,0x2104,0x2103,0x2103,0x2103,
  0x2103,0x2103,0x2103,0x20e3,0x20e3,0x20e3,0x20e3,0x20e3,0x18e3,0x18c3,0x18c2,0x18a2,0x10a2,0x10a2,0x1082,0x1082,0x1082,0x1082,0x1082,0x1081,
  0x1081,0x1081,0x18a2,0x2924,0x3964,0x3164,0x3164,0x3144,0x3964,0x41a5,0x3985,0x3164,0x3144,0x3123,0x2923,0x3123,0x3144,0x2924,0x2924,0x2924,
  0x2103,0x2103,0x2904,0x2924,0x2924,0x2903,0x2103,0x2103,0x2103,0x2103,0x20e3,0x20e3,0x20e3,0x18c3,0x18c3,0x18c3,0x18c2,0x18c2,0x18c2,0x18c2,
  0x18a2,0x18c2,0x41e7,0x4a49,0x39c7,0x4a49,0x62eb,0x5269,0x4a49,0x528a,0x4a49,0x4208,0x4208,0x5a69,0x4a28,0x5269,0x526a,0x630b,0x5aca,0x6b0b,
  0x5a89,0x4a28,0x528a,0x39e8,0x2965,0x39c7,0x4a69,0x4a28,0x3186,0x3186,0x4208,0x4228,0x31a6,0x2925,0x39c7,0x31a6,0x2945,0x5268,0x5268,0x2945,
  0x3165,0x5248,0x41e7,0x2965,0x2945,0x3186,0x3186,0x2104,0x2124,0x2124,0x2104,0x2124,0x41a5,0x41e6,0x2945,0x18c3,0x2945,0x3186,0x3166,0x2945,
  0x2125,0x2104,0x2104,0x2966,0x18e4,0x18e4,0x3186,0x2966,0x2946,0x2946,0x2125,0x31a7,0x2946,0x2966,0x2966,0x3186,0x39c7,0x2946,0x2104,0x2945,
  0x2966,0x2104,0x2966,0x31a7,0x18c3,0x18e3,0x2125,0x2145,0x3187,0x2966,0x2125,0x3187,0x31a7,0x3187,0x2966,0x31a7,0x2946,0x2946,0x39e8,0x2966,
  0x2104,0x2125,0x3187,0x4229,0x2966,0x2946,0x3187,0x4208,0x3a09,0x31c7,0x4a49,0x4a29,0x39c8,0x31c7,0x39e8,0x39e8,0x39e8,0x31c7,0x3186,0x31a7,
  0x4229,0x4209,0x39e8,0x39c7,0x39c7,0x31a7,0x39c7,0x39e8,0x4229,0x4229,0x2986,0x2104,0x18a3,0x18c3,0x18e3,0x18e3,0x18c3,0x18e3,0x18e3,0x18e4,
  0x18e3,0x2104,0x2945,0x3165,0x2965,0x2124,0x2104,0x20e4,0x2104,0x2104,0x2104,0x2104,0x2104,0x2104,0x2124,0x2124,0x2124,0x2104,0x2104,0x2104,
  0x2104,0x2124,0x2945,0x2945,0x2124,0x18e3,0x18a3,0x1082,0x1082,0x10a2,0x10a2,0x18a2,0x18a3,0x18c3,0x18c3,0x18c3,0x18c3,0x18c3,0x18e3,0x18e3,
  0x18e3,0x18e3,0x2104,0x2104,0x2104,0x2104,0x2104,0x2104,0x2104,0x2104,0x2124,0x2124,0x2124,0x2124,0x2124,0x2124,0x2104,0x2124,0x2124,0x2124,
  0x2124,0x2124,0x2104,0x2124,0x2104,0x2104,0x2104,0x2104,0x2104,0x2124,0x2104,0x2104,0x2104,0x2104,0x2104,0x2104,0x2103,0x2103,0x2103,0x20e3,
  0x20e3,0x20e3,0x20e3,0x20e3,0x20e3,0x20e3,0x18e3,0x20e3,0x18c3,0x18c2,0x18c2,0x10a2,0x10a2,0x1082,0x1082,0x1082,0x1082,0x1082,0x1061,0x1061,
  0x1061,0x0861,0x18a2,0x2903,0x3144,0x3144,0x3144,0x3144,0x3964,0x3985,0x3964,0x3124,0x2903,0x2103,0x20e3,0x2903,0x2924,0x2924,0x2924,0x2903,
  0x2903,0x2923,0x2903,0x2103,0x2103,0x20e3,0x20e3,0x20e3,0x20e3,0x2103,0x20e3,0x20e3,0x20e3,0x18c3,0x18c2,0x18c2,0x18c2,0x18c2,0x18c2,0x18a2,
  0x18a2,0x39c6,0x4a69,0x4a49,0x5269,0x5aaa,0x528a,0x4a69,0x4208,0x5aaa,0x4a28,0x3186,0x5248,0x5269,0x4208,0x4208,0x4228,0x4208,0x39c7,0x5249,
  0x5aaa,0x41e7,0x4208,0x39a7,0x5269,0x5acb,0x5aaa,0x39a6,0x2965,0x31a7,0x39c7,0x41e7,0x2945,0x2945,0x5248,0x39c7,0x2966,0x4207,0x39a6,0x3186,
  0x2124,0x3186,0x2965,0x2965,0x2966,0x2945,0x2945,0x2945,0x2965,0x2125,0x2965,0x39a6,0x41e7,0x39a6,0x3186,0x3166,0x2925,0x2125,0x2124,0x2945,
  0x10a3,0x18a2,0x18c3,0x10c3,0x18c3,0x18c3,0x18e4,0x18e4,0x2125,0x2104,0x39c7,0x4249,0x2966,0x1904,0x2946,0x31a7,0x3165,0x2104,0x2124,0x3186,
  0x3165,0x2925,0x2945,0x2125,0x2125,0x2986,0x2125,0x2125,0x2966,0x2104,0x2986,0x2966,0x2966,0x31a7,0x2966,0x2966,0x3187,0x31a7,0x31a7,0x31a7,
  0x2966,0x3187,0x39e8,0x39c7,0x2986,0x2966,0x39c8,0x39e8,0x2966,0x2965,0x4a49,0x4208,0x4208,0x31a7,0x2986,0x31c8,0x4208,0x31a7,0x3187,0x3186,
  0x3186,0x31a7,0x2986,0x4229,0x39e8,0x31a7,0x39c7,0x39c8,0x4229,0x4a49,0x528a,0x39e8,0x2125,0x18c3,0x18c3,0x18e3,0x18e3,0x18c3,0x18e3,0x18c3,
  0x18c3,0x18e3,0x2104,0x2124,0x2104,0x2104,0x18e4,0x18e4,0x2104,0x2104,0x2104,0x2104,0x2104,0x2104,0x2104,0x2104,0x2104,0x2104,0x18e4,0x18e3,
  0x18e3,0x2104,0x2124,0x2124,0x2104,0x18e3,0x10a2,0x1082,0x1082,0x1082,0x10a2,0x10a2,0x10a2,0x10a2,0x10a2,0x18a2,0x18c3,0x18c3,0x18c3,0x18c3,
  0x18c3,0x18e3,0x18e3,0x18e3,0x18e3,0x18e3,0x2103,0x2104,0x2104,0x2104,0x2104,0x2104,0x2104,0x2104,0x2104,0x2104,0x2104,0x2104,0x2124,0x2124,
  0x2124,0x2104,0x2104,0x2104,0x2104,0x2104,0x2104,0x2104,0x2104,0x2104,0x2104,0x2104,0x2104,0x2104,0x2104,0x2104,0x2103,0x2103,0x20e3,0x20e3,
  0x20e3,0x18e3,0x18e3,0x18e3,0x18e3,0x18e3,0x18c3,0x18c3,0x18c2,0x18a2,0x18a2,0x10a2,0x1082,0x1082,0x1082,0x1082,0x1081,0x1061,0x0861,0x0861,
  0x0861,0x0841,0x1082,0x2103,0x3124,0x3144,0x3144,0x3144,0x3144,0x3164,0x3144,0x2923,0x2903,0x20e3,0x2103,0x2924,0x2924,0x2924,0x2924,0x2103,
  0x2903,0x3123,0x2923,0x20e3,0x20e3,0x20e3,0x20e3,0x20e3,0x18c2,0x20e3,0x20e3,0x18c2,0x18c2,0x18c2,0x18c2,0x18a2,0x18c2,0x18c2,0x18a2,0x1081,
  0x3185,0x5269,0x4228,0x5269,0x5269,0x5a8a,0x4228,0x39e8,0x528a,0x5aaa,0x4a07,0x5a89,0x4208,0x3186,0x4228,0x4228,0x4a28,0x39c7,0x31a7,0x39c7,
  0x5a89,0x4208,0x41e7,0x5289,0x5269,0x3186,0x39c7,0x2925,0x2965,0x31a7,0x4208,0x41e7,0x2945,0x39a6,0x31a6,0x2965,0x2945,0x2945,0x2945,0x3166,
  0x4a07,0x3186,0x2945,0x2125,0x2945,0x2945,0x31a6,0x4a08,0x2924,0x2924,0x41c7,0x2945,0x2945,0x2966,0x3166,0x2945,0x2125,0x2104,0x3186,0x3186,
  0x10a3,0x10a2,0x18c3,0x2104,0x18c3,0x1082,0x10a3,0x2104,0x3186,0x2945,0x2945,0x31a7,0x2945,0x2104,0x2125,0x2945,0x2104,0x18c3,0x18e3,0x2104,
  0x2104,0x2104,0x2945,0x3166,0x2966,0x20e4,0x0841,0x18e3,0x2966,0x2945,0x2125,0x18c3,0x2945,0x4229,0x39e8,0x3187,0x39e8,0x39c8,0x39e8,0x31a7,
  0x31a7,0x2104,0x39e8,0x2105,0x1904,0x2945,0x2145,0x31c7,0x3187,0x3186,0x31a7,0x4208,0x39c7,0x31c8,0x3187,0x2987,0x3186,0x31a7,0x31a7,0x31c7,
  0x31a7,0x31a7,0x39e8,0x39c8,0x4229,0x39e8,0x39e8,0x31c7,0x31a7,0x3186,0x39e8,0x4a49,0x39e8,0x39a7,0x2104,0x18c3,0x18e3,0x18c3,0x18c3,0x18c3,
  0x18c3,0x18c3,0x18c3,0x18e3,0x18e3,0x20e4,0x2104,0x2104,0x2104,0x2124,0x2104,0x18e4,0x18e3,0x18e3,0x2104,0x2104,0x2104,0x20e4,0x18e3,0x18c3,
  0x18e3,0x2104,0x2104,0x2104,0x2104,0x18e3,0x10a2,0x1082,0x1082,0x1082,0x1082,0x1082,0x10a2,0x10a2,0x10a2,0x10a2,0x10a2,0x10a2,0x18c3,0x18c3,
  0x18c3,0x18c3,0x18c3,0x18c3,0x18e3,0x18e3,0x18e3,0x18e3,0x18e3,0x18e3,0x20e3,0x20e3,0x2104,0x2104,0x2104,0x2104,0x2104,0x2104,0x2104,0x2104,
  0x2104,0x2104,0x2104,0x2104,0x2104,0x2104,0x2104,0x2104,0x2104,0x2104,0x2104,0x2104,0x2104,0x2104,0x2104,0x2104,0x2103,0x2103,0x20e3,0x20e3,
  0x18e3,0x18e3,0x18c3,0x18c3,0x18c3,0x18c3,0x18c2,0x18c2,0x18c2,0x18a2,0x10a2,0x10a2,0x1082,0x1082,0x1082,0x1061,0x0861,0x0861,0x0861,0x0861,
  0x0841,0x0841,0x1061,0x20e3,0x2923,0x2924,0x2924,0x2923,0x2923,0x2923,0x2903,0x2903,0x2903,0x2903,0x2923,0x2924,0x2924,0x2903,0x20e3,0x20e3,
  0x2903,0x2923,0x2903,0x20e3,0x20e3,0x2103,0x20e3,0x18c2,0x18c2,0x18c2,0x18a2,0x18a2,0x18a2,0x18c2,0x18a2,0x18a2,0x18a2,0x18a2,0x1081,0x2924,
  0x4a49,0x4208,0x4a49,0x5aaa,0x528a,0x4228,0x4a49,0x5aca,0x732b,0x5a89,0x4a28,0x4a29,0x41e8,0x4208,0x5aaa,0x4208,0x4208,0x39e7,0x31a7,0x4228,
  0x4a08,0x3165,0x41e7,0x41e7,0x3166,0x4208,0x3186,0x2965,0x3186,0x3186,0x3186,0x2124,0x3186,0x49e7,0x3985,0x18e3,0x2965,0x3186,0x41e7,0x4a28,
  0x5248,0x3186,0x3186,0x2924,0x2945,0x39c7,0x2945,0x2945,0x2945,0x2965,0x3165,0x39a6,0x4a07,0x3186,0x2124,0x2925,0x18e4,0x18e3,0x2104,0x2124,
  0x10a3,0x10a3,0x2104,0x18e4,0x18c3,0x10c3,0x10a3,0x18c3,0x41e7,0x3186,0x2966,0x31a6,0x18e3,0x10a2,0x18e4,0x2125,0x2966,0x2966,0x39c7,0x31c7,
  0x2966,0x1904,0x2125,0x3186,0x2966,0x18c3,0x10a3,0x18e4,0x2104,0x2945,0x2104,0x2104,0x528b,0x5b0d,0x5aec,0x31c7,0x2946,0x31a7,0x3187,0x31c7,
  0x2966,0x3186,0x4208,0x4209,0x31a7,0x31a7,0x31a7,0x2125,0x2966,0x39e8,0x4a8a,0x4a69,0x3187,0x31a7,0x31c7,0x39e8,0x31a7,0x3187,0x3186,0x39c8,
  0x3a08,0x3186,0x31a7,0x31a7,0x39e8,0x31a7,0x39c7,0x4229,0x4229,0x39c7,0x2966,0x39e8,0x31a7,0x39e8,0x4229,0x2945,0x10a3,0x10a3,0x18c3,0x18c3,
  0x18c3,0x18c3,0x18c3,0x18c3,0x18e3,0x18e3,0x20e4,0x2104,0x2104,0x2104,0x18e4,0x18c3,0x18c3,0x18e3,0x18e3,0x20e4,0x2104,0x18e3,0x18e3,0x18c3,
  0x18c3,0x18e3,0x18e3,0x18e3,0x18e3,0x18c3,0x10a2,0x1082,0x0861,0x1081,0x1082,0x1082,0x1082,0x1082,0x1082,0x1082,0x1082,0x10a2,0x10a2,0x18a2,
  0x18c2,0x18c2,0x18c3,0x18c3,0x18c3,0x18c3,0x18c3,0x18c3,0x18e3,0x18e3,0x18e3,0x18e3,0x18e3,0x18e3,0x18e3,0x18e3,0x20e3,0x20e3,0x2104,0x2104,
  0x2104,0x2104,0x2104,0x2104,0x2104,0x2104,0x2104,0x2104,0x2104,0x2104,0x2104,0x2103,0x2103,0x2104,0x2103,0x2103,0x20e3,0x20e3,0x18e3,0x18e3,
  0x18e3,0x18c3,0x18c3,0x18c2,0x18a2,0x18a2,0x18a2,0x10a2,0x10a2,0x10a2,0x10a2,0x1082,0x1082,0x1082,0x1081,0x1061,0x0861,0x0861,0x0861,0x0841,
  0x0841,0x0841,0x0861,0x18c2,0x2903,0x2923,0x2924,0x2923,0x2903,0x20e3,0x20e3,0x20e3,0x20e3,0x2103,0x2903,0x2903,0x2903,0x20e3,0x20e3,0x20c2,
  0x20e3,0x2103,0x20e3,0x20e3,0x2903,0x2903,0x20e3,0x18a2,0x18a2,0x18a2,0x10a2,0x10a2,0x18a2,0x18a2,0x18a2,0x18a2,0x18a2,0x1081,0x2103,0x4a49,
  0x4a49,0x4a49,0x6b0b,0x62cb,0x4a49,0x4228,0x5269,0x5268,0x4207,0x4207,0x4a28,0x39e7,0x39e7,0x41e8,0x4228,0x5269,0x4a29,0x39c7,0x41e8,0x5289,
  0x39a6,0x4a07,0x5a89,0x41e7,0x4a48,0x4a08,0x3186,0x3186,0x39a6,0x2945,0x2945,0x4a28,0x4a07,0x4a07,0x5228,0x4a27,0x5248,0x62ca,0x4a48,0x39a6,
  0x3165,0x2945,0x41e7,0x3165,0x2924,0x2945,0x39a6,0x41c6,0x41c6,0x39a6,0x41e7,0x49c6,0x3985,0x2945,0x2124,0x2924,0x2104,0x18e3,0x18e3,0x18e4,
  0x10a3,0x2105,0x1904,0x10a3,0x18e3,0x0862,0x0862,0x10a3,0x2965,0x2125,0x18e3,0x18c3,0x2104,0x2945,0x18e4,0x2125,0x2945,0x2966,0x2966,0x2145,
  0x2986,0x39e8,0x3186,0x31a7,0x2125,0x2105,0x2104,0x18e3,0x2124,0x2125,0x2104,0x2966,0x39e8,0x2945,0x31a7,0x2946,0x2966,0x2966,0x2946,0x3187,
  0x39c8,0x3187,0x31a7,0x4229,0x39e8,0x39c8,0x3186,0x2125,0x2946,0x2986,0x2945,0x39c7,0x39c8,0x4a29,0x39c8,0x2987,0x4208,0x39c7,0x2966,0x31a7,
  0x2945,0x3186,0x3187,0x2945,0x39c7,0x39e8,0x31a7,0x39e8,0x39e8,0x4249,0x39e8,0x39e8,0x4208,0x31a7,0x4a6a,0x4a6a,0x3186,0x18e3,0x10a3,0x18c3,
  0x18c3,0x18c3,0x18c3,0x18c3,0x18c3,0x18c3,0x18e3,0x18e3,0x18e3,0x18e3,0x18e3,0x18c3,0x18c3,0x18c3,0x18c3,0x18e3,0x18e3,0x18c3,0x18c3,0x18c3,
  0x18e3,0x18e3,0x18c3,0x18c3,0x18c3,0x18c2,0x10a2,0x1081,0x0861,0x0861,0x1061,0x1082,0x1082,0x1082,0x1082,0x1082,0x1082,0x10a2,0x10a2,0x10a2,
  0x10a2,0x10a2,0x10a2,0x10a2,0x10a2,0x18a2,0x18c3,0x18c3,0x18c3,0x18c3,0x18c3,0x18c3,0x18e3,0x18e3,0x18e3,0x18e3,0x18e3,0x18e3,0x18e3,0x20e3,
  0x20e3,0x20e3,0x2103,0x2104,0x2104,0x2104,0x2104,0x2104,0x20e3,0x20e3,0x20e3,0x20e3,0x2103,0x2103,0x2104,0x2104,0x2103,0x2103,0x20e3,0x20e3,
  0x18e3,0x18e3,0x18c3,0x18c3,0x18c2,0x18a2,0x18a2,0x10a2,0x10a2,0x10a2,0x10a2,0x1082,0x1082,0x1081,0x1061,0x0861,0x0861,0x0861,0x0841,0x0841,
  0x0841,0x0841,0x0841,0x10a2,0x20e3,0x2923,0x2923,0x2923,0x20e3,0x20e3,0x20c2,0x20c3,0x20e3,0x20e3,0x2903,0x2903,0x20e3,0x20e3,0x18c2,0x18c2,
  0x18c2,0x20e3,0x20c2,0x20e3,0x2903,0x2103,0x18c2,0x18a2,0x18a2,0x10a2,0x10a2,0x18a2,0x18a2,0x18a2,0x18a2,0x18a2,0x18a2,0x18c2,0x4208,0x4228,
  0x4a49,0x5269,0x5289,0x62eb,0x4a49,0x31a7,0x3185,0x41e7,0x4a49,0x41e7,0x41e7,0x39e7,0x39e7,0x39e7,0x5aaa,0x4a28,0x31a6,0x39c7,0x5269,0x4a28,
  0x4a28,0x62ca,0x4a48,0x5a89,0x4a28,0x41e7,0x39a6,0x2965,0x2925,0x2965,0x4a49,0x62eb,0x5248,0x4207,0x39a6,0x39a6,0x5248,0x62aa,0x4a07,0x3985,
  0x41c6,0x41e7,0x20e3,0x18a2,0x3165,0x41c6,0x3985,0x3165,0x3144,0x2924,0x20e3,0x2103,0x41e7,0x41e7,0x3185,0x3165,0x3186,0x3165,0x3165,0x39a6,
  0x18c3,0x18c3,0x10a2,0x18c3,0x10a2,0x1082,0x18e4,0x2104,0x2125,0x2145,0x2104,0x2105,0x2125,0x2104,0x2986,0x31a7,0x2945,0x2125,0x3166,0x2145,
  0x2966,0x31a7,0x31a7,0x2966,0x2145,0x3186,0x39c7,0x3186,0x3186,0x2986,0x39c7,0x3187,0x39c8,0x2125,0x18c3,0x2125,0x2125,0x2125,0x2966,0x2125,
  0x2125,0x2125,0x3186,0x3186,0x3186,0x2966,0x2986,0x3186,0x2966,0x2986,0x31a7,0x2946,0x39e8,0x3186,0x3186,0x2966,0x31a7,0x39a7,0x2945,0x2986,
  0x3187,0x3a08,0x39e8,0x3187,0x39c7,0x39e8,0x39e8,0x4229,0x39c8,0x31a7,0x2986,0x39e8,0x31a7,0x39c7,0x39e8,0x4a6a,0x528a,0x39c7,0x2124,0x18c3,
  0x18c3,0x18c3,0x18c3,0x10a3,0x10a3,0x10a3,0x18c3,0x18c3,0x18c3,0x18e3,0x18e3,0x18e3,0x18e3,0x18c3,0x18c3,0x18c3,0x18c3,0x18c3,0x10a2,0x18c3,
  0x18c3,0x18c3,0x18c3,0x18c3,0x18c3,0x10a2,0x1082,0x0861,0x0861,0x0861,0x0861,0x0861,0x0861,0x1081,0x1081,0x1062,0x1082,0x1082,0x1082,0x1082,
  0x10a2,0x10a2,0x10a2,0x10a2,0x10a2,0x10a2,0x10a2,0x18a2,0x18c3,0x18c3,0x18c3,0x18c3,0x18c3,0x18c3,0x18c3,0x18e3,0x18c3,0x18e3,0x18e3,0x18e3,
  0x18e3,0x18e3,0x18e3,0x20e3,0x2104,0x2104,0x2124,0x2124,0x2124,0x2924,0x2924,0x2924,0x2944,0x2945,0x2965,0x2965,0x2965,0x2965,0x2965,0x2965,
  0x2945,0x2945,0x2944,0x2924,0x2124,0x2124,0x2124,0x2104,0x2104,0x20e3,0x18e3,0x18c3,0x10a2,0x1082,0x1061,0x0861,0x0861,0x0841,0x0841,0x0841,
  0x0841,0x0821,0x0841,0x1081,0x20e2,0x2903,0x2923,0x2903,0x2103,0x20e3,0x20e3,0x20e3,0x20e3,0x2903,0x2923,0x2903,0x20e3,0x18c2,0x18c2,0x18c2,
  0x18c2,0x18c2,0x18c2,0x20c2,0x20c3,0x18c2,0x18a2,0x18a2,0x18c2,0x18c2,0x18a2,0x18a2,0x18a2,0x18a2,0x18a2,0x18a2,0x10a1,0x39a6,0x4a49,0x4a29,
  0x5aaa,0x5289,0x4a49,0x4a49,0x39c7,0x39c6,0x39a6,0x4a49,0x41e8,0x4208,0x4208,0x4208,0x4a49,0x4a28,0x4208,0x4a28,0x4208,0x4207,0x5248,0x3186,
  0x31a6,0x39a6,0x3186,0x5248,0x3165,0x2986,0x3186,0x3165,0x31a6,0x5289,0x5a89,0x5a69,0x41e7,0x2944,0x31a6,0x39c7,0x41e7,0x4207,0x39a6,0x3165,
  0x2945,0x2945,0x18a3,0x18c3,0x2965,0x3986,0x3185,0x4207,0x4a28,0x3165,0x5269,0x5aaa,0x5a8a,0x3985,0x3165,0x4a07,0x4a48,0x4a29,0x3186,0x20c2,
  0x10a2,0x1082,0x18c3,0x20e4,0x2966,0x2966,0x2104,0x2966,0x2945,0x2104,0x2125,0x18e4,0x2125,0x18e4,0x18e3,0x2945,0x39e8,0x2945,0x2925,0x3186,
  0x2125,0x18e4,0x2945,0x2986,0x2966,0x2966,0x2125,0x1904,0x2966,0x2986,0x39e8,0x2946,0x2146,0x31a7,0x5248,0x4208,0x2125,0x2945,0x2986,0x31a7,
  0x3a08,0x3186,0x2125,0x18e4,0x18e4,0x2145,0x2946,0x2946,0x39e8,0x3a08,0x4a49,0x39e8,0x31a7,0x2946,0x2145,0x2966,0x2966,0x2986,0x2966,0x2986,
  0x2966,0x31a7,0x4229,0x39e8,0x2966,0x2966,0x4229,0x4229,0x4a49,0x4a6a,0x31a7,0x2966,0x31a7,0x39c8,0x3186,0x2966,0x4209,0x4a49,0x39e8,0x31a7,
  0x18e4,0x10a2,0x10a3,0x10a2,0x10a2,0x10a2,0x10a3,0x18c3,0x18c3,0x18c3,0x18e3,0x18e3,0x18e3,0x18c3,0x18c3,0x18c3,0x18c3,0x10a2,0x10a2,0x10a2,
  0x18c3,0x18c3,0x18c2,0x18a2,0x10a2,0x10a2,0x1082,0x0861,0x0861,0x0861,0x0861,0x0861,0x0861,0x0861,0x0861,0x1061,0x1082,0x1082,0x1082,0x1082,
  0x1082,0x1082,0x1082,0x10a2,0x10a2,0x10a2,0x10a2,0x10a2,0x10a2,0x10a2,0x18c2,0x18c2,0x18c3,0x18c3,0x18c3,0x18c3,0x18c3,0x18c3,0x18c3,0x18e3,
  0x20e3,0x2104,0x2124,0x2924,0x2945,0x3165,0x3186,0x3186,0x3186,0x3186,0x31a6,0x39a6,0x39a6,0x39c7,0x39c7,0x41e7,0x39e7,0x39c7,0x39c7,0x39c7,
  0x39c7,0x39a7,0x39a6,0x39a6,0x39a6,0x31a6,0x3186,0x3186,0x3186,0x3165,0x2965,0x2945,0x2124,0x2104,0x18e3,0x18a2,0x1082,0x0861,0x0841,0x0841,
  0x0820,0x0020,0x0020,0x0861,0x18a2,0x20e3,0x2903,0x20e3,0x20e3,0x20e3,0x20e3,0x20e3,0x20e3,0x20e3,0x2903,0x2903,0x20e2,0x18c2,0x20e2,0x20e2,
  0x18c2,0x18a2,0x18c2,0x18c2,0x18a2,0x18a2,0x18a2,0x18a2,0x18c2,0x18c2,0x18a2,0x18a2,0x18a2,0x1081,0x1081,0x1061,0x3165,0x4a69,0x4a49,0x528a,
  0x62ca,0x4a49,0x39c7,0x39c7,0x41e7,0x41e7,0x4208,0x4a28,0x4a49,0x4208,0x39c7,0x5269,0x4a29,0x4208,0x5269,0x4228,0x39c7,0x4a07,0x4208,0x3186,
  0x3165,0x2924,0x2124,0x39a6,0x4a28,0x4a48,0x4a28,0x4207,0x5249,0x5248,0x5248,0x3186,0x2104,0x3186,0x39e8,0x2965,0x3186,0x2924,0x2104,0x2945,
  0x2945,0x2104,0x2104,0x20e4,0x2945,0x2124,0x2104,0x4a28,0x4a28,0x41e7,0x4a28,0x31a6,0x2945,0x18e3,0x18e4,0x3186,0x4208,0x41a6,0x3985,0x2103,
  0x0882,0x10a2,0x2945,0x2966,0x2966,0x2125,0x31a7,0x31a7,0x2104,0x2104,0x2966,0x18e4,0x2945,0x2945,0x2125,0x2125,0x31a7,0x2966,0x2945,0x2966,
  0x2125,0x2104,0x10a2,0x3187,0x3186,0x2104,0x18e4,0x18e4,0x18c3,0x2946,0x2946,0x2125,0x2105,0x4208,0x62ca,0x39a7,0x2966,0x2966,0x2945,0x2125,
  0x2104,0x2966,0x2125,0x2945,0x10a3,0x10c3,0x2104,0x39e8,0x4a6a,0x39e8,0x31a7,0x2125,0x39c7,0x31a6,0x10a2,0x18e4,0x18e4,0x2104,0x39e8,0x31c7,
  0x31a7,0x3a08,0x4208,0x39e8,0x4208,0x39e8,0x2966,0x2986,0x39e8,0x31a7,0x39e8,0x39c7,0x31a7,0x4208,0x4209,0x3186,0x3186,0x4229,0x4a49,0x4208,
  0x39e8,0x2125,0x1082,0x10a2,0x10a2,0x10a2,0x10a2,0x10a2,0x10a2,0x10a2,0x18c3,0x18c3,0x18c3,0x18c3,0x18a2,0x18c3,0x18a2,0x10a2,0x10a2,0x10a2,
  0x10a2,0x10a2,0x10a2,0x10a2,0x10a2,0x1082,0x1081,0x0861,0x0841,0x0841,0x0861,0x0861,0x0861,0x0861,0x0861,0x0861,0x0861,0x0861,0x1082,0x1082,
  0x1082,0x1082,0x1082,0x1082,0x1082,0x1082,0x1082,0x10a2,0x10a2,0x10a2,0x10a2,0x10a2,0x10a2,0x18a3,0x18c3,0x18e3,0x2103,0x2104,0x2944,0x2965,
  0x3165,0x3186,0x31a6,0x39c7,0x39e7,0x41e7,0x4207,0x4208,0x4208,0x41e8,0x4208,0x4208,0x4a28,0x4208,0x4208,0x4208,0x4208,0x4208,0x4208,0x4208,
  0x4208,0x41e7,0x39e7,0x41e7,0x41e7,0x39c7,0x39c7,0x39c7,0x39c7,0x39c7,0x39c7,0x39a6,0x39a6,0x3185,0x2965,0x2924,0x2104,0x18c3,0x10a2,0x1061,
  0x0841,0x0020,0x0020,0x0841,0x1082,0x20c2,0x20e3,0x20e3,0x20e3,0x18c2,0x20e2,0x20e2,0x18c2,0x18c2,0x20c2,0x20c2,0x18c2,0x18c2,0x20e2,0x20e2,
  0x18c2,0x18a2,0x18a2,0x18a2,0x1081,0x1081,0x1081,0x1081,0x18a2,0x18a2,0x1882,0x1081,0x1081,0x1081,0x1061,0x2124,0x4a49,0x4a49,0x528a,0x5289,
  0x4a49,0x4208,0x41e8,0x4208,0x4207,0x4a49,0x4208,0x4208,0x4a69,0x41e8,0x41e8,0x41e8,0x39e8,0x4228,0x4a49,0x39e8,0x31a6,0x39c6,0x2925,0x3186,
  0x4207,0x39a6,0x39a6,0x5aaa,0x5248,0x5289,0x4a28,0x4a28,0x41e7,0x62ca,0x39a6,0x2104,0x2124,0x4a08,0x41e7,0x3185,0x4a28,0x41c7,0x3185,0x3165,
  0x2945,0x20e4,0x2104,0x2925,0x2124,0x20e4,0x2104,0x2945,0x2945,0x3165,0x18e3,0x1904,0x1904,0x18c3,0x2925,0x2104,0x2104,0x3986,0x3985,0x2104,
  0x18c3,0x2104,0x2945,0x2125,0x18e3,0x2104,0x39c7,0x2966,0x1082,0x18c3,0x2125,0x18e4,0x2104,0x3166,0x2966,0x2104,0x2945,0x2966,0x2125,0x2125,
  0x2966,0x2104,0x1904,0x2966,0x2125,0x2125,0x2104,0x2945,0x31a7,0x2125,0x2104,0x2945,0x2986,0x31a7,0x39a7,0x3186,0x2145,0x31a7,0x31a7,0x2125,
  0x2946,0x2145,0x18e4,0x2125,0x2945,0x3186,0x2125,0x2966,0x2145,0x2125,0x2986,0x3186,0x39c7,0x4229,0x2125,0x2124,0x2125,0x2966,0x39e8,0x31a7,
  0x39e8,0x3186,0x31a7,0x528a,0x4a49,0x4229,0x3186,0x2966,0x31a7,0x2946,0x31a7,0x4229,0x39c8,0x4229,0x4229,0x4a49,0x39c7,0x39c7,0x39e8,0x39c8,
  0x4a49,0x4a29,0x3186,0x18c3,0x1082,0x10a2,0x10a2,0x1082,0x1082,0x1082,0x1082,0x10a2,0x18a2,0x18a2,0x18a2,0x18c3,0x10a2,0x10a2,0x1082,0x10a2,
  0x10a2,0x10a2,0x10a2,0x1082,0x1082,0x1082,0x0861,0x0841,0x0841,0x0841,0x0841,0x0841,0x0841,0x0861,0x0861,0x0861,0x0861,0x0861,0x0861,0x1061,
  0x1082,0x1082,0x1082,0x1082,0x1082,0x1082,0x1082,0x1082,0x1082,0x10a2,0x10a2,0x18c3,0x18c3,0x2104,0x2924,0x2965,0x3186,0x39a6,0x39c7,0x41e7,
  0x41e7,0x4208,0x4208,0x4a28,0x4a49,0x4a49,0x4a49,0x4a49,0x4a49,0x4a48,0x5249,0x5269,0x5269,0x4a28,0x4208,0x4208,0x41e7,0x39e8,0x41e8,0x4208,
  0x4208,0x41e8,0x39e7,0x39c7,0x39c7,0x39c7,0x39c7,0x39c7,0x41e7,0x41e7,0x41e7,0x41e7,0x41e7,0x39c7,0x39a6,0x3186,0x2965,0x2945,0x2124,0x20e3,
  0x18a2,0x1082,0x0841,0x0841,0x1061,0x18a2,0x18c2,0x18c2,0x18c2,0x18a2,0x18a2,0x18c2,0x18a2,0x18a2,0x18a2,0x18a2,0x18a2,0x18a2,0x18c2,0x18c2,
  0x18a2,0x1081,0x1081,0x1081,0x1061,0x1061,0x1081,0x1081,0x1081,0x1081,0x1061,0x1061,0x1081,0x1061,0x18c3,0x4208,0x4a49,0x5acb,0x5289,0x39c7,
  0x41e7,0x4208,0x41e7,0x5a89,0x5269,0x4228,0x31a6,0x4208,0x4228,0x4a29,0x4a49,0x4a28,0x4228,0x31a7,0x41e8,0x41e7,0x31a6,0x2125,0x2104,0x39c7,
  0x41e7,0x39a6,0x5aaa,0x5228,0x5248,0x5249,0x3166,0x3166,0x2965,0x3186,0x31a6,0x3185,0x2965,0x39a6,0x3985,0x3165,0x2104,0x39a6,0x41c6,0x41e6,
  0x3985,0x2124,0x2124,0x2104,0x18c3,0x2104,0x2945,0x2104,0x39a6,0x3165,0x2145,0x2124,0x2104,0x2104,0x2104,0x2945,0x2945,0x2104,0x18e4,0x18c3,
  0x3186,0x2125,0x18e4,0x2966,0x2945,0x2124,0x31a6,0x2945,0x0862,0x18e4,0x2125,0x2104,0x2945,0x2966,0x2945,0x18e4,0x2946,0x18e4,0x10a3,0x2104,
  0x2945,0x2125,0x39e8,0x4229,0x2966,0x18e4,0x2125,0x39e8,0x39c8,0x2966,0x18e4,0x2125,0x2125,0x2125,0x2946,0x3187,0x2145,0x2966,0x31c7,0x2145,
  0x2966,0x2125,0x2125,0x2986,0x2966,0x39c8,0x2945,0x10a3,0x2125,0x2145,0x2104,0x3186,0x31a7,0x31c8,0x31a7,0x39e8,0x4a4a,0x39c8,0x3187,0x3a08,
  0x39c8,0x3186,0x31a7,0x4208,0x4229,0x52ab,0x528a,0x31a7,0x31a7,0x39e8,0x3186,0x39e8,0x2986,0x4229,0x4209,0x39e8,0x39c7,0x39c8,0x39c7,0x3186,
  0x4229,0x4a4a,0x39e8,0x31a7,0x2104,0x1082,0x1082,0x1082,0x1082,0x1082,0x1082,0x1082,0x10a2,0x10a2,0x18a2,0x18a2,0x10a2,0x10a2,0x1082,0x1082,
  0x1082,0x1082,0x1082,0x1082,0x1082,0x0861,0x0861,0x0841,0x0841,0x0841,0x0841,0x0841,0x0841,0x0841,0x0841,0x0841,0x0861,0x0861,0x0861,0x0861,
  0x1081,0x1082,0x1082,0x1082,0x1082,0x1082,0x1082,0x1082,0x18c2,0x18e3,0x2104,0x2945,0x3165,0x31a6,0x39c7,0x39e7,0x41e7,0x4208,0x4a28,0x4a49,
  0x4a49,0x4a49,0x4a49,0x4a49,0x4a49,0x4a49,0x4a28,0x4a28,0x4a28,0x5249,0x5269,0x5269,0x5248,0x4208,0x41e8,0x4208,0x4208,0x41e8,0x41e8,0x39e8,
  0x39e8,0x41e7,0x39e7,0x41e7,0x4208,0x41e7,0x41e7,0x41e7,0x41e7,0x39e7,0x39c7,0x39c7,0x41e7,0x41e7,0x41e7,0x39c7,0x39c6,0x39a6,0x3186,0x2965,
  0x2944,0x2104,0x18c3,0x1082,0x1061,0x1081,0x18a2,0x18a2,0x18a2,0x18a2,0x18a2,0x18a2,0x1082,0x1081,0x1081,0x1081,0x1081,0x1882,0x18a2,0x10a2,
  0x1081,0x1081,0x1081,0x1061,0x0861,0x0861,0x1061,0x1081,0x1081,0x1061,0x1061,0x1061,0x1061,0x1081,0x41e7,0x4a29,0x5aaa,0x5aaa,0x4208,0x4a28,
  0x4208,0x39c7,0x4a28,0x5268,0x41e7,0x4a28,0x4a49,0x4228,0x4208,0x4208,0x4a49,0x4208,0x4208,0x41e7,0x39c7,0x39c7,0x39c7,0x31a6,0x2124,0x2104,
  0x2945,0x5aca,0x5269,0x5a69,0x4a28,0x3186,0x3166,0x3186,0x2925,0x2104,0x2945,0x49e7,0x39a6,0x2945,0x2104,0x2104,0x3165,0x39a6,0x3165,0x39c7,
  0x3166,0x2925,0x20e3,0x2104,0x2104,0x2104,0x18e4,0x2924,0x41c6,0x2104,0x2124,0x2966,0x2945,0x2104,0x2104,0x3186,0x2945,0x2104,0x2124,0x2125,
  0x18e3,0x2104,0x10a2,0x3186,0x2966,0x2945,0x39a6,0x18c3,0x0861,0x2945,0x2986,0x2966,0x2966,0x39c7,0x31a7,0x3186,0x2125,0x1904,0x18e4,0x1904,
  0x10c3,0x2966,0x4229,0x2946,0x2966,0x39e8,0x2966,0x2104,0x2945,0x2105,0x3186,0x39c7,0x2125,0x1904,0x18e4,0x2966,0x31a7,0x2125,0x2945,0x2946,
  0x31a7,0x2104,0x18e4,0x2105,0x2966,0x39e8,0x2145,0x2946,0x2125,0x3186,0x4209,0x31a7,0x2125,0x2104,0x2104,0x3186,0x3187,0x2125,0x2145,0x3a08,
  0x4229,0x4a49,0x4a49,0x39c7,0x3186,0x2966,0x31a7,0x39c7,0x39c7,0x39e8,0x4a49,0x528a,0x39e8,0x4a49,0x528a,0x4a49,0x39c8,0x4208,0x4a6a,0x3a08,
  0x39c7,0x4208,0x4a49,0x39e8,0x31a7,0x2945,0x1082,0x0861,0x1082,0x1082,0x1082,0x1082,0x1082,0x1082,0x10a2,0x10a2,0x10a2,0x1082,0x1082,0x1082,
  0x1082,0x1082,0x1082,0x1082,0x1061,0x0861,0x0841,0x0841,0x0841,0x0841,0x0841,0x0841,0x0841,0x0841,0x0841,0x0861,0x0861,0x0861,0x0861,0x0861,
  0x0861,0x1082,0x1082,0x1082,0x1082,0x10a2,0x18e3,0x2124,0x2945,0x3186,0x39a6,0x39e7,0x4208,0x4208,0x4208,0x4208,0x4228,0x4228,0x4a29,0x4a49,
  0x4a49,0x4a49,0x4a49,0x4a48,0x4a28,0x4208,0x4208,0x4208,0x4208,0x4a28,0x4a49,0x4a49,0x4208,0x39e7,0x39e7,0x4208,0x4208,0x4208,0x4208,0x4208,
  0x41e8,0x41e7,0x41e7,0x41e7,0x4208,0x4207,0x41e7,0x41e7,0x39c7,0x39c7,0x39c7,0x39c7,0x39c7,0x39e7,0x41e7,0x41e7,0x41e7,0x41e7,0x41c7,0x39c6,
  0x39a6,0x3185,0x2945,0x2103,0x18c3,0x18a2,0x1882,0x1882,0x1081,0x1081,0x1081,0x1081,0x1081,0x1081,0x1081,0x1081,0x1081,0x1081,0x1081,0x1061,
  0x1061,0x1081,0x1081,0x1081,0x1061,0x1061,0x1061,0x1081,0x0861,0x0861,0x0861,0x1061,0x0841,0x3165,0x528a,0x4a28,0x4208,0x4a49,0x4a28,0x4208,
  0x4208,0x4a28,0x5a69,0x39c7,0x4208,0x5249,0x4208,0x31a6,0x4a28,0x4208,0x39e7,0x41e8,0x39c7,0x39c7,0x2945,0x39c7,0x39c7,0x3186,0x3186,0x3186,
  0x5248,0x5aaa,0x5269,0x5248,0x39c7,0x2965,0x2965,0x2965,0x20e4,0x2124,0x2965,0x5268,0x5248,0x2945,0x18e3,0x2145,0x41e7,0x3185,0x3185,0x2125,
  0x2125,0x2924,0x41c6,0x3985,0x2945,0x18c3,0x39a6,0x4a28,0x2944,0x2945,0x2104,0x3166,0x3186,0x2124,0x2965,0x2945,0x2125,0x18e4,0x18e4,0x18e4,
  0x2104,0x18e4,0x2966,0x39a7,0x2945,0x2104,0x1082,0x10a2,0x2104,0x2945,0x2945,0x2966,0x2945,0x18c3,0x2945,0x2966,0x2125,0x2966,0x2946,0x18c3,
  0x18e4,0x2986,0x2125,0x18c3,0x2125,0x39c7,0x4a6a,0x2145,0x18c3,0x18e4,0x2104,0x3186,0x2986,0x2145,0x18e4,0x18e4,0x2104,0x18e4,0x2125,0x2945,
  0x18c3,0x18e4,0x18e4,0x2125,0x2125,0x2966,0x2946,0x2966,0x39e8,0x4229,0x4229,0x2966,0x2966,0x18e4,0x2125,0x2946,0x2105,0x2125,0x1904,0x2946,
  0x39c7,0x4a29,0x39c7,0x2986,0x2966,0x3187,0x4208,0x528a,0x526a,0x39c8,0x4a49,0x4a49,0x4208,0x39c7,0x31a7,0x31c7,0x528a,0x4249,0x4a49,0x528a,
  0x31a7,0x2945,0x39e8,0x4208,0x4208,0x4208,0x31a7,0x18c3,0x0861,0x1061,0x1081,0x1082,0x1082,0x1061,0x1061,0x1082,0x1082,0x1082,0x1082,0x1082,
  0x1082,0x1082,0x1082,0x1082,0x0861,0x0841,0x0841,0x0841,0x0841,0x0841,0x0841,0x0841,0x0841,0x0841,0x0841,0x0841,0x0861,0x0861,0x0861,0x0861,
  0x0861,0x0861,0x10a2,0x18c3,0x2124,0x2965,0x3186,0x39c7,0x39e7,0x4208,0x4a28,0x4a29,0x4a28,0x4228,0x4a28,0x4a28,0x4a28,0x4228,0x4208,0x4208,
  0x4a28,0x4a49,0x4a49,0x4a28,0x4208,0x41e8,0x39e8,0x4208,0x4208,0x4208,0x4208,0x4208,0x4208,0x41e7,0x39e8,0x4208,0x4208,0x4208,0x4a28,0x5248,
  0x5268,0x5248,0x4208,0x39e7,0x39e7,0x39e7,0x39c7,0x39c7,0x31a7,0x31a7,0x31a7,0x39a7,0x39a7,0x31a6,0x39a6,0x41e7,0x41e7,0x49e7,0x41e7,0x41c7,
  0x39c6,0x39a6,0x3186,0x3165,0x2924,0x2103,0x18c2,0x18a2,0x1081,0x1061,0x1081,0x1081,0x1081,0x1061,0x1061,0x1061,0x1061,0x1061,0x1061,0x0861,
  0x1061,0x1061,0x1061,0x1081,0x1081,0x1081,0x1081,0x1061,0x0861,0x0841,0x0861,0x0840,0x20e3,0x5289,0x528a,0x39c7,0x5269,0x5269,0x39c7,0x41e7,
  0x4228,0x5a89,0x4a48,0x4208,0x4a28,0x39a6,0x3186,0x5269,0x5269,0x39e7,0x4228,0x4a28,0x39c7,0x39c7,0x39c7,0x3186,0x3186,0x41c7,0x3186,0x4a28,
  0x41c6,0x39a6,0x39a6,0x3186,0x2966,0x2966,0x2966,0x2966,0x3186,0x3985,0x2965,0x3186,0x2945,0x2104,0x2124,0x2104,0x2945,0x2924,0x2965,0x2945,
  0x2104,0x3165,0x5227,0x4a27,0x4a07,0x3185,0x39a6,0x2125,0x39c7,0x4a49,0x3186,0x2965,0x2965,0x31a6,0x2125,0x2104,0x2104,0x18e4,0x2124,0x2104,
  0x2104,0x18c3,0x2104,0x2104,0x2966,0x31a7,0x2104,0x18e4,0x2125,0x2125,0x2104,0x2125,0x2125,0x2125,0x2945,0x31a7,0x2945,0x2125,0x2945,0x2945,
  0x31a6,0x3165,0x18e3,0x1904,0x2966,0x31a7,0x2966,0x2104,0x2104,0x18e4,0x18e3,0x2945,0x1904,0x2125,0x2966,0x2125,0x2104,0x10c3,0x18c3,0x18e3,
  0x18c3,0x18e4,0x2104,0x2124,0x10a3,0x10a3,0x2125,0x2966,0x3a08,0x31c7,0x31a7,0x2986,0x31c7,0x3187,0x2966,0x2966,0x2986,0x2986,0x3187,0x2966,
  0x2966,0x4208,0x39e8,0x2966,0x31a7,0x39c7,0x2945,0x39a7,0x5aec,0x4a49,0x4209,0x39e8,0x4208,0x2125,0x2124,0x39e8,0x4208,0x39c7,0x39e8,0x4208,
  0x39e8,0x3186,0x3186,0x39c7,0x4208,0x39e8,0x4229,0x4208,0x2104,0x0861,0x0861,0x1082,0x0861,0x0861,0x0861,0x0861,0x1082,0x1082,0x1082,0x1082,
  0x1082,0x1082,0x1082,0x1061,0x0861,0x0841,0x0841,0x0840,0x0841,0x0841,0x0841,0x0841,0x0841,0x0841,0x0841,0x0841,0x0841,0x0841,0x0861,0x0861,
  0x10a2,0x2104,0x2945,0x3186,0x39c7,0x39e7,0x4208,0x4208,0x4228,0x4a29,0x4a49,0x4a48,0x4a28,0x4a28,0x4a49,0x5269,0x4a49,0x4a28,0x4208,0x41e8,
  0x4208,0x4a48,0x5269,0x4a48,0x4208,0x39e8,0x39e7,0x4208,0x4228,0x4208,0x4208,0x41e8,0x4208,0x4208,0x41e8,0x39e7,0x39c7,0x41e8,0x4a28,0x5269,
  0x5a69,0x5248,0x4a08,0x39e7,0x39c7,0x39c7,0x39c7,0x31a7,0x31a6,0x31a6,0x31a6,0x31a7,0x31a6,0x31a6,0x3186,0x31a6,0x39c7,0x39c7,0x39c6,0x39a6,
  0x39a6,0x31a6,0x3186,0x3185,0x3165,0x2944,0x2104,0x18c3,0x1081,0x1061,0x1061,0x1061,0x1061,0x1061,0x1061,0x1061,0x1061,0x1061,0x0861,0x0861,
  0x0861,0x1061,0x1061,0x1061,0x1061,0x1061,0x1061,0x1061,0x1061,0x0861,0x0840,0x1081,0x4a28,0x4a48,0x39e7,0x5269,0x5aca,0x4208,0x41e7,0x41e7,
  0x5a89,0x4207,0x4a48,0x4a28,0x41e7,0x4a28,0x39c7,0x5269,0x39c7,0x39e7,0x39c7,0x31a6,0x39e7,0x41e8,0x4208,0x2945,0x39a6,0x2924,0x4207,0x6aea,
  0x5a68,0x4a28,0x3186,0x2945,0x2945,0x39c7,0x2966,0x3186,0x41e7,0x39c6,0x2965,0x2104,0x2925,0x3186,0x2124,0x2104,0x2945,0x2965,0x2104,0x2944,
  0x2945,0x2124,0x3186,0x2965,0x2925,0x2104,0x2104,0x2125,0x2965,0x2945,0x2945,0x2104,0x2104,0x18c3,0x2104,0x2104,0x2104,0x2104,0x2124,0x2104,
  0x2104,0x2145,0x2125,0x2104,0x39c7,0x39c7,0x2966,0x2125,0x2105,0x2125,0x2945,0x2966,0x2945,0x2945,0x2966,0x2125,0x2125,0x2125,0x2125,0x39a6,
  0x39c7,0x3985,0x2104,0x18e4,0x2125,0x2966,0x2104,0x2945,0x2125,0x2104,0x2125,0x2104,0x2105,0x2966,0x2966,0x2104,0x2125,0x2104,0x18e3,0x18c3,
  0x2104,0x2125,0x2966,0x2966,0x2125,0x18e4,0x2125,0x2145,0x2145,0x2966,0x2145,0x2125,0x2987,0x4a4a,0x4229,0x41e8,0x2125,0x2125,0x2966,0x2966,
  0x39c7,0x39c8,0x31a7,0x3186,0x31a7,0x4229,0x4a29,0x4208,0x39c8,0x4208,0x31a7,0x39e8,0x4208,0x39c7,0x2104,0x18e4,0x39e8,0x39c8,0x39c8,0x39e8,
  0x39e8,0x39e8,0x39c7,0x39c7,0x39c7,0x39c8,0x39e8,0x4229,0x4208,0x2966,0x10a2,0x0861,0x0861,0x0861,0x0861,0x0861,0x1061,0x1061,0x1061,0x1061,
  0x1061,0x1081,0x1061,0x0861,0x0841,0x0841,0x0020,0x0820,0x0841,0x0841,0x0841,0x0841,0x0841,0x0841,0x0841,0x0841,0x0841,0x1082,0x18c3,0x2124,
  0x3165,0x39c6,0x41e7,0x4a28,0x4a28,0x4208,0x4208,0x4208,0x4208,0x4228,0x4a28,0x4a28,0x4228,0x4a28,0x5269,0x5289,0x5249,0x4a48,0x4a28,0x4a28,
  0x4a28,0x4a48,0x5249,0x4a28,0x41e8,0x39e7,0x41e8,0x4208,0x4208,0x4208,0x41e8,0x39e7,0x39e8,0x39e8,0x39e7,0x39c7,0x39c7,0x39e7,0x41e8,0x4208,
  0x4208,0x41e8,0x39e8,0x39e7,0x39e7,0x39e7,0x39c7,0x39c7,0x31a7,0x39c7,0x39e7,0x39e7,0x41e7,0x41e7,0x39c7,0x39a6,0x31a6,0x3186,0x3186,0x3186,
  0x3186,0x3166,0x3166,0x3165,0x3165,0x2945,0x2924,0x2103,0x18c2,0x1081,0x0841,0x0841,0x1061,0x1061,0x0861,0x0861,0x0861,0x0841,0x0841,0x0841,
  0x0841,0x0861,0x0861,0x0861,0x0861,0x0861,0x0861,0x0861,0x0861,0x0861,0x0841,0x41e7,0x5269,0x39c7,0x4208,0x5aaa,0x5289,0x4a49,0x41e7,0x5248,
  0x4a28,0x41e7,0x4208,0x4a28,0x39c7,0x4a48,0x39c7,0x5269,0x4a28,0x41e7,0x2965,0x39a6,0x4a28,0x5aaa,0x5248,0x4a07,0x3985,0x4a08,0x5248,0x41e7,
  0x39a6,0x3186,0x31a6,0x2945,0x2945,0x3186,0x2124,0x2125,0x2104,0x2924,0x2104,0x2104,0x2124,0x39a6,0x2965,0x2945,0x2945,0x2104,0x2124,0x2944,
  0x2945,0x2966,0x2965,0x2945,0x2104,0x18e3,0x2124,0x2124,0x18e4,0x2145,0x2124,0x18c3,0x18a3,0x2124,0x2944,0x2104,0x2104,0x2104,0x2104,0x18e4,
  0x2966,0x31a7,0x2945,0x2104,0x18e4,0x2104,0x3186,0x2946,0x2145,0x18e4,0x2945,0x31a6,0x3186,0x2966,0x2145,0x1904,0x2945,0x2966,0x2966,0x2965,
  0x20e3,0x18a2,0x2104,0x2104,0x1904,0x2104,0x2105,0x2125,0x2105,0x2145,0x2125,0x2966,0x18e4,0x18c3,0x18c3,0x2104,0x3186,0x31a7,0x2104,0x18e3,
  0x3985,0x2966,0x2945,0x2125,0x2966,0x2946,0x2966,0x2946,0x2966,0x18e4,0x18e4,0x2125,0x2145,0x2946,0x39c7,0x4229,0x39e7,0x2104,0x18e4,0x2986,
  0x39c7,0x2125,0x2966,0x39c8,0x2966,0x39c7,0x4a49,0x31a7,0x2145,0x2125,0x2966,0x2946,0x39e8,0x4229,0x5aaa,0x4208,0x4208,0x526a,0x39a7,0x31a7,
  0x31a7,0x4a49,0x39e8,0x4209,0x39c8,0x31a7,0x3186,0x31a7,0x4229,0x4229,0x39c7,0x18a3,0x0841,0x0861,0x0861,0x0861,0x0861,0x0861,0x0861,0x0861,
  0x0861,0x0861,0x0861,0x0841,0x0841,0x0020,0x0020,0x0020,0x0020,0x0840,0x0841,0x0841,0x0841,0x0841,0x0841,0x0861,0x18c3,0x2924,0x3186,0x39c7,
  0x4208,0x4a28,0x4a49,0x5269,0x4a49,0x4228,0x4208,0x4208,0x4208,0x4208,0x4208,0x4228,0x4208,0x4a28,0x4a49,0x4a49,0x4228,0x4a28,0x4a49,0x4a49,
  0x5269,0x4a49,0x4a28,0x39c7,0x39c7,0x4208,0x4a28,0x4a28,0x41e8,0x39e7,0x41e7,0x41e7,0x39e7,0x41e7,0x39e7,0x41e7,0x4208,0x4208,0x39c7,0x31a7,
  0x31a7,0x39c7,0x39e7,0x41e8,0x4208,0x41e8,0x39e8,0x39e7,0x4208,0x4208,0x4208,0x4208,0x4207,0x4207,0x41e7,0x39a7,0x31a6,0x3186,0x3186,0x3186,
  0x3166,0x2965,0x2965,0x2965,0x2945,0x2945,0x2924,0x2124,0x20e3,0x18c2,0x1061,0x0841,0x0840,0x0841,0x0841,0x0841,0x0841,0x0841,0x0841,0x0841,
  0x0841,0x0841,0x0841,0x0841,0x0841,0x0841,0x0841,0x0841,0x0861,0x0820,0x2924,0x528a,0x41e7,0x4228,0x5aca,0x5269,0x4a28,0x39e7,0x5269,0x5248,
  0x39c7,0x4a28,0x4208,0x41c7,0x4a28,0x4a48,0x4208,0x4a28,0x3186,0x41e7,0x4a07,0x5a89,0x4208,0x41e7,0x4a28,0x5248,0x5269,0x4208,0x2925,0x3186,
  0x2945,0x2104,0x2945,0x2965,0x39a6,0x3185,0x2104,0x10a3,0x2124,0x2965,0x2124,0x2124,0x2124,0x3185,0x2944,0x2945,0x2965,0x3166,0x4a28,0x2965,
  0x2945,0x2104,0x18e4,0x2966,0x2966,0x2125,0x2104,0x18e4,0x2104,0x2104,0x18c3,0x18c3,0x2945,0x2945,0x18e3,0x18e3,0x18e4,0x18e4,0x2104,0x18c3,
  0x3187,0x4209,0x4a6a,0x2104,0x10a3,0x2104,0x2125,0x2945,0x2946,0x3186,0x39c7,0x2125,0x2104,0x2125,0x2125,0x2966,0x2966,0x2125,0x18e3,0x2104,
  0x39c7,0x18e3,0x2104,0x2966,0x2945,0x2104,0x18e4,0x18c3,0x2104,0x2966,0x31a7,0x4a6a,0x2946,0x10c3,0x18c3,0x18e3,0x3186,0x2945,0x2104,0x2124,
  0x2104,0x18c4,0x18e4,0x1904,0x31a7,0x39e8,0x2145,0x2125,0x2966,0x2966,0x2125,0x2105,0x2125,0x2145,0x2945,0x2966,0x39e7,0x5aaa,0x4228,0x4209,
  0x39c7,0x31a7,0x3187,0x2966,0x2986,0x31a7,0x2966,0x31c7,0x2125,0x2986,0x3186,0x2945,0x2945,0x4a49,0x528a,0x4a69,0x528a,0x4a49,0x31a7,0x39c7,
  0x31a7,0x31a7,0x39c7,0x31a7,0x4208,0x39c7,0x31a7,0x31a7,0x4208,0x4229,0x4229,0x39c7,0x18e3,0x0841,0x0861,0x0861,0x0861,0x0861,0x0861,0x0861,
  0x0861,0x0861,0x0841,0x0841,0x0020,0x0020,0x0020,0x0020,0x0020,0x0020,0x0840,0x0841,0x0841,0x0861,0x18c3,0x2124,0x3186,0x39c7,0x4a08,0x4a49,
  0x4a49,0x4a49,0x4a49,0x5269,0x4a49,0x4a29,0x4a28,0x4208,0x4208,0x4208,0x4208,0x4208,0x4208,0x4208,0x4208,0x41e8,0x39e8,0x4208,0x4228,0x4228,
  0x4a28,0x4a28,0x39e7,0x39a7,0x39c7,0x4208,0x4208,0x41e8,0x39e7,0x39e7,0x41e7,0x4208,0x41e7,0x39c7,0x39c7,0x4208,0x4a28,0x4208,0x39c7,0x39c7,
  0x31a7,0x39c7,0x39e8,0x4228,0x4a49,0x4a49,0x4a49,0x4a28,0x4a28,0x4a28,0x41e7,0x39c7,0x39c7,0x39c7,0x31a6,0x3186,0x3186,0x3186,0x31a6,0x31a6,
  0x31a6,0x3186,0x3186,0x2965,0x2965,0x2945,0x2945,0x2945,0x2124,0x20e3,0x18a2,0x1061,0x0841,0x0840,0x0840,0x0840,0x0840,0x0840,0x0840,0x0840,
  0x0840,0x0841,0x0840,0x0841,0x0841,0x0840,0x0840,0x0841,0x0840,0x1081,0x4208,0x5289,0x4a49,0x62ca,0x5248,0x4a28,0x39c7,0x5269,0x5aa9,0x39e7,
  0x41e7,0x4207,0x39c7,0x39a6,0x5aaa,0x4a28,0x41e7,0x3186,0x41c7,0x4a28,0x62ca,0x5269,0x41e7,0x41c6,0x39a6,0x4a28,0x4207,0x2965,0x2124,0x2945,
  0x3165,0x3186,0x2124,0x2945,0x39a6,0x3165,0x18e3,0x2104,0x2965,0x2125,0x3165,0x2945,0x2945,0x2124,0x2104,0x2104,0x3165,0x41e7,0x39c6,0x2124,
  0x2945,0x2124,0x2104,0x2965,0x39c7,0x39c7,0x2104,0x18c3,0x18c3,0x18c3,0x18e4,0x2104,0x2124,0x2104,0x20e4,0x18e3,0x18e4,0x18c3,0x10c3,0x2104,
  0x1904,0x31a7,0x3186,0x2104,0x10a3,0x2125,0x2945,0x18e3,0x31c7,0x31a7,0x2966,0x18c3,0x18c3,0x2966,0x3186,0x39e8,0x2986,0x2104,0x18e3,0x2125,
  0x4228,0x2945,0x18c3,0x3186,0x31a7,0x2125,0x2104,0x2105,0x2966,0x2145,0x31a7,0x39c7,0x2925,0x2104,0x2125,0x18e4,0x18e4,0x18e4,0x18e4,0x2945,
  0x2125,0x18e4,0x2104,0x2104,0x3186,0x3186,0x2945,0x18e4,0x18c3,0x2145,0x2966,0x2125,0x2125,0x2105,0x18c3,0x18c3,0x2966,0x2945,0x2124,0x31a7,
  0x2945,0x2946,0x3186,0x39c7,0x3186,0x3187,0x2966,0x3186,0x2945,0x2966,0x4209,0x39c7,0x2945,0x39e8,0x4208,0x31a7,0x39c7,0x31a7,0x31a7,0x39e8,
  0x39c7,0x39c7,0x39e8,0x31a7,0x39c7,0x3187,0x39e8,0x4229,0x31a7,0x39c7,0x4229,0x39e8,0x4208,0x2966,0x0861,0x0841,0x0861,0x0841,0x0841,0x0841,
  0x0841,0x0841,0x0841,0x0020,0x0020,0x0020,0x0020,0x0020,0x0020,0x0020,0x0020,0x0841,0x10a2,0x2104,0x3165,0x39c7,0x4208,0x4a28,0x4a28,0x4228,
  0x4208,0x4228,0x4a49,0x4a49,0x4a28,0x4a28,0x4a49,0x4228,0x4a28,0x4a28,0x4208,0x4208,0x4208,0x4208,0x4208,0x39c7,0x39c7,0x39c7,0x39c7,0x39c7,
  0x39e7,0x39c7,0x31a7,0x39c7,0x41e8,0x4208,0x39c7,0x39a7,0x39c7,0x39e7,0x39e7,0x41e8,0x41e7,0x31a7,0x39c7,0x41e8,0x41e7,0x39c7,0x39c7,0x39c7,
  0x39c7,0x39c7,0x39e8,0x4228,0x4a49,0x5249,0x4a48,0x4a28,0x4a28,0x4207,0x39c7,0x31a6,0x3186,0x3186,0x3186,0x3186,0x3186,0x3186,0x3186,0x3186,
  0x39c7,0x41e7,0x39a6,0x3186,0x3165,0x3165,0x3165,0x2945,0x2924,0x2124,0x18e3,0x10a2,0x0861,0x0820,0x0020,0x0820,0x0840,0x0840,0x0840,0x0840,
  0x0840,0x0840,0x0840,0x0840,0x0840,0x0840,0x0840,0x0840,0x0820,0x41c7,0x5269,0x4a69,0x62eb,0x62ca,0x39c7,0x41e7,0x4207,0x41e7,0x41e7,0x4a28,
  0x41e7,0x41e7,0x4a28,0x41e7,0x5aaa,0x4a48,0x3186,0x39a7,0x4208,0x4208,0x4a49,0x4a08,0x41c6,0x3145,0x2104,0x2945,0x3185,0x3186,0x2965,0x2945,
  0x20e4,0x2924,0x2945,0x3165,0x2104,0x2124,0x2945,0x3165,0x2124,0x20e3,0x2945,0x2945,0x2945,0x3165,0x2945,0x2945,0x3185,0x2945,0x2124,0x2966,
  0x31a6,0x2945,0x2124,0x2945,0x2945,0x2125,0x2104,0x18e4,0x20e4,0x2925,0x2945,0x2104,0x18e4,0x2104,0x18e3,0x2104,0x2104,0x18e3,0x2104,0x2104,
  0x1904,0x2104,0x2104,0x2125,0x18e4,0x3186,0x2966,0x10a3,0x2104,0x2125,0x31a7,0x2945,0x2125,0x31a7,0x2125,0x2104,0x2125,0x2945,0x31a7,0x2125,
  0x2125,0x10c3,0x0841,0x2104,0x2145,0x2104,0x2145,0x2125,0x2945,0x2104,0x1904,0x18e4,0x2125,0x41e8,0x3186,0x18e4,0x18e4,0x18c3,0x18c3,0x18e4,
  0x2104,0x3186,0x2945,0x2945,0x39c7,0x3165,0x39a6,0x2104,0x1904,0x2105,0x2104,0x2125,0x2945,0x2125,0x2125,0x18e4,0x2104,0x31a7,0x2945,0x3187,
  0x2946,0x18e4,0x2125,0x31a7,0x2946,0x31a7,0x2966,0x2145,0x2966,0x2966,0x41e8,0x4229,0x3186,0x31a7,0x31a7,0x3186,0x31a7,0x3186,0x39c7,0x3186,
  0x39c7,0x39e8,0x4a49,0x4208,0x4229,0x31a7,0x39e8,0x31a7,0x3186,0x39c8,0x31a7,0x39e8,0x4208,0x39e8,0x3186,0x1082,0x0840,0x0861,0x0841,0x0841,
  0x0841,0x0841,0x0020,0x0020,0x0020,0x0020,0x0020,0x0020,0x0020,0x0821,0x1081,0x18e3,0x2965,0x39c6,0x4208,0x4a48,0x4a28,0x4208,0x41e8,0x39e7,
  0x39e8,0x4208,0x4a28,0x4a28,0x4208,0x4a28,0x4a28,0x4208,0x4a48,0x4a48,0x4208,0x4208,0x4a28,0x4208,0x39c7,0x31a6,0x2965,0x3165,0x3186,0x39c7,
  0x41e7,0x39c7,0x31a6,0x39c7,0x39e7,0x39c7,0x39a7,0x31a6,0x39a7,0x31a7,0x3186,0x39c7,0x39c7,0x39c7,0x39c7,0x41e8,0x39c7,0x31a7,0x39a7,0x39c7,
  0x39c7,0x39c7,0x39e7,0x4208,0x41e7,0x41e7,0x39c7,0x39c7,0x41e7,0x39c7,0x31a6,0x31a6,0x31a6,0x3186,0x3186,0x3186,0x3186,0x3186,0x3166,0x3186,
  0x39c6,0x41e7,0x39a6,0x3186,0x3186,0x3165,0x3165,0x2945,0x2924,0x2104,0x2104,0x18c3,0x1082,0x0861,0x0020,0x0020,0x0020,0x0020,0x0820,0x0820,
  0x0820,0x0820,0x0840,0x0840,0x0840,0x0840,0x0840,0x0020,0x2104,0x5289,0x5269,0x5289,0x62ca,0x4a28,0x4a28,0x39a6,0x4a07,0x4207,0x4208,0x41e7,
  0x4208,0x4a08,0x4208,0x4a28,0x4a07,0x31a6,0x4207,0x39c7,0x3186,0x39c7,0x4a08,0x2944,0x3185,0x2124,0x2965,0x3165,0x39c6,0x3186,0x2945,0x2104,
  0x2124,0x3186,0x3186,0x2125,0x18e3,0x2945,0x3186,0x2945,0x3165,0x3185,0x2945,0x2104,0x2124,0x3185,0x2104,0x2945,0x3165,0x2124,0x2124,0x3166,
  0x2945,0x2945,0x3165,0x3165,0x18e4,0x18c3,0x10a3,0x2104,0x39a6,0x3165,0x18c3,0x18e4,0x2104,0x2124,0x3186,0x2104,0x18e3,0x2104,0x20e3,0x18e3,
  0x18e3,0x1904,0x1904,0x18e3,0x2104,0x2125,0x18c3,0x2104,0x18c3,0x2945,0x2945,0x2945,0x2945,0x2104,0x18e4,0x2125,0x2104,0x2125,0x39c7,0x2966,
  0x2104,0x18e4,0x18e4,0x18c3,0x18e4,0x3186,0x2945,0x18e4,0x2104,0x18c3,0x10c3,0x18c3,0x3166,0x39c7,0x2945,0x18e4,0x10a3,0x2105,0x2104,0x1904,
  0x2104,0x2104,0x2125,0x39c7,0x18e4,0x18c3,0x3165,0x2965,0x2945,0x2125,0x2125,0x2125,0x2945,0x18e4,0x18c4,0x2125,0x2125,0x39c7,0x31a7,0x2104,
  0x2946,0x2104,0x2104,0x2104,0x1904,0x2125,0x2986,0x2966,0x2125,0x2966,0x4208,0x4229,0x39e8,0x2966,0x2945,0x2145,0x31c7,0x31a7,0x4208,0x2104,
  0x18e4,0x31a7,0x39c7,0x31a7,0x3187,0x3186,0x4208,0x39c7,0x2986,0x2966,0x31a7,0x4a29,0x39e8,0x31a7,0x39e8,0x39e8,0x18c3,0x0020,0x0841,0x0841,
  0x0840,0x0020,0x0020,0x0020,0x0020,0x0020,0x0020,0x0020,0x0841,0x10a2,0x2124,0x3186,0x41e7,0x4a28,0x5249,0x4a48,0x4208,0x39e7,0x39e7,0x39e8,
  0x41e8,0x4208,0x4208,0x4208,0x4208,0x4a28,0x4208,0x41e8,0x4228,0x4208,0x4208,0x4208,0x4a28,0x41e7,0x3186,0x3186,0x3165,0x3186,0x39a6,0x41e7,
  0x4207,0x39c7,0x31a7,0x39c7,0x39c7,0x39c7,0x39a7,0x3166,0x2965,0x2946,0x2966,0x31a7,0x41e7,0x41e7,0x39c7,0x39c7,0x39a7,0x31a6,0x39a7,0x39c7,
  0x39a7,0x39a7,0x39c7,0x39e7,0x39a6,0x3186,0x3186,0x31a6,0x39c7,0x39a7,0x3186,0x31a6,0x31a6,0x2966,0x3166,0x3186,0x3186,0x3186,0x31a6,0x3166,
  0x3185,0x3185,0x2945,0x2945,0x2965,0x2965,0x2945,0x2925,0x2124,0x2104,0x2104,0x20e3,0x18c3,0x1082,0x0841,0x0020,0x0000,0x0020,0x0020,0x0020,
  0x0020,0x0020,0x0820,0x0820,0x0840,0x0840,0x0820,0x1082,0x4a28,0x4a49,0x528a,0x5269,0x4228,0x4a48,0x4a07,0x3985,0x4a28,0x4a08,0x31a7,0x4208,
  0x5aaa,0x4207,0x3165,0x41e7,0x39c6,0x5aaa,0x39a6,0x2965,0x3186,0x3186,0x39a6,0x3144,0x2965,0x3186,0x31a6,0x3186,0x2945,0x20e3,0x3186,0x18e3,
  0x2924,0x41e7,0x3165,0x2104,0x2925,0x2124,0x2124,0x2965,0x3165,0x2124,0x18e4,0x2104,0x2945,0x2945,0x3186,0x4a48,0x3185,0x2945,0x2945,0x2125,
  0x2104,0x39a7,0x39a6,0x2104,0x18c3,0x2945,0x2104,0x18c3,0x2924,0x20e3,0x10c3,0x10a3,0x18e4,0x2945,0x2965,0x2104,0x2104,0x18e3,0x18c3,0x18c3,
  0x2104,0x2125,0x2104,0x1082,0x18c3,0x18e4,0x2125,0x31a6,0x2125,0x18c3,0x2104,0x18e4,0x18e3,0x2104,0x2125,0x1904,0x18c3,0x2104,0x39c6,0x3186,
  0x2125,0x2104,0x2965,0x18c3,0x39c7,0x39c7,0x2124,0x18e4,0x18e4,0x18e4,0x2125,0x3186,0x2125,0x18e4,0x2125,0x2125,0x2104,0x2945,0x2945,0x2966,
  0x2125,0x1904,0x2945,0x2104,0x10c3,0x2145,0x2946,0x2105,0x2125,0x2965,0x2125,0x1082,0x18e4,0x31a7,0x2966,0x2125,0x3166,0x2945,0x2125,0x2966,
  0x2945,0x2125,0x2124,0x2125,0x2125,0x2125,0x2125,0x2966,0x2105,0x39e8,0x4a69,0x31a6,0x4208,0x4208,0x2966,0x39c8,0x31a7,0x39e8,0x4229,0x39c7,
  0x2104,0x2966,0x31a7,0x3187,0x31a7,0x39c7,0x4208,0x39c7,0x4208,0x4208,0x3186,0x31a7,0x31a7,0x41e8,0x39c8,0x31c7,0x39c7,0x2104,0x0020,0x0020,
  0x0020,0x0020,0x0020,0x0020,0x0020,0x0020,0x0020,0x0861,0x18e3,0x2945,0x39a6,0x4207,0x4228,0x4a08,0x4a28,0x4a28,0x4208,0x39e7,0x4208,0x4208,
  0x4208,0x41e8,0x39e7,0x39c7,0x41e8,0x4208,0x41e7,0x39c7,0x41e7,0x41e7,0x4208,0x4a48,0x4a48,0x41e7,0x39a7,0x39c7,0x41e7,0x41e7,0x39c7,0x39c7,
  0x39e7,0x39e7,0x4208,0x39e7,0x39c7,0x39e7,0x39a7,0x2945,0x2945,0x3166,0x3186,0x31a7,0x39c7,0x39a7,0x31a6,0x3186,0x39c7,0x41e7,0x41e7,0x39c7,
  0x31a6,0x39a6,0x41e7,0x4208,0x39c7,0x31a6,0x39a7,0x31a6,0x31a6,0x31a6,0x3186,0x3186,0x3186,0x3165,0x3186,0x39a6,0x3186,0x3186,0x39a6,0x3166,
  0x2945,0x2945,0x2125,0x2925,0x2945,0x3165,0x3165,0x2945,0x2924,0x2124,0x2104,0x2104,0x20e3,0x18c3,0x1082,0x0841,0x0000,0x0000,0x0000,0x0000,
  0x0000,0x0020,0x0020,0x0020,0x0020,0x0820,0x0020,0x39a6,0x5269,0x4a49,0x4a49,0x4a28,0x41e7,0x39a6,0x2944,0x5248,0x4a48,0x39c7,0x4a28,0x5269,
  0x4a07,0x2925,0x2965,0x39a6,0x5a89,0x5269,0x4207,0x39a6,0x39a6,0x39c6,0x41c6,0x39a6,0x2965,0x3165,0x3186,0x39a6,0x2965,0x2124,0x2945,0x2104,
  0x20e4,0x2124,0x2104,0x2924,0x3186,0x2945,0x39c7,0x2965,0x20e3,0x2966,0x3186,0x3165,0x2124,0x2945,0x4a49,0x3165,0x2965,0x3186,0x31a6,0x2966,
  0x18e4,0x18c3,0x18c3,0x10a2,0x18e4,0x31a6,0x2944,0x1082,0x18e3,0x2104,0x2104,0x2104,0x18e4,0x2104,0x10a3,0x20e4,0x2924,0x2124,0x18e3,0x20e4,
  0x18e4,0x18e4,0x18c3,0x10a2,0x1082,0x0882,0x18c3,0x20e4,0x3165,0x2945,0x2104,0x10a3,0x18e4,0x18e3,0x10a3,0x10a3,0x2104,0x39c6,0x2924,0x18e4,
  0x18e4,0x18e4,0x2965,0x2945,0x31a7,0x2104,0x2945,0x39c8,0x39e8,0x3185,0x3186,0x2986,0x1904,0x2105,0x18c3,0x2945,0x3186,0x2104,0x2104,0x2946,
  0x2946,0x2966,0x2966,0x2104,0x2104,0x2125,0x2105,0x18c4,0x10a3,0x2986,0x2945,0x2104,0x18e4,0x2145,0x2946,0x2966,0x39c7,0x4208,0x2966,0x18e3,
  0x0862,0x1082,0x18c3,0x2966,0x39e7,0x2966,0x18e4,0x3187,0x39e8,0x4a49,0x2125,0x3187,0x528a,0x4a49,0x31a7,0x2966,0x2966,0x39c7,0x4208,0x39e8,
  0x31a6,0x2966,0x2966,0x31a7,0x2986,0x4208,0x39e8,0x39e8,0x3187,0x39e8,0x31a7,0x2125,0x2945,0x3186,0x4208,0x4208,0x31a7,0x31a7,0x2104,0x0020,
  0x0020,0x0820,0x0841,0x0841,0x0841,0x0841,0x10a2,0x2104,0x2965,0x39a7,0x4208,0x4208,0x41e7,0x39e7,0x4208,0x4228,0x4208,0x4208,0x4a28,0x4a28,
  0x4208,0x39c7,0x39c7,0x39e7,0x4208,0x41e7,0x31a7,0x39a7,0x39c7,0x39e7,0x4a08,0x4a28,0x4a08,0x39c7,0x39a7,0x39c7,0x4208,0x39e7,0x31a7,0x31a7,
  0x39a7,0x4208,0x4a48,0x4208,0x39a7,0x39a7,0x3186,0x2945,0x2966,0x31a6,0x31a7,0x3186,0x3186,0x3186,0x31a6,0x3186,0x39c7,0x4208,0x41e7,0x39c7,
  0x39c7,0x39c7,0x39c7,0x41e7,0x39c7,0x31a6,0x39a6,0x39a6,0x3186,0x3186,0x3186,0x3186,0x3186,0x2965,0x3186,0x39a6,0x3166,0x2945,0x2965,0x2945,
  0x2945,0x2945,0x2925,0x2124,0x2945,0x3165,0x3185,0x3165,0x2944,0x2124,0x2104,0x2104,0x20e3,0x18e3,0x10a2,0x0861,0x0020,0x0000,0x0000,0x0000,
  0x0000,0x0020,0x0020,0x0020,0x0020,0x0000,0x18c2,0x4a49,0x5269,0x5269,0x4208,0x41e8,0x5227,0x2924,0x3986,0x5269,0x41e7,0x41e7,0x41e7,0x39c7,
  0x39a6,0x39a6,0x39c7,0x4a28,0x5a69,0x4207,0x5268,0x41e7,0x2125,0x41c6,0x3185,0x2104,0x2965,0x2945,0x2104,0x2945,0x2945,0x2965,0x2124,0x2945,
  0x31a6,0x2925,0x18c3,0x2924,0x3185,0x3185,0x39a6,0x2965,0x2945,0x3186,0x4a07,0x39a6,0x2104,0x3185,0x2104,0x18e4,0x2104,0x2124,0x2945,0x2945,
  0x2104,0x2104,0x2104,0x2104,0x2104,0x2125,0x2925,0x10a3,0x10a2,0x18c3,0x2124,0x3185,0x2924,0x2124,0x2104,0x2104,0x2124,0x2945,0x2104,0x18c3,
  0x2104,0x20e4,0x18c3,0x10a2,0x18e3,0x2104,0x18c3,0x18e4,0x20e4,0x2125,0x18c3,0x10a3,0x10a3,0x10a3,0x18e4,0x18e4,0x39a6,0x41e7,0x18c3,0x2104,
  0x18e4,0x2124,0x2125,0x18e4,0x1904,0x2945,0x3186,0x18e4,0x2965,0x41e7,0x3186,0x2966,0x2945,0x2125,0x18e4,0x2104,0x3165,0x3165,0x2125,0x2125,
  0x2945,0x2145,0x2966,0x2966,0x2966,0x18c4,0x1904,0x2125,0x2104,0x1904,0x2965,0x2945,0x2945,0x2125,0x2966,0x2945,0x2945,0x2945,0x2124,0x1082,
  0x18c3,0x18e4,0x2104,0x2125,0x39a6,0x3186,0x18e4,0x2104,0x2986,0x2966,0x31c7,0x39c7,0x3186,0x39e8,0x3186,0x2966,0x3186,0x39c7,0x4209,0x39e8,
  0x41e8,0x4a69,0x4a28,0x39e7,0x3186,0x39e8,0x31a7,0x31a7,0x4208,0x31a7,0x4a49,0x39e8,0x31a7,0x2945,0x3186,0x39c7,0x3186,0x4208,0x39c7,0x2104,
  0x0840,0x0841,0x0841,0x0841,0x1081,0x18e3,0x2925,0x3186,0x39c7,0x4207,0x4208,0x41e7,0x39c7,0x39c7,0x41e8,0x4208,0x4208,0x41e8,0x4208,0x4208,
  0x39e8,0x39c7,0x39e7,0x41e7,0x41e7,0x39c7,0x3186,0x39a7,0x39c7,0x41e7,0x4208,0x39c7,0x3186,0x3186,0x3186,0x31a7,0x31a7,0x31a7,0x31a7,0x39c7,
  0x39c7,0x39c7,0x4208,0x41e8,0x31a6,0x3186,0x3186,0x3186,0x31a7,0x39a7,0x31a7,0x39a7,0x31a6,0x3186,0x39a6,0x31a6,0x39a6,0x39a6,0x3186,0x3186,
  0x39c7,0x39c7,0x39a6,0x39c7,0x39c7,0x31a6,0x3186,0x3186,0x2965,0x2945,0x2945,0x2965,0x2965,0x2945,0x3165,0x3165,0x3165,0x3165,0x2945,0x2925,
  0x2945,0x2945,0x2945,0x2125,0x2125,0x2945,0x3165,0x3165,0x2944,0x2104,0x2104,0x2104,0x20e3,0x18c3,0x18c3,0x1082,0x0841,0x0020,0x0000,0x0020,
  0x0000,0x0000,0x0000,0x0000,0x0000,0x0020,0x39c6,0x4a49,0x4a48,0x4208,0x4208,0x4a28,0x3165,0x39a5,0x5248,0x4a28,0x39e7,0x31a6,0x3186,0x3186,
  0x31a6,0x3186,0x39c7,0x39c7,0x5a89,0x5248,0x4a07,0x3186,0x2145,0x41e7,0x3165,0x2945,0x2925,0x2945,0x2104,0x41e7,0x3186,0x2104,0x2124,0x2965,
  0x3185,0x2945,0x2945,0x2104,0x18e3,0x2945,0x2945,0x3165,0x39a6,0x4a28,0x4a07,0x2945,0x3186,0x3144,0x3165,0x2125,0x18e3,0x18e4,0x18e4,0x2104,
  0x2965,0x2124,0x2944,0x2104,0x2104,0x18e4,0x18c3,0x18c3,0x2104,0x18c3,0x18e3,0x20e3,0x18c3,0x2924,0x2924,0x2104,0x2104,0x18c3,0x10a3,0x18c3,
  0x31a7,0x20e4,0x2104,0x18c3,0x2124,0x2945,0x2124,0x31a6,0x2104,0x18c3,0x18e4,0x2104,0x18e4,0x18c3,0x2104,0x10c3,0x18e3,0x2104,0x10a3,0x2125,
  0x2125,0x1904,0x2125,0x2104,0x18e4,0x1904,0x2104,0x1904,0x2125,0x3186,0x2125,0x18c3,0x18e3,0x2125,0x18c3,0x2104,0x31a7,0x3186,0x2945,0x2965,
  0x2104,0x1904,0x2145,0x18e4,0x2125,0x2986,0x2125,0x2145,0x2966,0x2966,0x3187,0x1905,0x2105,0x2945,0x31a7,0x2125,0x2125,0x2986,0x3186,0x3186,
  0x2966,0x2966,0x2104,0x18c3,0x3986,0x39a7,0x2145,0x2125,0x2966,0x31a7,0x31a7,0x2945,0x2945,0x2946,0x3166,0x31a7,0x31a6,0x3187,0x2986,0x3a08,
  0x4209,0x4229,0x4a69,0x2966,0x4229,0x31c7,0x3187,0x31a7,0x31a7,0x39e8,0x39e8,0x39c7,0x4229,0x39e8,0x2945,0x2966,0x2945,0x3186,0x3186,0x39a7,
  0x3186,0x0841,0x0841,0x1082,0x2103,0x3165,0x39a7,0x41e7,0x4207,0x4208,0x4208,0x39e7,0x39c7,0x41e7,0x4208,0x4208,0x39e7,0x39c7,0x41e8,0x41e7,
  0x31a7,0x39c7,0x41e8,0x4208,0x4208,0x39c7,0x39c7,0x39c7,0x39c7,0x39c7,0x39c7,0x3186,0x3186,0x3186,0x3186,0x31a7,0x3186,0x39a7,0x41e8,0x39e7,
  0x31a7,0x31a6,0x39a7,0x31a7,0x3186,0x39a7,0x41e7,0x41e7,0x39c7,0x39c7,0x39c7,0x39e7,0x39c7,0x3186,0x3166,0x2966,0x3186,0x3186,0x2965,0x3186,
  0x39a6,0x39c6,0x39c7,0x39c6,0x39a6,0x3186,0x2965,0x2945,0x2125,0x2104,0x2104,0x2925,0x2945,0x2945,0x2925,0x2945,0x39a6,0x49e6,0x39a6,0x2945,
  0x2925,0x2925,0x2925,0x2925,0x2124,0x2124,0x2945,0x2945,0x2124,0x2104,0x2104,0x2104,0x2104,0x18e3,0x18c3,0x10a2,0x1061,0x0841,0x0020,0x0020,
  0x0020,0x0020,0x0000,0x0020,0x0000,0x20e3,0x5269,0x4a49,0x41e8,0x39e8,0x5269,0x4a06,0x3985,0x4a27,0x4207,0x4208,0x39c7,0x3186,0x31a6,0x39a7,
  0x39e7,0x3186,0x3166,0x39c7,0x41c6,0x39a5,0x41e7,0x3186,0x39c6,0x39a6,0x2945,0x2924,0x2104,0x2104,0x2104,0x3186,0x3186,0x39a6,0x2104,0x2924,
  0x20e3,0x2104,0x2965,0x2965,0x2965,0x2945,0x2124,0x18e3,0x2104,0x39a6,0x2945,0x3186,0x3186,0x3185,0x3185,0x2104,0x2124,0x2104,0x2125,0x2965,
  0x20e3,0x1082,0x18c3,0x2924,0x2945,0x2925,0x2124,0x18c3,0x18e3,0x18c3,0x18c3,0x18c3,0x18c3,0x2944,0x3985,0x2945,0x2924,0x18e3,0x2104,0x2124,
  0x2945,0x2104,0x2104,0x2104,0x2104,0x2124,0x3166,0x3186,0x18e4,0x2125,0x18c3,0x2124,0x2104,0x18c3,0x2104,0x18c3,0x2104,0x2104,0x2945,0x2124,
  0x41e7,0x31a7,0x1904,0x2945,0x2125,0x2104,0x2945,0x2125,0x3186,0x3186,0x2125,0x18c3,0x3165,0x39a6,0x18c3,0x2104,0x2125,0x2945,0x2966,0x3165,
  0x1904,0x2125,0x2125,0x18e4,0x2966,0x31a7,0x2946,0x2966,0x2125,0x18e4,0x2145,0x2125,0x2125,0x2104,0x2966,0x2125,0x2966,0x2986,0x2145,0x2945,
  0x39c7,0x4208,0x2105,0x39c7,0x4a07,0x3186,0x2966,0x2945,0x3186,0x31c7,0x2966,0x2145,0x2966,0x2966,0x2125,0x2125,0x4208,0x31a7,0x2125,0x3186,
  0x39c8,0x39e8,0x4208,0x2945,0x31a7,0x3187,0x2125,0x2945,0x31c7,0x31a7,0x31a7,0x39e8,0x31a7,0x39e8,0x3187,0x2966,0x2945,0x31a7,0x39c7,0x3186,
  0x39e8,0x2945,0x1082,0x20e3,0x3165,0x39c7,0x41e7,0x4208,0x4208,0x41e7,0x39e7,0x39e7,0x41e7,0x4208,0x41e8,0x41e7,0x39e7,0x39c7,0x41e7,0x39c7,
  0x31a6,0x39c7,0x4207,0x4a28,0x4208,0x39c7,0x41e7,0x39c7,0x31a6,0x31a6,0x3186,0x3186,0x3186,0x31a7,0x31a7,0x3187,0x3186,0x31a7,0x39c7,0x39c7,
  0x3186,0x3186,0x31a6,0x31a6,0x39c7,0x41e7,0x4a28,0x5248,0x4208,0x4a28,0x4a07,0x39a6,0x31a6,0x3186,0x2965,0x2945,0x3186,0x3166,0x2945,0x2965,
  0x2965,0x3166,0x39a6,0x39a6,0x3186,0x2965,0x2925,0x2945,0x2124,0x18c3,0x18e3,0x2124,0x2945,0x2945,0x2124,0x2924,0x39a6,0x49e6,0x3185,0x2925,
  0x2124,0x2104,0x2124,0x2104,0x2104,0x2124,0x2124,0x2124,0x2104,0x2104,0x2104,0x2924,0x2104,0x18e3,0x18c3,0x18a3,0x1082,0x0861,0x0841,0x0020,
  0x0020,0x0020,0x0020,0x0000,0x0841,0x41c7,0x5269,0x4a49,0x4a29,0x5a89,0x5268,0x4a27,0x4a48,0x39c7,0x4207,0x41e7,0x3186,0x3186,0x39a7,0x39c7,
  0x39c7,0x2966,0x2124,0x3186,0x2965,0x31a6,0x4a28,0x3166,0x39a5,0x4a07,0x2104,0x2104,0x2124,0x2104,0x2945,0x39c7,0x3165,0x2925,0x2124,0x2124,
  0x2104,0x3186,0x39a6,0x2966,0x3186,0x2124,0x2124,0x2945,0x2104,0x2125,0x3186,0x3186,0x2945,0x39c7,0x62aa,0x41e7,0x18e4,0x2945,0x2945,0x2104,
  0x2104,0x2104,0x18c3,0x18c3,0x18c3,0x3986,0x2925,0x18e3,0x18e4,0x18e3,0x39a6,0x3165,0x18e3,0x2104,0x2924,0x2945,0x2124,0x18e3,0x18e3,0x2124,
  0x18a3,0x1904,0x2965,0x31a7,0x2945,0x2125,0x2945,0x2104,0x18c3,0x18c3,0x0861,0x2125,0x2104,0x18c3,0x10a3,0x2104,0x18e4,0x18c3,0x39a6,0x39a5,
  0x4a28,0x31a7,0x2104,0x2946,0x2104,0x2104,0x2125,0x2125,0x2125,0x2125,0x2125,0x2104,0x2104,0x2965,0x2124,0x18c3,0x18c3,0x2104,0x18e4,0x3165,
  0x39c6,0x39a6,0x2945,0x2104,0x2966,0x31a7,0x39e8,0x3186,0x2986,0x2986,0x2946,0x1904,0x2125,0x2125,0x2987,0x31a7,0x2946,0x2966,0x2145,0x18e3,
  0x3186,0x4229,0x2925,0x3186,0x2925,0x3186,0x3187,0x2945,0x3186,0x2945,0x2104,0x1904,0x2125,0x2945,0x2945,0x2966,0x4208,0x4a49,0x4208,0x31a7,
  0x31a7,0x2966,0x31a7,0x3186,0x2125,0x2966,0x3187,0x2945,0x2966,0x31a7,0x3186,0x39e8,0x39c7,0x39c8,0x4229,0x39c7,0x2965,0x2966,0x31a7,0x31a7,
  0x3186,0x3186,0x3186,0x3165,0x41e7,0x41e7,0x4208,0x4208,0x41e7,0x39c7,0x39c7,0x39e7,0x39e7,0x39c7,0x39a7,0x39c7,0x39a7,0x31a6,0x31a6,0x39c7,
  0x4208,0x4207,0x39c7,0x39c7,0x39a7,0x39a7,0x39c7,0x39a7,0x3186,0x31a7,0x39c7,0x39c7,0x31a7,0x39c7,0x39e7,0x39c7,0x3186,0x3166,0x3186,0x31a6,
  0x3186,0x3186,0x3186,0x31a6,0x39c7,0x39c7,0x4a08,0x4a28,0x41e7,0x4a07,0x41e7,0x3186,0x3166,0x39a6,0x3186,0x2965,0x2965,0x2945,0x2945,0x2945,
  0x2945,0x2945,0x2945,0x2945,0x3165,0x2945,0x2945,0x3165,0x3185,0x2104,0x20e3,0x2945,0x3165,0x2965,0x2945,0x2945,0x2965,0x2945,0x2924,0x2924,
  0x2924,0x2104,0x18e3,0x2104,0x2104,0x2104,0x2104,0x2104,0x18e3,0x18e3,0x2104,0x2924,0x2924,0x2103,0x18e3,0x18c2,0x10a2,0x1082,0x0841,0x0841,
  0x0840,0x0820,0x0820,0x0020,0x2924,0x4a28,0x5249,0x4208,0x62ea,0x41e7,0x5268,0x62ca,0x4a49,0x39a6,0x39e7,0x4208,0x39c7,0x3165,0x3186,0x3186,
  0x2945,0x2945,0x2965,0x41e7,0x2945,0x2965,0x39c7,0x39a6,0x3985,0x39c6,0x2965,0x2925,0x2104,0x2125,0x2125,0x2945,0x2124,0x2104,0x2965,0x2124,
  0x2124,0x31a6,0x2945,0x18e4,0x2944,0x3165,0x2945,0x3165,0x3186,0x2945,0x2965,0x3166,0x3186,0x3186,0x41e6,0x41c6,0x39a6,0x3165,0x2965,0x2124,
  0x2945,0x2104,0x2104,0x18c3,0x2104,0x2945,0x3165,0x2945,0x2124,0x3986,0x39a6,0x2104,0x18c3,0x18c3,0x18e3,0x18c3,0x18e3,0x18c3,0x18c3,0x18e3,
  0x18e3,0x18e3,0x2945,0x3166,0x2945,0x2125,0x18e4,0x10a2,0x18c3,0x20e4,0x10a2,0x18e4,0x2104,0x18e4,0x18e3,0x18c3,0x18e3,0x1904,0x2945,0x39c6,
  0x2104,0x18e3,0x2945,0x2986,0x18e3,0x18e3,0x18c3,0x18c3,0x1904,0x18e4,0x1904,0x18c3,0x10c3,0x2125,0x2945,0x2104,0x2125,0x18e4,0x2125,0x31a7,
  0x3165,0x39a6,0x41e7,0x2125,0x2945,0x31a7,0x2966,0x2966,0x2966,0x2966,0x2946,0x2125,0x2946,0x2145,0x3186,0x2986,0x2145,0x3186,0x2125,0x2125,
  0x2104,0x2125,0x2125,0x2125,0x2125,0x2946,0x39c8,0x2966,0x2125,0x2145,0x2104,0x1082,0x1082,0x18e4,0x31a7,0x31a7,0x39c7,0x39a7,0x3186,0x39c7,
  0x3186,0x2966,0x2945,0x31a7,0x39e8,0x2966,0x31a7,0x31c7,0x4208,0x39e8,0x2945,0x3186,0x31a7,0x39c7,0x39a7,0x4a49,0x31a7,0x2145,0x2945,0x2125,
  0x2966,0x39e8,0x31a7,0x31a7,0x4208,0x4207,0x41e7,0x41e7,0x39c7,0x39c7,0x39c7,0x41e7,0x39e7,0x39a7,0x39a7,0x31a6,0x3186,0x3186,0x31a6,0x41e7,
  0x5248,0x41e7,0x3166,0x2966,0x31a6,0x39c7,0x39a6,0x3186,0x2966,0x3186,0x39c7,0x39e7,0x39c7,0x39c7,0x39e7,0x31a6,0x3186,0x3186,0x3166,0x3186,
  0x3186,0x3166,0x3186,0x31a6,0x31a6,0x39a7,0x41e7,0x39c6,0x3186,0x39a6,0x3186,0x3186,0x3165,0x3186,0x3186,0x3186,0x3165,0x2945,0x2945,0x2945,
  0x2945,0x2965,0x2945,0x2125,0x2945,0x3165,0x2945,0x3165,0x39c6,0x39a6,0x3165,0x3165,0x3165,0x2945,0x2945,0x2945,0x2124,0x2104,0x2124,0x2945,
  0x2945,0x2124,0x20e4,0x2124,0x2124,0x2924,0x2124,0x18e3,0x18c3,0x18e3,0x2104,0x2924,0x2924,0x20e3,0x18c3,0x18c3,0x18a2,0x1082,0x0861,0x0841,
  0x0840,0x0841,0x0020,0x1082,0x4228,0x528a,0x39e7,0x62ca,0x732b,0x3186,0x4208,0x4a28,0x3186,0x31a6,0x41e7,0x4a49,0x39a6,0x39c7,0x3186,0x2945,
  0x2104,0x3186,0x3186,0x3185,0x2124,0x31a6,0x39c7,0x2104,0x2924,0x2945,0x3186,0x2945,0x2965,0x3185,0x2104,0x18c3,0x2104,0x3185,0x2945,0x3186,
  0x2966,0x2104,0x2125,0x2965,0x3166,0x2945,0x2945,0x39a6,0x2965,0x2125,0x2104,0x2104,0x2125,0x39a6,0x49e6,0x2945,0x3166,0x2945,0x3165,0x2945,
  0x18e3,0x18e3,0x2945,0x2104,0x18e3,0x2104,0x2965,0x18c3,0x2104,0x3165,0x20e3,0x18e3,0x18e4,0x18c3,0x10a2,0x18c3,0x2945,0x2124,0x18e4,0x18c3,
  0x2104,0x18e4,0x10a3,0x2104,0x18e4,0x1082,0x1082,0x18c3,0x2965,0x20e4,0x18e3,0x10a2,0x2104,0x18c3,0x10a3,0x18a3,0x2104,0x2104,0x18e4,0x18e3,
  0x2104,0x2124,0x31a7,0x3186,0x2966,0x18e4,0x18e4,0x2104,0x18e4,0x1082,0x0862,0x0861,0x10c3,0x18e4,0x2104,0x39c7,0x3186,0x2966,0x2946,0x18e4,
  0x2925,0x4208,0x41e7,0x39a7,0x3186,0x31c7,0x2966,0x2145,0x18e4,0x18e4,0x1904,0x2145,0x2966,0x18e4,0x2966,0x31a7,0x2104,0x2145,0x2124,0x2966,
  0x2966,0x31a7,0x2125,0x2966,0x2966,0x18e4,0x2125,0x2125,0x18e4,0x2125,0x2945,0x2104,0x2104,0x2945,0x31a7,0x2145,0x39c7,0x2966,0x2125,0x3187,
  0x2986,0x4208,0x4208,0x31c7,0x39a7,0x4208,0x3186,0x31a7,0x39e8,0x3187,0x2966,0x3186,0x31a7,0x3186,0x39c7,0x4209,0x39c8,0x31a7,0x2966,0x2945,
  0x2945,0x2966,0x41e8,0x31a7,0x39a7,0x41e7,0x39e7,0x39c7,0x39c7,0x39c7,0x41e7,0x4208,0x41e7,0x39c7,0x39e7,0x31a6,0x31a6,0x39c7,0x41e7,0x41e7,
  0x41e7,0x39a6,0x2966,0x3186,0x39c7,0x3186,0x2966,0x2945,0x2145,0x2945,0x2966,0x2966,0x2966,0x31a7,0x31a6,0x2966,0x3186,0x3186,0x2966,0x3186,
  0x3186,0x3166,0x3186,0x39c7,0x39c7,0x39c7,0x39c7,0x39a6,0x3186,0x39a6,0x3186,0x39a6,0x2965,0x2945,0x3166,0x3165,0x2925,0x2945,0x2965,0x2945,
  0x2925,0x2925,0x2104,0x2104,0x2124,0x2945,0x2945,0x2124,0x3165,0x39a6,0x3165,0x2925,0x2925,0x2125,0x2104,0x2104,0x2124,0x2104,0x2104,0x2924,
  0x2944,0x2124,0x2124,0x2944,0x2945,0x2965,0x2924,0x2104,0x18e3,0x18e3,0x20e3,0x20e3,0x20e3,0x18c3,0x18c3,0x18c3,0x18c2,0x10a2,0x1061,0x0841,
  0x0840,0x0841,0x0020,0x2945,0x4a28,0x4a28,0x4208,0x6b0b,0x4a28,0x39c7,0x4a28,0x4a28,0x3186,0x3186,0x3186,0x39a6,0x39c6,0x5269,0x2104,0x2945,
  0x2945,0x3186,0x41e7,0x2945,0x3186,0x39e7,0x41e7,0x2103,0x3165,0x3165,0x39a6,0x39a6,0x3186,0x3165,0x2124,0x18e4,0x2104,0x2945,0x3185,0x2945,
  0x2965,0x2124,0x2104,0x2104,0x2965,0x2945,0x2965,0x2945,0x2104,0x18e4,0x2104,0x2145,0x41e7,0x4a07,0x2945,0x2124,0x2124,0x2125,0x2104,0x39a6,
  0x2945,0x2124,0x41e7,0x2104,0x18c3,0x18e4,0x18c3,0x20e3,0x2924,0x2945,0x18e3,0x18c3,0x2965,0x18e3,0x18c3,0x18e4,0x2124,0x18e3,0x2104,0x20e4,
  0x18c3,0x10a3,0x10a2,0x10a2,0x10a3,0x18c3,0x18e4,0x2945,0x2945,0x18c3,0x1082,0x0862,0x18e3,0x18e3,0x18e3,0x18e4,0x18e4,0x18e4,0x18c3,0x18e3,
  0x2966,0x39e8,0x39a7,0x39c6,0x39e7,0x2125,0x3165,0x41e7,0x2104,0x10a2,0x2104,0x10a3,0x2104,0x2104,0x2125,0x39c7,0x39c7,0x2125,0x18e4,0x18e4,
  0x1904,0x2966,0x5269,0x39a6,0x2104,0x2125,0x2125,0x2946,0x2145,0x2145,0x2966,0x31c8,0x2146,0x2125,0x2966,0x2945,0x2125,0x2125,0x18c3,0x2125,
  0x2966,0x4208,0x39e8,0x2945,0x2104,0x2125,0x2125,0x2104,0x18e4,0x10a3,0x2125,0x39c7,0x39e7,0x4a49,0x3186,0x2125,0x2945,0x2966,0x2966,0x2966,
  0x31a7,0x4208,0x31a7,0x3187,0x4229,0x31a7,0x31a7,0x4229,0x2966,0x3187,0x2945,0x2966,0x39c7,0x31a7,0x3186,0x3186,0x2145,0x39c7,0x3186,0x31a7,
  0x2966,0x18e4,0x2966,0x31a7,0x31a7,0x31a7,0x39c7,0x39c7,0x39c7,0x39a6,0x39c7,0x4208,0x4208,0x4a08,0x4207,0x31a6,0x3186,0x39c7,0x41e7,0x31a7,
  0x3186,0x3186,0x39a6,0x41e7,0x41e7,0x3165,0x2966,0x3186,0x2966,0x2966,0x2965,0x2125,0x2945,0x31a7,0x39c7,0x2966,0x2966,0x3166,0x2965,0x3186,
  0x39a6,0x3186,0x2966,0x3186,0x31a6,0x3186,0x3186,0x39c7,0x39a6,0x39a6,0x3165,0x2965,0x2125,0x2945,0x39a6,0x3185,0x2925,0x3186,0x39a6,0x3165,
  0x2925,0x2124,0x2104,0x20e4,0x2925,0x3165,0x2945,0x20e4,0x2104,0x2945,0x2124,0x2104,0x2104,0x2104,0x2104,0x2104,0x2104,0x2104,0x2104,0x2104,
  0x2104,0x2924,0x3145,0x3165,0x2945,0x2924,0x2924,0x2104,0x20e4,0x20e3,0x2103,0x18e3,0x18c3,0x18a3,0x18c3,0x18c3,0x18c2,0x10a2,0x1082,0x0841,
  0x0841,0x0020,0x1082,0x41e7,0x5269,0x5269,0x41e7,0x4207,0x31a7,0x31a6,0x4208,0x39c7,0x31a7,0x31a6,0x3186,0x3186,0x4a28,0x2965,0x2104,0x3166,
  0x2945,0x3186,0x31a7,0x2965,0x2965,0x2965,0x4a27,0x41c6,0x20e3,0x2124,0x2104,0x18c3,0x2104,0x3185,0x39a6,0x3186,0x3166,0x39a6,0x41c6,0x2104,
  0x2104,0x2945,0x3165,0x2104,0x2965,0x3165,0x2945,0x2124,0x2124,0x2104,0x2104,0x2965,0x39a5,0x2103,0x10a3,0x2104,0x2945,0x2104,0x18e4,0x2104,
  0x2104,0x2925,0x2945,0x18e3,0x2104,0x18e4,0x18e3,0x3185,0x2924,0x2104,0x18e3,0x2924,0x39c6,0x2945,0x18c3,0x10a2,0x18e3,0x1082,0x10a3,0x20e4,
  0x18c3,0x18c3,0x10a3,0x18c3,0x18c3,0x18e4,0x2104,0x18c3,0x18c3,0x10a2,0x18c3,0x2104,0x10a3,0x2104,0x18e3,0x2104,0x18c3,0x18c3,0x10a3,0x18c3,
  0x2104,0x3186,0x39a6,0x39a6,0x2104,0x20e4,0x2124,0x2945,0x10a3,0x18c3,0x2104,0x18e4,0x31a7,0x2104,0x2105,0x39e8,0x3186,0x18e4,0x2945,0x2125,
  0x1904,0x3186,0x39e7,0x31a7,0x2945,0x2966,0x2945,0x2945,0x2966,0x2104,0x2104,0x2966,0x2966,0x2125,0x2125,0x2125,0x18e4,0x2104,0x39c7,0x39c7,
  0x2945,0x18e4,0x2125,0x31a7,0x2125,0x3186,0x2945,0x1082,0x2104,0x2946,0x20e4,0x5aaa,0x39a6,0x39c7,0x4208,0x18e3,0x18e3,0x2945,0x2966,0x2966,
  0x2945,0x3186,0x2966,0x39e8,0x3186,0x2946,0x39c7,0x39e8,0x4229,0x4208,0x4208,0x31a7,0x31c7,0x31a7,0x31a7,0x41e8,0x18e3,0x31a7,0x39e8,0x31a7,
  0x3186,0x2945,0x2125,0x2966,0x3186,0x2966,0x2966,0x39c7,0x39a6,0x31a6,0x41e7,0x4a28,0x5248,0x4a08,0x39c7,0x2966,0x3186,0x39c7,0x39c7,0x3186,
  0x2965,0x2966,0x39a6,0x41e7,0x39a6,0x2965,0x3186,0x39c7,0x39a7,0x39c7,0x3186,0x2125,0x2945,0x3186,0x3186,0x2965,0x2945,0x2945,0x3186,0x39a6,
  0x3186,0x2966,0x2966,0x2965,0x2965,0x3186,0x2966,0x3186,0x3165,0x2945,0x2945,0x2925,0x2945,0x2965,0x2945,0x2925,0x2925,0x3165,0x39a6,0x3165,
  0x2945,0x2924,0x2924,0x2124,0x2945,0x2945,0x2924,0x2104,0x2925,0x2924,0x2104,0x2104,0x2104,0x2104,0x2104,0x2104,0x20e4,0x2104,0x2104,0x20e3,
  0x18e3,0x2924,0x3985,0x3164,0x2924,0x2104,0x20e3,0x18e3,0x20e3,0x18e3,0x18e3,0x18e3,0x18c3,0x10a2,0x18a2,0x18c2,0x18a2,0x10a2,0x1082,0x0861,
  0x0841,0x0020,0x2924,0x4a49,0x62ca,0x41e7,0x39e7,0x39e7,0x39c7,0x39e7,0x39e7,0x39c7,0x3186,0x2965,0x3186,0x41c7,0x39a6,0x2125,0x39c7,0x3165,
  0x39a6,0x31a6,0x2966,0x2945,0x2965,0x41c6,0x39a5,0x18a2,0x10a2,0x2124,0x2104,0x18e3,0x2965,0x39a6,0x2965,0x3186,0x2945,0x3185,0x2924,0x2124,
  0x18e3,0x3165,0x3165,0x2945,0x2945,0x2104,0x2124,0x2104,0x2124,0x18c3,0x10a2,0x3985,0x3165,0x10c3,0x18c3,0x2104,0x2104,0x18e3,0x18e4,0x2124,
  0x2124,0x2104,0x18c3,0x2104,0x18c3,0x18c3,0x18e3,0x20e3,0x2104,0x20e3,0x18e4,0x39c7,0x3145,0x2945,0x18e3,0x18c3,0x2924,0x18c3,0x10a3,0x18c3,
  0x1082,0x10a2,0x1082,0x10a3,0x18c3,0x10a3,0x18c3,0x10a3,0x10a3,0x1082,0x2945,0x2966,0x18c3,0x2965,0x3165,0x2945,0x2965,0x2124,0x1904,0x10c3,
  0x1082,0x18c3,0x2124,0x2124,0x2104,0x2124,0x2925,0x2966,0x2104,0x18c3,0x1082,0x18c3,0x2945,0x2104,0x31c7,0x3186,0x2125,0x2104,0x3186,0x2125,
  0x2986,0x3187,0x2125,0x2966,0x2125,0x3186,0x39c7,0x39c7,0x3186,0x2145,0x2965,0x2966,0x2966,0x1904,0x18c3,0x2125,0x18c3,0x2104,0x4a28,0x4208,
  0x31a6,0x18c3,0x2125,0x2145,0x18c3,0x18e3,0x2124,0x2966,0x2966,0x2104,0x2104,0x3186,0x3186,0x2945,0x2945,0x10a2,0x2124,0x3186,0x39c7,0x3186,
  0x39e8,0x31a7,0x39c7,0x3186,0x2104,0x2145,0x2145,0x2966,0x4208,0x4229,0x3166,0x39c7,0x3a08,0x3186,0x2125,0x3186,0x2945,0x2945,0x31a7,0x39a7,
  0x3186,0x2945,0x2945,0x2966,0x2965,0x3186,0x2966,0x31a7,0x39a7,0x39c7,0x4207,0x4a28,0x4a08,0x39c7,0x3186,0x3186,0x3186,0x3186,0x3186,0x3186,
  0x2945,0x2945,0x2965,0x2965,0x2925,0x2945,0x2966,0x39c7,0x4207,0x41e7,0x3186,0x2965,0x3186,0x3166,0x2945,0x2945,0x2966,0x3186,0x3186,0x39a6,
  0x31a6,0x2965,0x3186,0x2966,0x2965,0x2945,0x2945,0x2924,0x2965,0x2945,0x2125,0x2945,0x2945,0x2965,0x2124,0x2124,0x2925,0x2124,0x2124,0x2104,
  0x2104,0x2104,0x2924,0x3165,0x2945,0x2104,0x2104,0x2104,0x2124,0x2124,0x2104,0x2124,0x2104,0x20e4,0x2104,0x2104,0x2104,0x18e4,0x18e3,0x20e3,
  0x18e3,0x2104,0x3144,0x2924,0x20e3,0x18e3,0x18e3,0x18e3,0x18e3,0x18e3,0x18c3,0x18c3,0x18c3,0x18a2,0x10a2,0x10a2,0x10a2,0x1082,0x1082,0x1061,
  0x0841,0x0861,0x39c7,0x5269,0x4a28,0x39a6,0x4228,0x39e7,0x41e7,0x39e7,0x4208,0x31a6,0x39c7,0x31a6,0x41c7,0x2965,0x2925,0x41e7,0x41e7,0x39a6,
  0x39c7,0x31a6,0x2965,0x18e4,0x10a2,0x3144,0x18c2,0x10a3,0x3186,0x2924,0x2945,0x2965,0x3186,0x2945,0x41c6,0x2944,0x2104,0x2104,0x18c3,0x2124,
  0x2104,0x2104,0x2124,0x2124,0x2945,0x39a6,0x3185,0x3165,0x3164,0x2103,0x3165,0x41c6,0x3165,0x18e3,0x10a3,0x18e3,0x18e4,0x18e4,0x2104,0x2965,
  0x20e4,0x18e3,0x2124,0x2104,0x18c3,0x18e3,0x18c3,0x18c3,0x2104,0x2124,0x18e3,0x20e3,0x18e3,0x2124,0x2104,0x2104,0x2104,0x18e4,0x2104,0x18c3,
  0x10c3,0x10a3,0x10c3,0x10a2,0x18c3,0x18c3,0x18c3,0x18e3,0x18c3,0x18c3,0x2104,0x1082,0x0861,0x2925,0x2945,0x2104,0x18e4,0x18e3,0x2104,0x2124,
  0x2924,0x2104,0x18e4,0x2124,0x2924,0x2945,0x31a6,0x39a6,0x3185,0x2104,0x2125,0x2966,0x2125,0x18e3,0x2966,0x2125,0x18e4,0x18c3,0x2104,0x31a7,
  0x31a7,0x2945,0x1904,0x2104,0x18e4,0x2925,0x39c7,0x41e7,0x2945,0x2125,0x39c8,0x31c7,0x2125,0x2986,0x2945,0x2945,0x2145,0x2104,0x2945,0x3186,
  0x2945,0x2945,0x2104,0x18e4,0x2145,0x18e4,0x10a3,0x3186,0x2966,0x2125,0x3187,0x2145,0x2125,0x2125,0x18e4,0x10c3,0x2104,0x2945,0x3186,0x3186,
  0x2125,0x2945,0x2125,0x2104,0x2145,0x2945,0x3186,0x2986,0x2986,0x2946,0x2966,0x2966,0x2966,0x39c7,0x3186,0x31a7,0x3186,0x2125,0x3186,0x3186,
  0x2966,0x3186,0x2945,0x31a7,0x2145,0x2945,0x3186,0x3186,0x39a7,0x41c7,0x39c6,0x39c6,0x39a6,0x3186,0x3186,0x3186,0x3186,0x2965,0x2965,0x3186,
  0x3165,0x3165,0x2965,0x2925,0x2125,0x2945,0x2966,0x31a6,0x41c7,0x39a6,0x3166,0x39c6,0x41e7,0x2966,0x2945,0x3165,0x39a6,0x3166,0x2945,0x2945,
  0x2945,0x2945,0x2965,0x2965,0x2965,0x2965,0x2945,0x2945,0x3165,0x2945,0x2125,0x2945,0x2945,0x2945,0x2125,0x2945,0x3165,0x2945,0x2925,0x2104,
  0x18e4,0x2124,0x2945,0x3185,0x2945,0x2104,0x2124,0x2124,0x20e4,0x18e3,0x2104,0x2104,0x2104,0x2104,0x20e4,0x18e4,0x20e3,0x20e3,0x2104,0x2104,
  0x20e4,0x2103,0x2124,0x2103,0x18c3,0x18c3,0x18c3,0x18e3,0x18e3,0x18c3,0x18c3,0x18c3,0x18c3,0x18c2,0x10a2,0x1082,0x1082,0x1082,0x1082,0x1061,
  0x0841,0x20e3,0x5248,0x4a28,0x39a6,0x39a6,0x4208,0x39c7,0x39e7,0x4a49,0x39c7,0x3186,0x39c7,0x3186,0x2965,0x2945,0x3166,0x41c7,0x41c6,0x3186,
  0x3186,0x39c7,0x2966,0x2924,0x3165,0x2944,0x3186,0x2945,0x3185,0x3186,0x2104,0x2945,0x2965,0x2104,0x3985,0x3145,0x3986,0x2965,0x2125,0x2104,
  0x3165,0x18e3,0x2104,0x2945,0x39a6,0x5227,0x3985,0x3144,0x3164,0x4a28,0x5a89,0x39a7,0x2125,0x2104,0x2104,0x2104,0x2124,0x18c3,0x2104,0x2945,
  0x2104,0x18e3,0x18e3,0x2944,0x2124,0x2124,0x3165,0x2944,0x2924,0x18e3,0x18c3,0x18e3,0x18e3,0x2124,0x2124,0x2104,0x18e3,0x18e3,0x2104,0x20e3,
  0x18c3,0x18c3,0x10a3,0x18c3,0x18c3,0x18c3,0x1082,0x18c3,0x18c3,0x10a2,0x18c3,0x10a3,0x18c3,0x10a3,0x10a3,0x2124,0x18e3,0x18c3,0x18e4,0x2124,
  0x2944,0x2124,0x18e4,0x2945,0x2925,0x2125,0x2965,0x3165,0x39a6,0x41c6,0x2945,0x18e4,0x2125,0x2125,0x1904,0x18e4,0x2105,0x18c3,0x2966,0x2966,
  0x2125,0x2125,0x18c3,0x2125,0x2105,0x2145,0x2966,0x39c6,0x3165,0x3166,0x2945,0x2125,0x2104,0x2966,0x2986,0x2145,0x18e4,0x2945,0x2986,0x2966,
  0x2125,0x2965,0x2965,0x2104,0x2125,0x1904,0x10a3,0x18c3,0x2125,0x2966,0x31c8,0x2104,0x2125,0x2945,0x2966,0x2945,0x18e4,0x2104,0x41e7,0x39a7,
  0x2125,0x2125,0x2125,0x31a7,0x39a7,0x39c7,0x2125,0x2125,0x2966,0x2125,0x2945,0x1904,0x2966,0x3186,0x2125,0x31a7,0x31a7,0x3166,0x18e4,0x2104,
  0x2966,0x39e8,0x2966,0x3186,0x3186,0x2125,0x2125,0x2125,0x3166,0x31a6,0x3185,0x3186,0x3186,0x2945,0x2945,0x2965,0x2965,0x3166,0x3186,0x3186,
  0x39c6,0x3986,0x2945,0x2125,0x2125,0x2945,0x2945,0x2945,0x2945,0x2945,0x3165,0x39c6,0x3186,0x2945,0x2965,0x3165,0x3186,0x2945,0x2945,0x2124,
  0x2925,0x2945,0x2924,0x2924,0x2945,0x2945,0x2924,0x2124,0x2104,0x2104,0x2124,0x2124,0x2124,0x2924,0x2925,0x2124,0x2945,0x2965,0x2945,0x2104,
  0x2104,0x2124,0x2945,0x2945,0x2124,0x18e4,0x2104,0x2104,0x18e4,0x18e3,0x18e3,0x18e4,0x2104,0x2104,0x2104,0x18e3,0x20e3,0x20e4,0x2104,0x2104,
  0x2104,0x2104,0x2924,0x2103,0x18c3,0x18c3,0x18c3,0x18c3,0x18c3,0x18c3,0x18a2,0x18a2,0x18a2,0x18c2,0x10a2,0x1082,0x1082,0x1082,0x1082,0x1061,
  0x0861,0x39a6,0x5269,0x4a08,0x31a6,0x41e7,0x4208,0x39a6,0x4208,0x39e7,0x3186,0x39c6,0x2965,0x2945,0x3186,0x3186,0x2965,0x39c7,0x5248,0x3186,
  0x2945,0x3185,0x3165,0x41e7,0x4a07,0x41e7,0x3186,0x3185,0x2965,0x2124,0x39a6,0x39c7,0x2124,0x18e3,0x2104,0x39a6,0x39c6,0x39a6,0x2945,0x2124,
  0x2925,0x2124,0x2124,0x41e6,0x3985,0x2924,0x3165,0x3165,0x18e3,0x2925,0x3166,0x2104,0x2104,0x2124,0x2945,0x18e4,0x18e4,0x2104,0x2945,0x2925,
  0x18e3,0x18e3,0x10c3,0x2103,0x2124,0x31a6,0x41c6,0x2944,0x2124,0x18e3,0x2124,0x2104,0x18c3,0x18e3,0x18e4,0x18e4,0x20e4,0x2104,0x18c3,0x10a2,
  0x10a2,0x10a2,0x1082,0x10a3,0x18e4,0x18e4,0x1082,0x0841,0x0861,0x10a2,0x18c3,0x18c3,0x18c3,0x18c3,0x18c3,0x18e3,0x18e3,0x31a6,0x2925,0x18e4,
  0x18e4,0x2966,0x2104,0x18e4,0x18c3,0x18e4,0x2125,0x3186,0x3186,0x3185,0x2124,0x2104,0x2966,0x2125,0x2125,0x2945,0x31a7,0x2125,0x2125,0x10a3,
  0x2125,0x2945,0x18e4,0x2966,0x2966,0x2986,0x18e4,0x2104,0x2925,0x4208,0x2965,0x1082,0x2104,0x2125,0x18e4,0x18c3,0x1062,0x10a3,0x2125,0x18c3,
  0x2104,0x39c7,0x41e7,0x3186,0x2104,0x31a7,0x3186,0x18e4,0x2125,0x2125,0x1904,0x18e4,0x2104,0x2125,0x2945,0x39a7,0x39e7,0x3186,0x2966,0x3186,
  0x2945,0x18e4,0x2104,0x2104,0x3166,0x3186,0x2104,0x2945,0x39e8,0x2966,0x3186,0x2945,0x31a7,0x2986,0x2125,0x31a7,0x3186,0x2966,0x2945,0x2104,
  0x2945,0x3166,0x31a7,0x3186,0x3186,0x2966,0x2145,0x2124,0x2125,0x3186,0x3186,0x3185,0x2965,0x2125,0x2945,0x2945,0x2965,0x2945,0x2945,0x3186,
  0x3186,0x2124,0x2124,0x2945,0x2945,0x2925,0x2945,0x2125,0x2124,0x3165,0x2965,0x2124,0x2104,0x2125,0x2945,0x2945,0x2945,0x2945,0x2124,0x2945,
  0x3165,0x2965,0x2945,0x2945,0x3165,0x2124,0x18c3,0x18a2,0x18a2,0x18e3,0x2104,0x2945,0x2945,0x2945,0x2945,0x2104,0x18e4,0x2124,0x2944,0x2124,
  0x2104,0x20e4,0x18e4,0x18e3,0x18e3,0x18e4,0x18e4,0x18e3,0x18e4,0x18e3,0x18e3,0x18e3,0x18e4,0x20e4,0x20e4,0x2104,0x2104,0x2104,0x2124,0x2924,
  0x2103,0x20e3,0x2103,0x2104,0x2103,0x18e3,0x18c3,0x18e3,0x18e3,0x18c3,0x18c2,0x10a2,0x10a2,0x10a2,0x10a2,0x1082,0x1082,0x1061,0x1081,0x0841,
  0x18c3,0x4a48,0x4207,0x39c7,0x39e7,0x4208,0x41e7,0x39a6,0x41e7,0x3186,0x31a6,0x39c7,0x3186,0x2125,0x3186,0x3186,0x3166,0x39a6,0x31a6,0x31a6,
  0x39a6,0x3165,0x3165,0x41c6,0x39a6,0x39a6,0x2924,0x2124,0x2965,0x2924,0x4a07,0x2965,0x20e4,0x18e3,0x2104,0x2124,0x2104,0x2945,0x2945,0x3165,
  0x2945,0x2125,0x39c6,0x41c6,0x18c3,0x20e3,0x3985,0x2924,0x18e4,0x2945,0x2945,0x2124,0x2104,0x18e3,0x2124,0x1904,0x1904,0x2104,0x2104,0x18e3,
  0x2925,0x2965,0x18c3,0x18e4,0x18e4,0x2945,0x3165,0x18e3,0x18e3,0x2124,0x2104,0x2104,0x18e3,0x10a2,0x10a2,0x18c3,0x18e3,0x2104,0x18e3,0x18e3,
  0x1082,0x0862,0x1082,0x1082,0x18c3,0x10a3,0x1082,0x0861,0x10a2,0x10a2,0x0861,0x0861,0x10a2,0x18c3,0x18c3,0x10a3,0x18e3,0x2104,0x18e3,0x18e4,
  0x2945,0x18e4,0x1082,0x2945,0x2945,0x18c3,0x2104,0x2945,0x2945,0x20e4,0x10a2,0x18c3,0x3186,0x18e4,0x18e4,0x18e4,0x2104,0x2945,0x2125,0x18e4,
  0x2125,0x2945,0x2104,0x10a3,0x2104,0x2104,0x18e4,0x18c3,0x1904,0x2966,0x2125,0x10a3,0x18c3,0x2125,0x1082,0x1062,0x10a2,0x2966,0x2145,0x10a3,
  0x3186,0x31a7,0x18c3,0x2124,0x31a7,0x39c8,0x2986,0x2104,0x31a7,0x2104,0x2125,0x2125,0x18e4,0x2125,0x2145,0x4208,0x39a7,0x2104,0x18e3,0x2104,
  0x2104,0x10a3,0x2104,0x2125,0x18e3,0x2125,0x2966,0x2945,0x2966,0x39c7,0x31a7,0x2966,0x2125,0x31a7,0x3186,0x2966,0x2945,0x2945,0x2966,0x2125,
  0x2966,0x2966,0x2125,0x2945,0x31a7,0x3186,0x3186,0x2125,0x2945,0x3186,0x31a6,0x3165,0x2945,0x2124,0x2925,0x3165,0x2945,0x2104,0x2124,0x2945,
  0x2104,0x18e4,0x2104,0x3165,0x3985,0x2945,0x2924,0x2124,0x2945,0x3186,0x2125,0x2104,0x2104,0x2925,0x2945,0x2124,0x2124,0x2924,0x2124,0x2945,
  0x3185,0x3185,0x3165,0x3165,0x3185,0x2103,0x0861,0x0861,0x18c3,0x2104,0x2924,0x2944,0x2924,0x2104,0x2104,0x20e4,0x2104,0x2944,0x2924,0x2924,
  0x2104,0x18e3,0x18e3,0x18c3,0x18e3,0x2104,0x18e3,0x18c3,0x18e3,0x18e3,0x18e3,0x18e3,0x18e3,0x18e3,0x18e3,0x18e3,0x18e3,0x2104,0x3144,0x2924,
  0x20e3,0x18c3,0x18c3,0x2103,0x2904,0x2103,0x20e3,0x2103,0x2103,0x20e3,0x18c3,0x10a2,0x10a2,0x1082,0x1082,0x1082,0x1061,0x1061,0x0861,0x0861,
  0x3185,0x4207,0x39a6,0x4a28,0x4208,0x4a48,0x39c7,0x3186,0x3186,0x2945,0x41e7,0x39c6,0x2124,0x3186,0x31a6,0x3186,0x31a6,0x2965,0x2125,0x3186,
  0x31a6,0x2945,0x41e7,0x3985,0x3165,0x2945,0x2925,0x2125,0x3165,0x41e7,0x2945,0x2125,0x2124,0x2104,0x2945,0x1904,0x2124,0x2104,0x2124,0x2944,
  0x3186,0x41e7,0x5248,0x39a6,0x20e3,0x41c5,0x39a5,0x18e3,0x18e3,0x2945,0x3186,0x2965,0x2125,0x18e3,0x2104,0x2945,0x2945,0x2124,0x2104,0x18c3,
  0x18e4,0x18e3,0x2124,0x2924,0x18e3,0x2104,0x2104,0x18c3,0x2104,0x20e3,0x18e3,0x2104,0x10a3,0x18c3,0x18c3,0x18e3,0x2944,0x2924,0x18e3,0x18e3,
  0x10a3,0x18c3,0x10a2,0x1082,0x1082,0x10a2,0x10a2,0x0861,0x0841,0x1082,0x0841,0x0841,0x1082,0x18c3,0x18a3,0x18e3,0x2104,0x18e3,0x18e4,0x2124,
  0x18e4,0x10a3,0x20e4,0x3186,0x3186,0x18e3,0x18c3,0x18c3,0x18c3,0x10a3,0x0882,0x18e3,0x2125,0x18e4,0x18e4,0x18e4,0x2124,0x2966,0x2125,0x18e3,
  0x18c3,0x10a3,0x18e4,0x18e4,0x18c3,0x18c3,0x2125,0x2945,0x2104,0x2966,0x3186,0x2125,0x2125,0x2965,0x18c3,0x0862,0x18e4,0x2986,0x2945,0x2104,
  0x39c7,0x31a7,0x10a3,0x3166,0x4208,0x2966,0x2966,0x31c7,0x2966,0x18c3,0x10a3,0x18e4,0x18e4,0x2966,0x2946,0x2966,0x2945,0x2104,0x18e4,0x2104,
  0x18e4,0x2104,0x2125,0x2945,0x1904,0x18e4,0x2125,0x2125,0x2125,0x2125,0x2125,0x2125,0x2945,0x2945,0x2104,0x2125,0x2945,0x2945,0x31a7,0x2125,
  0x2966,0x2966,0x2945,0x2945,0x3166,0x31a7,0x3186,0x2945,0x2104,0x2966,0x3186,0x2966,0x2965,0x3165,0x2945,0x3185,0x2965,0x2124,0x2124,0x2924,
  0x2104,0x2104,0x2124,0x2945,0x3165,0x2924,0x2104,0x2104,0x2965,0x2965,0x2104,0x2124,0x2945,0x2924,0x2124,0x2104,0x2124,0x2944,0x2104,0x2104,
  0x2945,0x3165,0x2944,0x2944,0x3965,0x2903,0x10a2,0x18c3,0x2945,0x3185,0x3165,0x2944,0x2104,0x2104,0x20e4,0x2104,0x2104,0x2104,0x20e4,0x2104,
  0x2104,0x18e3,0x18c3,0x18c3,0x18e3,0x18e3,0x18e3,0x18c3,0x18e3,0x20e3,0x20e4,0x20e3,0x20e3,0x2104,0x2103,0x18c3,0x18c3,0x2924,0x2924,0x20e3,
  0x18c3,0x18c3,0x18c3,0x18e3,0x2103,0x20e3,0x20e3,0x2103,0x20e3,0x18e3,0x18c2,0x10a2,0x1082,0x1082,0x1082,0x1061,0x0861,0x1061,0x0841,0x10a2,
  0x4207,0x39c6,0x39a6,0x4208,0x41e7,0x4a28,0x39c7,0x3186,0x2945,0x3186,0x41e7,0x2104,0x2966,0x3186,0x31a6,0x39a6,0x3186,0x3165,0x2124,0x2124,
  0x3186,0x31a6,0x49e7,0x41c6,0x2124,0x2124,0x3186,0x2966,0x2945,0x2945,0x2124,0x2945,0x2944,0x4a07,0x3186,0x2104,0x2104,0x18c3,0x2125,0x2924,
  0x3186,0x39a6,0x41c6,0x41e7,0x5228,0x4a27,0x2965,0x2124,0x2104,0x2965,0x2945,0x2945,0x2104,0x18e4,0x2104,0x4a07,0x2945,0x18e4,0x2104,0x18e4,
  0x18c3,0x2104,0x2965,0x2104,0x2104,0x18e3,0x18c3,0x18c3,0x18c3,0x18c3,0x20e4,0x18c3,0x10a2,0x18e3,0x18e4,0x2124,0x2944,0x18c3,0x18c3,0x18c3,
  0x1082,0x10a3,0x10a2,0x18c3,0x10a3,0x10a2,0x18a2,0x1062,0x0861,0x1082,0x2104,0x18c3,0x10a2,0x0861,0x0861,0x1082,0x2945,0x18c3,0x10a3,0x10a2,
  0x1082,0x2104,0x3165,0x2104,0x0862,0x1082,0x18e3,0x2104,0x18c3,0x10a3,0x2104,0x2924,0x10a3,0x1082,0x18c3,0x2104,0x2145,0x2125,0x2104,0x2125,
  0x0862,0x0882,0x2104,0x2145,0x18e4,0x10a3,0x18c3,0x2125,0x1904,0x18e4,0x18c3,0x2104,0x1904,0x2104,0x3165,0x2945,0x3165,0x31a6,0x2124,0x2145,
  0x2125,0x2945,0x2125,0x41e8,0x2945,0x2125,0x2125,0x2125,0x2125,0x18c3,0x10a2,0x18c3,0x2125,0x2945,0x2966,0x2104,0x2125,0x2104,0x18e4,0x2104,
  0x2945,0x2125,0x2125,0x2104,0x2145,0x18e4,0x1904,0x10a3,0x18e4,0x18e4,0x1904,0x31a7,0x2966,0x2124,0x18c3,0x18c3,0x2946,0x31a7,0x39c7,0x2965,
  0x2104,0x2966,0x3186,0x2965,0x2104,0x2104,0x39c7,0x31a6,0x2945,0x2104,0x2965,0x3186,0x2945,0x2945,0x2945,0x2924,0x2124,0x2104,0x2104,0x2104,
  0x2124,0x2945,0x2124,0x2104,0x20e4,0x2104,0x2924,0x2924,0x2124,0x2104,0x2104,0x2925,0x3185,0x2924,0x18e3,0x20e3,0x2104,0x2104,0x2104,0x2124,
  0x2104,0x2104,0x2924,0x2924,0x3164,0x3144,0x2944,0x2944,0x3165,0x3165,0x2944,0x2924,0x18e3,0x18c3,0x18e3,0x2104,0x2104,0x18c3,0x18c3,0x18c3,
  0x18e3,0x18c3,0x18c3,0x18c3,0x18e3,0x18c3,0x18c3,0x18c3,0x18c3,0x18e3,0x18e3,0x18e3,0x18e3,0x2104,0x2924,0x20e3,0x20e3,0x2103,0x20e3,0x18c3,
  0x18c3,0x18c3,0x18c3,0x18c3,0x18c3,0x18c3,0x18c3,0x18c3,0x18c3,0x18c2,0x18a2,0x1082,0x1082,0x1082,0x1061,0x0861,0x0861,0x0861,0x0841,0x2104,
  0x5268,0x41c6,0x39c7,0x39c7,0x4a28,0x4207,0x2966,0x2945,0x41e7,0x2965,0x2124,0x2965,0x39c7,0x2966,0x3186,0x2945,0x2965,0x2924,0x2104,0x2124,
  0x10c3,0x2104,0x49e7,0x41e7,0x2945,0x2945,0x2124,0x3166,0x2965,0x2124,0x2104,0x2945,0x39a6,0x3985,0x3185,0x2104,0x2924,0x2124,0x2124,0x2945,
  0x2965,0x2945,0x2944,0x39a6,0x41e7,0x2945,0x18c3,0x2104,0x3186,0x2104,0x10a2,0x18e4,0x2125,0x3186,0x2925,0x2924,0x2104,0x2104,0x2104,0x2124,
  0x2945,0x2124,0x20e3,0x18c3,0x2104,0x2104,0x18e3,0x3165,0x2944,0x18c3,0x10a3,0x18e3,0x2104,0x18e3,0x18c3,0x18e4,0x18e3,0x10c3,0x18c3,0x18e3,
  0x1062,0x0861,0x0861,0x1082,0x10a2,0x18c3,0x18e3,0x0861,0x1082,0x18c3,0x18c3,0x1082,0x1082,0x0862,0x0841,0x0841,0x18c3,0x18a3,0x1082,0x0882,
  0x10a2,0x2124,0x2104,0x18e3,0x18a3,0x2924,0x3186,0x2125,0x18e3,0x2124,0x39a6,0x20e3,0x18a2,0x1082,0x10a3,0x18c3,0x10a3,0x1904,0x18c3,0x1904,
  0x10a2,0x18e4,0x18e3,0x2104,0x18e4,0x10a3,0x1904,0x18c3,0x18e4,0x10a2,0x1082,0x2124,0x18c3,0x1082,0x1082,0x2924,0x3165,0x39a6,0x3186,0x2145,
  0x1904,0x18e4,0x2966,0x39c7,0x2104,0x18e4,0x2125,0x18c3,0x2125,0x2945,0x2145,0x2986,0x2145,0x2104,0x2966,0x4a29,0x4a6a,0x3186,0x2125,0x2945,
  0x2966,0x2145,0x2124,0x2104,0x2945,0x2125,0x2104,0x18c3,0x10a3,0x18c3,0x2104,0x2966,0x3186,0x2945,0x18e3,0x18e4,0x3187,0x2945,0x2945,0x2966,
  0x3186,0x2125,0x2966,0x3186,0x2125,0x18e4,0x2945,0x31a7,0x2966,0x2104,0x2124,0x2966,0x2966,0x2945,0x2104,0x2104,0x2103,0x18e3,0x18e3,0x18e4,
  0x2945,0x3165,0x2104,0x18e3,0x2104,0x2104,0x2124,0x2104,0x20e4,0x2104,0x2124,0x2945,0x3165,0x2104,0x18e3,0x18c3,0x20e4,0x20e4,0x2104,0x2924,
  0x2104,0x2104,0x2924,0x2944,0x2124,0x2944,0x3985,0x2945,0x2124,0x2924,0x2104,0x2104,0x18e3,0x18c3,0x18c3,0x2104,0x2904,0x18c3,0x18c3,0x18e3,
  0x2104,0x18e3,0x18c3,0x18e3,0x18c3,0x10a2,0x18a3,0x18c3,0x18c3,0x18c3,0x18c3,0x18c3,0x10a2,0x18c2,0x20e3,0x2103,0x2103,0x18e3,0x18c3,0x18c3,
  0x18c3,0x18c3,0x18c3,0x18a3,0x18c3,0x18c3,0x18c3,0x10a2,0x10a2,0x18a2,0x10a2,0x1082,0x1082,0x1082,0x1061,0x0861,0x0861,0x0861,0x0841,0x3186,
  0x5268,0x4a08,0x4208,0x2965,0x4a28,0x39e7,0x2945,0x31a6,0x4208,0x2945,0x2124,0x2965,0x3186,0x31a6,0x5269,0x2945,0x2104,0x2104,0x39a6,0x5268,
  0x2124,0x39a5,0x5269,0x4a28,0x3986,0x2124,0x2965,0x2945,0x2924,0x2945,0x2124,0x2104,0x20e4,0x3165,0x39a6,0x2945,0x3185,0x2925,0x18e4,0x2124,
  0x2104,0x2944,0x2104,0x2104,0x2125,0x18e4,0x20e3,0x2104,0x2925,0x2945,0x18e3,0x2966,0x3186,0x3165,0x18e3,0x39c7,0x39a6,0x2104,0x2124,0x2924,
  0x2945,0x20e3,0x18c3,0x18c3,0x18e3,0x18c3,0x20e3,0x49e6,0x2924,0x10a3,0x3186,0x39c7,0x3165,0x2104,0x2104,0x2104,0x10a2,0x10a3,0x18e3,0x18e3,
  0x0861,0x0861,0x1082,0x1082,0x10a3,0x18c3,0x0861,0x0861,0x18c3,0x2104,0x2124,0x0861,0x0861,0x0841,0x1062,0x18c3,0x10a2,0x1082,0x0861,0x1082,
  0x18e4,0x2104,0x10a3,0x18c3,0x2104,0x3165,0x3986,0x20e4,0x18c3,0x18a3,0x2104,0x18c3,0x3185,0x41e7,0x3165,0x2104,0x10a3,0x18e4,0x10a2,0x18e4,
  0x18e4,0x2986,0x2104,0x2966,0x2966,0x1082,0x10a3,0x18c3,0x2125,0x18e4,0x31a7,0x39e8,0x18e4,0x10c3,0x18e4,0x3186,0x2124,0x10c3,0x2124,0x2945,
  0x1904,0x2966,0x2966,0x2945,0x3186,0x2104,0x2945,0x2125,0x2945,0x2125,0x2125,0x3187,0x2145,0x1904,0x2125,0x2966,0x2966,0x2966,0x31a7,0x2966,
  0x2125,0x2125,0x2966,0x2966,0x2104,0x10a3,0x2125,0x39c7,0x31a7,0x18e4,0x10a2,0x18e4,0x2104,0x18e4,0x18c3,0x2104,0x2945,0x2945,0x3186,0x2945,
  0x3186,0x2966,0x2966,0x2125,0x2124,0x2104,0x2945,0x2966,0x2966,0x2945,0x18e4,0x2104,0x2104,0x2965,0x20e4,0x20e3,0x18e3,0x18c3,0x18e3,0x18e3,
  0x2104,0x2104,0x20e4,0x18e3,0x18e3,0x18e3,0x18e3,0x2104,0x2104,0x18e3,0x2104,0x2924,0x2104,0x2104,0x2104,0x2124,0x2124,0x2944,0x2104,0x18e3,
  0x20e3,0x20e3,0x20e3,0x18e3,0x18c3,0x2104,0x2944,0x2924,0x2104,0x2103,0x2103,0x18e3,0x2103,0x2924,0x2104,0x2104,0x2103,0x18c3,0x18c3,0x20e3,
  0x20e3,0x18c3,0x18a2,0x18a2,0x18c2,0x18a2,0x10a2,0x10a2,0x18c3,0x20e3,0x18e3,0x18c3,0x18c3,0x10a2,0x10a2,0x18c3,0x18c3,0x10a2,0x10a2,0x18c3,
  0x18c3,0x18c3,0x18a2,0x18a2,0x18a2,0x18c2,0x10a2,0x1082,0x1082,0x10a2,0x18a2,0x10a2,0x1082,0x1082,0x1081,0x0861,0x0861,0x0841,0x10a2,0x39c7,
  0x41c7,0x41e7,0x39a7,0x3186,0x4207,0x3186,0x2966,0x39a7,0x41e7,0x3186,0x2945,0x2965,0x3186,0x4208,0x41e7,0x2945,0x2104,0x2945,0x39c7,0x39c7,
  0x39a6,0x4a28,0x4a28,0x3165,0x3165,0x3166,0x2124,0x2124,0x18e3,0x18e3,0x2924,0x18e3,0x2104,0x39a6,0x2924,0x18c3,0x2124,0x2945,0x18e3,0x2125,
  0x2925,0x3145,0x2945,0x2965,0x2965,0x2104,0x2965,0x2925,0x1904,0x20e4,0x18c3,0x2945,0x2966,0x2104,0x2124,0x3186,0x18e3,0x2104,0x3186,0x3165,
  0x3185,0x2945,0x18e4,0x2104,0x2124,0x2103,0x1082,0x18a2,0x1061,0x2104,0x39a6,0x39a6,0x2945,0x18c3,0x18c3,0x18e4,0x10a2,0x18e3,0x2965,0x2104,
  0x1082,0x0841,0x0841,0x0841,0x18c3,0x10a2,0x0841,0x1082,0x10a2,0x18e3,0x2104,0x10a2,0x18a3,0x20e4,0x18c3,0x2104,0x18c3,0x0861,0x10a3,0x10a2,
  0x1082,0x1082,0x1082,0x20e4,0x2924,0x2103,0x10a2,0x0862,0x18a3,0x1082,0x18c3,0x18e4,0x2104,0x2965,0x2945,0x41e7,0x18a3,0x1082,0x10a3,0x10c3,
  0x18e4,0x39c8,0x2125,0x20e4,0x18c3,0x0862,0x10a2,0x1082,0x2966,0x2945,0x31a7,0x2145,0x18e4,0x18e4,0x1904,0x2124,0x2945,0x18e4,0x2125,0x2945,
  0x2145,0x18e3,0x2104,0x18e4,0x39c7,0x2966,0x18e4,0x1904,0x2145,0x1904,0x2125,0x18e4,0x1904,0x1904,0x18c3,0x18e4,0x2104,0x2125,0x2145,0x2966,
  0x2104,0x2104,0x2966,0x31a7,0x2125,0x2124,0x2124,0x18e4,0x18e4,0x18e4,0x0862,0x18c3,0x10a2,0x18e4,0x2125,0x2125,0x1904,0x2125,0x2945,0x2945,
  0x2966,0x2966,0x3186,0x2104,0x2945,0x2945,0x2125,0x2125,0x2104,0x2965,0x2945,0x2104,0x2104,0x2124,0x2965,0x18c3,0x18c3,0x18c3,0x18c3,0x18c3,
  0x18c3,0x18c3,0x2104,0x2104,0x20e3,0x18c3,0x18e3,0x2104,0x2103,0x18e3,0x2104,0x2104,0x20e3,0x18e3,0x2104,0x2945,0x2924,0x2924,0x2104,0x18e3,
  0x18e3,0x18e3,0x18c3,0x10a2,0x1082,0x10a3,0x18c3,0x20e3,0x2104,0x20e3,0x18e3,0x18c3,0x18c3,0x2103,0x2104,0x18c3,0x18c3,0x18a2,0x18c3,0x18c3,
  0x18c3,0x10a2,0x10a2,0x10a2,0x18c3,0x18c3,0x18c3,0x18c3,0x18e3,0x2103,0x20e3,0x18e3,0x18e3,0x18c3,0x18c3,0x18c3,0x10a2,0x10a2,0x10a2,0x18a2,
  0x18a3,0x10a2,0x18a2,0x18a2,0x18a2,0x10a2,0x10a2,0x1082,0x1082,0x10a2,0x18a2,0x18a2,0x1082,0x1082,0x1081,0x0861,0x0861,0x0841,0x2103,0x39c7,
  0x39a6,0x39c7,0x31a6,0x3186,0x3166,0x2965,0x3186,0x39e7,0x41e7,0x31a7,0x2125,0x39e7,0x39c7,0x2104,0x41c6,0x2945,0x2965,0x2945,0x18e4,0x18c3,
  0x49e6,0x4207,0x39a6,0x3165,0x2925,0x2124,0x2124,0x18c3,0x18e4,0x2104,0x2124,0x3186,0x2124,0x18c3,0x20e4,0x3186,0x2986,0x39c7,0x2965,0x2945,
  0x39a6,0x2945,0x2966,0x2945,0x2104,0x2125,0x2104,0x18e3,0x18e4,0x2104,0x2104,0x18e3,0x10a3,0x10a2,0x2104,0x18e4,0x18c3,0x18e4,0x2924,0x2924,
  0x2124,0x2945,0x2924,0x2945,0x3165,0x2103,0x10c3,0x0882,0x10c3,0x2104,0x20e4,0x18c3,0x18c3,0x2104,0x2104,0x2124,0x18e4,0x18c3,0x2104,0x18c3,
  0x4a07,0x2924,0x0861,0x0841,0x0862,0x0861,0x0861,0x18c3,0x1082,0x1082,0x1082,0x10a2,0x18c3,0x18c3,0x10a2,0x1082,0x1082,0x0862,0x10a2,0x18e3,
  0x10a2,0x1082,0x1082,0x18c3,0x3165,0x3185,0x2945,0x18c3,0x10a3,0x0861,0x10a3,0x18e3,0x2945,0x2104,0x18c3,0x2924,0x18c3,0x18c3,0x10a3,0x18e4,
  0x2124,0x2104,0x18c3,0x2125,0x18c3,0x10a2,0x18c3,0x10c3,0x2945,0x3186,0x2966,0x1904,0x10a3,0x2125,0x18e4,0x10a3,0x2104,0x2966,0x2125,0x2125,
  0x2104,0x1082,0x18c3,0x2104,0x3186,0x3186,0x2104,0x2104,0x2125,0x2104,0x18e4,0x18e4,0x18e4,0x18e4,0x18c3,0x18e4,0x18e4,0x1904,0x2986,0x2966,
  0x2966,0x3186,0x3187,0x2104,0x2104,0x2965,0x2945,0x2104,0x10a3,0x18e4,0x2125,0x2945,0x2125,0x18c3,0x2125,0x2145,0x2104,0x18e4,0x2125,0x2966,
  0x2966,0x2125,0x2945,0x2104,0x2966,0x31a7,0x2945,0x2145,0x2104,0x2945,0x2966,0x18e4,0x2125,0x2104,0x2945,0x2104,0x18a2,0x18c3,0x18c3,0x18c3,
  0x18a2,0x18c3,0x18c3,0x18c3,0x18c3,0x18c3,0x18e3,0x20e3,0x18c3,0x18e3,0x20e3,0x18c3,0x18c3,0x18c3,0x2104,0x2104,0x18e3,0x18c3,0x18e3,0x20e3,
  0x20e3,0x18e3,0x18e3,0x18a2,0x0861,0x1082,0x20e3,0x20e3,0x20e3,0x18e3,0x18c3,0x18c3,0x18e3,0x20e3,0x18e3,0x18a2,0x18a2,0x18a2,0x18a3,0x18a2,
  0x10a2,0x10a2,0x10a2,0x10a2,0x18a3,0x18c3,0x18c3,0x18c2,0x18c3,0x18c3,0x18c3,0x18c3,0x18c3,0x18a3,0x18c3,0x18c3,0x18a2,0x10a2,0x10a2,0x18a2,
  0x10a2,0x18a2,0x18c2,0x18a2,0x10a2,0x10a2,0x1082,0x1082,0x1082,0x1082,0x1082,0x10a2,0x1081,0x1081,0x0861,0x0861,0x0861,0x0841,0x2945,0x39c7,
  0x5269,0x4208,0x2966,0x2125,0x3186,0x39c7,0x3186,0x39c7,0x4208,0x31a6,0x2965,0x39c7,0x2924,0x2124,0x2965,0x2104,0x31a6,0x2945,0x2145,0x39c7,
  0x49e6,0x4a07,0x3985,0x4a07,0x3186,0x2124,0x2124,0x31a6,0x3165,0x18e3,0x2124,0x3986,0x2124,0x2124,0x2124,0x39c7,0x2965,0x39c7,0x39a6,0x41c6,
  0x41e6,0x39a6,0x2945,0x18e4,0x2945,0x2945,0x2124,0x18e3,0x2124,0x2966,0x2945,0x2945,0x3165,0x2924,0x2104,0x2945,0x18e4,0x18c3,0x18e3,0x18c3,
  0x2104,0x2924,0x2944,0x3985,0x2104,0x1082,0x18c3,0x18c3,0x2125,0x2965,0x18e3,0x10a3,0x18c3,0x18e3,0x2124,0x2104,0x18e3,0x2104,0x18e3,0x18c3,
  0x6289,0x5a68,0x41c6,0x2103,0x0862,0x0841,0x0861,0x18c3,0x0861,0x0841,0x18c3,0x2104,0x2924,0x2103,0x1082,0x1082,0x1082,0x1082,0x0841,0x18a2,
  0x0861,0x0841,0x0841,0x1082,0x10a2,0x18a3,0x18c3,0x18e4,0x18e3,0x10a3,0x1082,0x1904,0x3166,0x2104,0x18e3,0x18e3,0x2924,0x18c3,0x18c3,0x3186,
  0x2924,0x10a3,0x1082,0x18c3,0x2125,0x18c3,0x10a3,0x18c3,0x10a3,0x2104,0x18e3,0x18e4,0x10c3,0x2125,0x1904,0x10c3,0x1904,0x18c3,0x18c3,0x18c3,
  0x18e4,0x18e4,0x18c3,0x10a3,0x10a3,0x2104,0x2124,0x2966,0x2125,0x18e4,0x18e4,0x10c3,0x0861,0x18c3,0x18e4,0x18c3,0x18e4,0x4208,0x31a7,0x2945,
  0x31a7,0x3186,0x2945,0x2125,0x2966,0x2966,0x31a6,0x2945,0x2125,0x2124,0x2104,0x18e4,0x18e4,0x10a2,0x2104,0x2125,0x18e4,0x2104,0x2104,0x2104,
  0x2125,0x2945,0x2125,0x2125,0x18c3,0x2945,0x2945,0x2945,0x2125,0x2125,0x2104,0x2965,0x2104,0x2104,0x2104,0x2104,0x18a2,0x18a2,0x18c3,0x18c3,
  0x10a2,0x10a2,0x18a3,0x10a2,0x18a2,0x20e3,0x2104,0x20e3,0x10a2,0x10a2,0x10a2,0x10a2,0x18c3,0x18c3,0x18e3,0x18c3,0x18a2,0x18a3,0x18c3,0x18c3,
  0x18c3,0x20e3,0x2103,0x2924,0x20e3,0x2904,0x2944,0x18e3,0x18c3,0x18c3,0x18c3,0x18c3,0x18c3,0x18c3,0x18c3,0x18c3,0x18c3,0x18c3,0x18c3,0x10a2,
  0x10a2,0x10a2,0x18a2,0x18c3,0x18c3,0x18c3,0x10a2,0x10a2,0x10a2,0x10a2,0x10a2,0x10a2,0x10a2,0x18a2,0x18c3,0x18c2,0x10a2,0x10a2,0x10a2,0x10a2,
  0x10a2,0x10a2,0x10a2,0x10a2,0x1082,0x1082,0x1082,0x1082,0x1082,0x1082,0x1061,0x1081,0x1061,0x0861,0x0861,0x0861,0x0841,0x1081,0x39a6,0x39e7,
  0x5269,0x39e7,0x2965,0x2945,0x2965,0x3186,0x39a7,0x39e7,0x2966,0x2966,0x4208,0x31a6,0x2124,0x2945,0x2104,0x2104,0x2965,0x39c7,0x2986,0x41e7,
  0x39a6,0x39c6,0x41e6,0x4a28,0x2965,0x2945,0x2124,0x3186,0x2924,0x2104,0x2945,0x18e3,0x2125,0x3166,0x2104,0x2945,0x2124,0x2925,0x3186,0x5227,
  0x39a6,0x41c7,0x2124,0x1904,0x2965,0x3186,0x2966,0x2945,0x2125,0x2965,0x3186,0x2945,0x2104,0x2945,0x2924,0x2104,0x18c3,0x2924,0x2104,0x2104,
  0x2124,0x2944,0x2944,0x39a5,0x3144,0x18c3,0x2104,0x2104,0x2104,0x2124,0x2104,0x18c3,0x18e3,0x10a3,0x1082,0x18c3,0x18c3,0x3165,0x2124,0x20e4,
  0x6288,0x6288,0x5247,0x5206,0x39a5,0x18c3,0x0861,0x18c3,0x1082,0x1082,0x1082,0x18c3,0x18c2,0x10a2,0x1082,0x0861,0x0841,0x0862,0x1082,0x18c3,
  0x18c3,0x0861,0x0862,0x0861,0x1082,0x10a2,0x1082,0x10a2,0x18c3,0x18c3,0x2104,0x39a6,0x2104,0x2125,0x2104,0x20e3,0x3185,0x2104,0x18c3,0x2104,
  0x20e4,0x1082,0x10a3,0x18e4,0x31a6,0x2986,0x2104,0x2145,0x10a3,0x10a3,0x1082,0x10c3,0x2125,0x18c3,0x10c3,0x18e4,0x18e3,0x10a3,0x18e4,0x18e4,
  0x2125,0x2124,0x2104,0x10c3,0x0862,0x2104,0x2145,0x1904,0x18e4,0x18c3,0x18c3,0x10a2,0x0861,0x0862,0x18e4,0x2125,0x2125,0x3187,0x3166,0x2104,
  0x2945,0x2125,0x18e4,0x2125,0x39c7,0x2945,0x2104,0x2104,0x20e4,0x2945,0x2104,0x18c3,0x18e3,0x18e3,0x18e4,0x2104,0x18e4,0x2125,0x18e4,0x18e4,
  0x2125,0x2104,0x2104,0x2125,0x2104,0x2945,0x2125,0x2104,0x18e4,0x2104,0x18e4,0x2104,0x2945,0x18e4,0x18e4,0x2104,0x20e3,0x10a2,0x10a2,0x10a2,
  0x10a2,0x10a2,0x10a2,0x10a2,0x18c3,0x2103,0x2103,0x18c3,0x10a2,0x10a2,0x10a2,0x10a2,0x18c3,0x18c3,0x10a2,0x10a2,0x10a2,0x10a2,0x18a2,0x18a3,
  0x18c3,0x2103,0x2103,0x2924,0x3144,0x3144,0x2104,0x18c3,0x18c3,0x18c3,0x18c3,0x10a2,0x1082,0x1082,0x1082,0x1082,0x1082,0x10a2,0x1082,0x1082,
  0x1082,0x1082,0x18a2,0x18c3,0x20e3,0x18c2,0x1082,0x10a2,0x18a2,0x10a2,0x10a2,0x10a2,0x18a2,0x18c2,0x18c2,0x18a2,0x10a2,0x10a2,0x10a2,0x10a2,
  0x10a2,0x1082,0x1082,0x10a2,0x1082,0x1082,0x1082,0x1082,0x1082,0x1061,0x0861,0x0861,0x0861,0x0861,0x0841,0x0841,0x0020,0x18e3,0x41e7,0x3186,
  0x39c7,0x39c7,0x39a7,0x3186,0x2945,0x3166,0x39c7,0x3186,0x2965,0x3186,0x2945,0x31a6,0x3186,0x2124,0x2945,0x2945,0x2965,0x31a6,0x2945,0x2924,
  0x39a6,0x3186,0x41e7,0x4207,0x2104,0x2945,0x2124,0x18e3,0x2125,0x3186,0x2945,0x2945,0x2965,0x2965,0x2965,0x2945,0x2104,0x18e3,0x3165,0x2924,
  0x18e4,0x2104,0x41c7,0x3165,0x2124,0x2945,0x2945,0x2945,0x2125,0x41c7,0x4a28,0x2945,0x18e4,0x18e4,0x2124,0x20e4,0x18c3,0x3165,0x2924,0x18e4,
  0x18c3,0x20e3,0x2924,0x3165,0x2104,0x2945,0x3165,0x18e4,0x18c3,0x18c3,0x2104,0x18e3,0x18c3,0x18c3,0x18e3,0x2104,0x18e3,0x18a3,0x2104,0x18e3,
  0x5a48,0x5a48,0x5227,0x49e6,0x5a88,0x5268,0x3185,0x18c3,0x1062,0x0861,0x0861,0x1061,0x1082,0x0841,0x1082,0x1082,0x1082,0x18e3,0x1082,0x18c3,
  0x2924,0x18c3,0x1082,0x10a2,0x1082,0x1082,0x0882,0x1082,0x1082,0x10a2,0x2924,0x2945,0x2104,0x18e4,0x10a3,0x10a2,0x18e3,0x2124,0x18c3,0x10a2,
  0x10a2,0x10a3,0x10a3,0x10a3,0x2104,0x3166,0x2945,0x18c3,0x0862,0x18e4,0x18e3,0x18c3,0x18c3,0x1082,0x0841,0x10a3,0x18e3,0x2945,0x2945,0x18c3,
  0x18e4,0x2945,0x2104,0x18e4,0x10a3,0x10a3,0x10a3,0x18e4,0x18c3,0x1904,0x1082,0x10a2,0x10c3,0x18c3,0x18c3,0x2104,0x2104,0x10a2,0x2104,0x2125,
  0x2966,0x2966,0x2145,0x2125,0x18e4,0x2104,0x2125,0x2945,0x20e4,0x2104,0x18e4,0x2125,0x18e4,0x18c3,0x10a3,0x18c3,0x10c3,0x1904,0x2104,0x2104,
  0x18c3,0x18c3,0x18e4,0x2104,0x2125,0x2125,0x18c3,0x2945,0x2966,0x18e4,0x18e4,0x2125,0x3186,0x2925,0x2104,0x2104,0x2945,0x10a2,0x1082,0x1082,
  0x1082,0x1082,0x1082,0x18a2,0x18c3,0x18a2,0x18a2,0x10a2,0x10a2,0x18a2,0x1082,0x1082,0x1082,0x10a2,0x10a2,0x10a2,0x10a2,0x1082,0x1082,0x10a2,
  0x10a2,0x18c3,0x18c3,0x18c3,0x2103,0x2103,0x18c3,0x18c3,0x18c3,0x18c3,0x18c3,0x2104,0x2124,0x2945,0x3185,0x39a6,0x39c6,0x41e7,0x4207,0x4a28,
  0x4a28,0x41e7,0x39c6,0x39a6,0x3165,0x20e3,0x18c2,0x18c2,0x10a2,0x1082,0x1082,0x18c2,0x18c2,0x18a2,0x18c2,0x18a2,0x10a2,0x10a2,0x10a2,0x10a2,
  0x18a2,0x1082,0x1082,0x1082,0x1082,0x1082,0x1082,0x1062,0x0861,0x0861,0x0841,0x0841,0x0861,0x0841,0x0841,0x0841,0x0020,0x2104,0x39a7,0x39a6,
  0x31a6,0x39a6,0x4207,0x3186,0x2965,0x3186,0x2965,0x2965,0x2945,0x3186,0x2125,0x31a6,0x39a6,0x3165,0x3165,0x31a6,0x31a6,0x2945,0x3185,0x3165,
  0x39a6,0x5248,0x5a89,0x3186,0x41c7,0x41e7,0x2965,0x18e4,0x2124,0x3186,0x2945,0x2965,0x2945,0x2124,0x18c3,0x18c3,0x18e3,0x2925,0x2945,0x18e4,
  0x1904,0x2925,0x39c7,0x2124,0x3186,0x39a6,0x2125,0x18e4,0x2945,0x39a6,0x3186,0x2104,0x2104,0x2104,0x2104,0x18e3,0x2945,0x2965,0x20e4,0x18e3,
  0x10c3,0x18c3,0x18e3,0x10a2,0x18c3,0x2924,0x2104,0x18c3,0x18c3,0x18c3,0x18c3,0x18c3,0x10a2,0x18c3,0x18c3,0x1082,0x10a3,0x10a3,0x18e3,0x18e3,
  0x4a07,0x5228,0x4a07,0x41e6,0x5a89,0x6b0a,0x6aea,0x49e6,0x18c2,0x0020,0x0020,0x1061,0x0841,0x0841,0x1082,0x1082,0x2924,0x2104,0x18c3,0x1082,
  0x1082,0x10a2,0x18e3,0x10a2,0x0861,0x0861,0x1082,0x1082,0x0861,0x10a2,0x1082,0x0861,0x10c3,0x18e3,0x1082,0x10a3,0x18e3,0x2125,0x18e4,0x1082,
  0x10a3,0x10a2,0x18e4,0x1082,0x0862,0x2104,0x18c3,0x10a3,0x10a2,0x1904,0x18e4,0x18c3,0x10a3,0x2125,0x2104,0x18e4,0x10a3,0x10a3,0x10c3,0x20e4,
  0x18e4,0x18c3,0x18e4,0x2945,0x18c3,0x10a2,0x10a3,0x18e3,0x18c3,0x18e4,0x18e3,0x2104,0x18c3,0x18e4,0x10a3,0x2945,0x2945,0x10c3,0x18c3,0x18e3,
  0x2104,0x2125,0x18e4,0x18e4,0x2125,0x10c3,0x2104,0x3186,0x18e3,0x18e4,0x18e4,0x2104,0x3185,0x2104,0x10a2,0x18e4,0x2104,0x2104,0x2104,0x2104,
  0x10c3,0x18c3,0x18e4,0x2104,0x2945,0x2104,0x18e4,0x18e4,0x2125,0x2104,0x10a3,0x18e4,0x2925,0x2945,0x2965,0x18c3,0x2965,0x18c3,0x0861,0x1061,
  0x1061,0x1061,0x1082,0x1082,0x1082,0x1082,0x1082,0x10a2,0x18c3,0x18a3,0x1082,0x1082,0x1082,0x1082,0x1082,0x1082,0x1082,0x1082,0x1082,0x1082,
  0x10a2,0x10a2,0x10a2,0x10a2,0x1082,0x18c3,0x2104,0x2945,0x39c6,0x5248,0x5aaa,0x5aaa,0x62cb,0x5aaa,0x5aaa,0x62eb,0x734c,0x734d,0x62eb,0x62eb,
  0x62ca,0x5a89,0x62ca,0x62eb,0x62ea,0x5aaa,0x5269,0x4a28,0x39a6,0x2104,0x18a2,0x10a2,0x1082,0x10a2,0x18c3,0x18c2,0x1082,0x1082,0x10a2,0x10a2,
  0x18a2,0x1082,0x1061,0x1062,0x1082,0x1081,0x1081,0x1061,0x1061,0x0861,0x0841,0x0841,0x0841,0x0841,0x0841,0x0840,0x0840,0x2124,0x39a6,0x4207,
  0x3186,0x3186,0x4a28,0x31a6,0x39c7,0x3186,0x2965,0x2925,0x2125,0x2945,0x18e3,0x39c7,0x39c7,0x2924,0x2945,0x2965,0x3186,0x4207,0x4a07,0x41c6,
  0x39a6,0x5248,0x3186,0x4208,0x5248,0x5269,0x3186,0x18e3,0x3165,0x2124,0x3186,0x3185,0x2104,0x18e4,0x18c3,0x18c3,0x20e3,0x2104,0x2104,0x2104,
  0x2104,0x2945,0x2104,0x2104,0x2104,0x2104,0x18e4,0x2124,0x18c3,0x18e3,0x2104,0x2104,0x2104,0x2965,0x18e4,0x2104,0x3185,0x2944,0x2124,0x2104,
  0x2104,0x2124,0x18c3,0x10a3,0x18e3,0x18e3,0x18c3,0x18e3,0x2124,0x18e3,0x20e4,0x20e4,0x18a3,0x10a2,0x1082,0x18c3,0x18e3,0x10a3,0x18c3,0x18c3,
  0x49e7,0x5a68,0x5268,0x4a07,0x4a07,0x5268,0x5a88,0x5227,0x41a5,0x20e3,0x1061,0x1061,0x0861,0x1061,0x10a2,0x10a2,0x20e3,0x10a2,0x1082,0x0862,
  0x0862,0x1082,0x1082,0x0841,0x0841,0x0861,0x2103,0x18c3,0x1082,0x0862,0x10a2,0x1082,0x10a2,0x10a3,0x18c3,0x18c3,0x18e3,0x2104,0x18c3,0x0882,
  0x2104,0x2945,0x18e4,0x0841,0x1082,0x10a3,0x1904,0x18c3,0x1904,0x18c3,0x1082,0x18c3,0x18c3,0x2966,0x18e3,0x18e3,0x0862,0x0862,0x18e3,0x2965,
  0x18c3,0x1082,0x10a3,0x1082,0x18c3,0x2104,0x2104,0x10a3,0x1082,0x1082,0x18e3,0x2145,0x18e4,0x3186,0x2125,0x18e3,0x18e4,0x18e4,0x18c3,0x18c3,
  0x20e3,0x2124,0x2125,0x18e4,0x18e4,0x10a3,0x2104,0x2124,0x18e4,0x18c3,0x2125,0x2104,0x3165,0x18e3,0x18e4,0x2125,0x18e4,0x2924,0x18c3,0x18e4,
  0x18c3,0x18e4,0x18e4,0x10a3,0x18e4,0x2104,0x2125,0x18e3,0x2104,0x18e4,0x18e4,0x18e4,0x18e4,0x18e4,0x3165,0x18e3,0x2104,0x2104,0x1082,0x0861,
  0x1061,0x1061,0x0861,0x1061,0x0861,0x1062,0x1082,0x10a2,0x18c3,0x18a2,0x1082,0x1061,0x1082,0x1082,0x1082,0x1082,0x1082,0x1082,0x1082,0x10a2,
  0x10a2,0x10a2,0x1082,0x18c2,0x2945,0x41e7,0x5a89,0x62eb,0x6b2c,0x6b0b,0x6aeb,0x6b0c,0x630b,0x630b,0x5acb,0x528a,0x5aca,0x5aca,0x5269,0x4a28,
  0x5aaa,0x5aaa,0x62cb,0x6b0b,0x5a8a,0x5aaa,0x62eb,0x62eb,0x5a89,0x5268,0x4a28,0x39a6,0x2103,0x10a2,0x18a2,0x10a2,0x1082,0x1082,0x1082,0x1082,
  0x1082,0x1082,0x1061,0x1061,0x1061,0x1061,0x0861,0x1081,0x1081,0x0861,0x0841,0x0841,0x0841,0x0841,0x0820,0x0020,0x0861,0x3165,0x4a48,0x41e7,
  0x2945,0x3166,0x41e7,0x31a6,0x39e7,0x2945,0x3165,0x2124,0x2945,0x2945,0x2124,0x4208,0x39e7,0x3186,0x2965,0x2125,0x18c3,0x41c6,0x41c6,0x41e6,
  0x41e7,0x2965,0x2124,0x2945,0x39c6,0x3165,0x2104,0x4207,0x4a07,0x2125,0x31a6,0x39c6,0x2104,0x2124,0x2124,0x1082,0x3165,0x2944,0x18c3,0x2104,
  0x2125,0x2125,0x2966,0x2945,0x2124,0x2945,0x3165,0x2124,0x18e4,0x18c3,0x18c3,0x2104,0x2124,0x2945,0x2104,0x2104,0x3165,0x2945,0x2104,0x18c3,
  0x2924,0x2944,0x2104,0x20e4,0x18e3,0x18c3,0x18c3,0x2104,0x18e3,0x18e3,0x18c3,0x10a2,0x18c3,0x18c3,0x18c3,0x18e3,0x18c3,0x1082,0x18c3,0x18e3,
  0x41c6,0x5227,0x5248,0x4a07,0x49e6,0x5227,0x4a07,0x49e6,0x5a48,0x5247,0x41e6,0x2103,0x0861,0x1061,0x1082,0x0861,0x1082,0x18c3,0x1082,0x0861,
  0x0861,0x0861,0x1082,0x1082,0x10a2,0x18c3,0x18c3,0x18e3,0x18c3,0x1082,0x0862,0x18e3,0x1082,0x1082,0x10c3,0x10a2,0x10a3,0x18a3,0x18e3,0x18c3,
  0x18e3,0x18e3,0x18e3,0x1082,0x10a2,0x1082,0x18e4,0x18e4,0x1082,0x10a3,0x0862,0x1082,0x18c3,0x2104,0x18c3,0x18c3,0x18c3,0x18c3,0x2124,0x2125,
  0x2104,0x1082,0x1082,0x10a3,0x18e4,0x2104,0x18e4,0x18e4,0x10a3,0x10a3,0x0861,0x10a3,0x18c3,0x2125,0x18e4,0x10a3,0x18c3,0x18e4,0x1904,0x18e4,
  0x20e3,0x18c3,0x2104,0x18e3,0x18c3,0x18c3,0x1904,0x18e3,0x18e3,0x18c3,0x18e4,0x18c3,0x18c3,0x2124,0x2945,0x18c3,0x2104,0x18e3,0x18c3,0x10a2,
  0x18c3,0x18c3,0x18c3,0x18c3,0x2104,0x2104,0x18c3,0x18c3,0x10a3,0x2124,0x18e4,0x18c3,0x2104,0x18c3,0x2104,0x3186,0x2945,0x2104,0x18c3,0x0861,
  0x1061,0x0861,0x0861,0x0861,0x0861,0x1061,0x1082,0x1082,0x10a2,0x1082,0x1082,0x1082,0x1082,0x10a2,0x10a2,0x1082,0x1082,0x1082,0x1082,0x0861,
  0x18a2,0x2945,0x4207,0x5a89,0x6b0b,0x6b2b,0x6b0b,0x630b,0x736d,0x6b2b,0x6b0b,0x6b0b,0x62eb,0x630b,0x6b2c,0x6b2c,0x5aca,0x5249,0x5269,0x62eb,
  0x62eb,0x528a,0x5aca,0x5a8a,0x5a8a,0x5289,0x5a89,0x5aaa,0x5269,0x5289,0x5a89,0x5269,0x5248,0x4207,0x2924,0x10a2,0x1082,0x18a2,0x18a2,0x1082,
  0x1082,0x1081,0x1061,0x0861,0x0861,0x0861,0x0841,0x0861,0x1061,0x0861,0x0841,0x0841,0x0841,0x0820,0x0820,0x0000,0x1082,0x3186,0x41e7,0x39a6,
  0x2124,0x39c7,0x4a28,0x2965,0x31a6,0x2945,0x2965,0x2945,0x2945,0x2965,0x18e4,0x3186,0x31a6,0x2945,0x2945,0x2945,0x20e3,0x41c6,0x39a6,0x4a07,
  0x4a28,0x2125,0x2945,0x2104,0x2945,0x2104,0x2924,0x39c6,0x4207,0x2124,0x2104,0x2924,0x2125,0x2125,0x18c3,0x2965,0x2945,0x18c3,0x2104,0x2125,
  0x3186,0x39c6,0x31a6,0x2945,0x2125,0x2945,0x2104,0x2104,0x2124,0x18e3,0x18e3,0x20e4,0x2925,0x18c3,0x10a2,0x18e4,0x2924,0x2945,0x18c3,0x18e3,
  0x2924,0x2924,0x2924,0x18c3,0x18c3,0x10a2,0x18c3,0x2104,0x18e3,0x18c3,0x1082,0x1082,0x18c3,0x18e3,0x10a3,0x1082,0x10a2,0x18c3,0x18e3,0x18c3,
  0x49e7,0x41e6,0x49e6,0x39a5,0x41a5,0x5227,0x4a27,0x41e6,0x5a68,0x5a89,0x5247,0x4a07,0x2903,0x0841,0x0841,0x0841,0x1082,0x20e3,0x1061,0x1081,
  0x0861,0x1082,0x1082,0x0861,0x0861,0x1082,0x10a2,0x18c3,0x18c3,0x0861,0x10a2,0x20e3,0x10a2,0x10a2,0x1082,0x0882,0x18e3,0x18c3,0x10a3,0x1082,
  0x1082,0x10a2,0x10a3,0x18c3,0x18c3,0x1082,0x10a2,0x1082,0x1082,0x10a2,0x1082,0x10c3,0x10a3,0x2104,0x10a2,0x18e4,0x2125,0x3166,0x2125,0x18c3,
  0x18e4,0x1082,0x10a2,0x18c3,0x2966,0x1904,0x1082,0x2125,0x18e3,0x18c3,0x18c3,0x10a3,0x10a2,0x10a3,0x10a3,0x1082,0x18c3,0x18e4,0x2104,0x2145,
  0x1082,0x0861,0x10a3,0x2104,0x2125,0x2104,0x18c3,0x18e3,0x2104,0x1082,0x1082,0x18e4,0x18e3,0x18c3,0x2104,0x3165,0x2104,0x18c3,0x10a2,0x0841,
  0x0862,0x1082,0x18c3,0x18e3,0x18c3,0x18c3,0x18c3,0x10a2,0x18c3,0x18c3,0x18e3,0x18c3,0x18e3,0x18c3,0x18e4,0x2125,0x2965,0x2104,0x2104,0x1061,
  0x1061,0x1061,0x1081,0x1061,0x0861,0x0861,0x0861,0x0861,0x1082,0x1082,0x1082,0x18a2,0x10a2,0x1082,0x1082,0x1082,0x1082,0x0861,0x10a2,0x3985,
  0x5a69,0x5a89,0x62ca,0x736c,0x6b2c,0x62cb,0x5aaa,0x6b2c,0x7b8d,0x6b2c,0x6b2c,0x5aaa,0x62ca,0x6b2b,0x6b2b,0x62eb,0x5aca,0x5269,0x5289,0x5a89,
  0x5a89,0x5269,0x5269,0x5269,0x5289,0x6b0b,0x62cb,0x62ca,0x5a89,0x62eb,0x62ca,0x5269,0x5269,0x5aaa,0x5aaa,0x41e7,0x2924,0x18a2,0x1081,0x1081,
  0x1081,0x1081,0x1061,0x0861,0x0841,0x0841,0x0841,0x0841,0x0841,0x0841,0x0841,0x0841,0x0820,0x0020,0x0020,0x0000,0x18c3,0x3186,0x2965,0x3186,
  0x2104,0x39c7,0x3186,0x4207,0x2965,0x2104,0x2124,0x2945,0x3166,0x31a6,0x2945,0x3186,0x3186,0x2124,0x2124,0x2124,0x39a6,0x49e6,0x4a06,0x39a6,
  0x2925,0x2124,0x2124,0x2945,0x2125,0x18c3,0x2924,0x2924,0x2124,0x2104,0x2104,0x2124,0x2104,0x2124,0x2924,0x5289,0x3165,0x18c3,0x2125,0x2945,
  0x39a6,0x3165,0x2104,0x2124,0x2125,0x2104,0x2104,0x31a6,0x2125,0x2104,0x10a3,0x10a2,0x2104,0x18e3,0x18c3,0x2104,0x2104,0x18c3,0x18c3,0x2944,
  0x2104,0x2124,0x18e3,0x10a2,0x18c3,0x10a3,0x18c3,0x18e3,0x18e3,0x18c3,0x18c3,0x10a2,0x10a3,0x10a2,0x1082,0x10a2,0x18c3,0x10a3,0x10a2,0x18c3,
  0x49e7,0x41c6,0x41c6,0x41c6,0x41a5,0x49e6,0x4a27,0x49e6,0x5248,0x5a68,0x49e6,0x49e6,0x49e6,0x2944,0x1061,0x0841,0x0841,0x10a2,0x0861,0x10a2,
  0x18e3,0x18e3,0x20e3,0x18c3,0x0861,0x0841,0x18c3,0x18a2,0x0841,0x0841,0x0862,0x1062,0x10a2,0x1082,0x0861,0x0861,0x1082,0x10a2,0x10a2,0x0862,
  0x10a3,0x18c3,0x10a2,0x1082,0x18e3,0x1082,0x0861,0x10a2,0x10a2,0x10c3,0x18c3,0x2104,0x18e4,0x2104,0x18c3,0x18c3,0x2125,0x2125,0x18c3,0x18e4,
  0x18c3,0x10a3,0x10c3,0x10a2,0x2924,0x2104,0x1082,0x18c3,0x18c3,0x18e3,0x2945,0x1904,0x10c3,0x10a3,0x10a3,0x1082,0x10a3,0x10a3,0x2124,0x18e3,
  0x18c3,0x18c3,0x18c3,0x2104,0x2104,0x2104,0x10a3,0x10a3,0x18c3,0x0841,0x18c2,0x2124,0x18e3,0x18c3,0x2945,0x2104,0x10a3,0x2104,0x10a3,0x1082,
  0x1082,0x0861,0x1082,0x10a2,0x1082,0x10a3,0x18c3,0x18c3,0x10a3,0x18c3,0x18c3,0x18e3,0x18a3,0x18e3,0x18e3,0x20e4,0x18e3,0x18e3,0x2104,0x1082,
  0x0841,0x0861,0x0861,0x0861,0x0861,0x0861,0x0861,0x0861,0x1082,0x1061,0x1082,0x18a2,0x10a2,0x10a2,0x10a2,0x0861,0x1082,0x3165,0x5aa9,0x6b0b,
  0x5269,0x5289,0x62eb,0x62ea,0x5289,0x5a89,0x5aca,0x62eb,0x5aaa,0x5aaa,0x5aaa,0x630c,0x630b,0x5aaa,0x630b,0x5aaa,0x5aca,0x5269,0x4a48,0x4a28,
  0x5289,0x62ca,0x5a89,0x5248,0x5269,0x5aaa,0x62ca,0x62ca,0x5269,0x5aca,0x62eb,0x5289,0x5aaa,0x5269,0x4a48,0x5a89,0x5248,0x3986,0x18c2,0x0841,
  0x1081,0x1081,0x0861,0x0861,0x0841,0x0841,0x0841,0x0841,0x0841,0x0841,0x0841,0x0841,0x0020,0x0020,0x0020,0x0000,0x20e3,0x3186,0x3165,0x2965,
  0x3165,0x31a6,0x4207,0x5269,0x3186,0x2104,0x2104,0x2124,0x39c7,0x41e7,0x2945,0x2945,0x2124,0x2945,0x18e4,0x2104,0x41e7,0x39a5,0x49e6,0x41e7,
  0x31a6,0x31a6,0x2945,0x2104,0x2104,0x2104,0x2124,0x41e7,0x3185,0x2104,0x3186,0x2945,0x2104,0x4a07,0x39a6,0x39a7,0x2945,0x3186,0x2945,0x3186,
  0x2945,0x18e3,0x2104,0x18e4,0x2945,0x2965,0x3186,0x39c6,0x2925,0x18e4,0x10a3,0x1082,0x18c3,0x18e3,0x2104,0x18e3,0x18e3,0x18c3,0x2104,0x3165,
  0x18c3,0x18e3,0x18c3,0x18e3,0x18c3,0x18c3,0x18c3,0x10a2,0x10a2,0x10a3,0x18c3,0x18c3,0x10a3,0x1082,0x1082,0x10a3,0x10a2,0x1082,0x10a2,0x18c3,
  0x4a07,0x41e7,0x41c6,0x4a27,0x5a68,0x5a68,0x4a06,0x39a5,0x49e6,0x5227,0x5227,0x5a89,0x5a68,0x5247,0x41c6,0x18c2,0x0020,0x1061,0x1082,0x0861,
  0x2103,0x18c2,0x1061,0x1082,0x0841,0x0841,0x0861,0x0862,0x0861,0x0861,0x0841,0x1082,0x1082,0x1082,0x1082,0x0882,0x0861,0x0862,0x1082,0x1082,
  0x0862,0x10a3,0x18c3,0x10a3,0x10c3,0x1082,0x1082,0x0841,0x0841,0x0862,0x18e3,0x2104,0x2104,0x18c3,0x10a3,0x1082,0x10a3,0x18e4,0x18e3,0x2104,
  0x2104,0x18c3,0x18e3,0x10a2,0x10a2,0x18c3,0x18c3,0x1082,0x10a2,0x18c3,0x18e3,0x2125,0x1082,0x10a3,0x18e4,0x10a3,0x10a3,0x10a3,0x18e4,0x10c3,
  0x10a2,0x1082,0x1082,0x18e3,0x2124,0x2104,0x18e4,0x10a3,0x10a3,0x18c3,0x18c3,0x18e3,0x18c3,0x10a3,0x18e4,0x10a3,0x18e3,0x18c3,0x1082,0x18c3,
  0x18c3,0x18c3,0x1082,0x1082,0x10a3,0x1082,0x1082,0x18a3,0x2104,0x18e3,0x2104,0x2104,0x10a2,0x1082,0x18a3,0x18e3,0x18e4,0x18c3,0x1904,0x10a2,
  0x0841,0x0841,0x0841,0x0841,0x0841,0x0861,0x0861,0x0861,0x0861,0x0861,0x0861,0x1061,0x1082,0x10a2,0x1082,0x2924,0x4a27,0x62aa,0x5aaa,0x5269,
  0x62ea,0x5a89,0x4a48,0x4a28,0x4a48,0x4a49,0x5a8a,0x5269,0x5269,0x4a28,0x5248,0x62ea,0x6b2c,0x5aca,0x5aca,0x5a89,0x5aaa,0x6b0b,0x62ca,0x630b,
  0x6b0b,0x62aa,0x6288,0x5a68,0x5268,0x5269,0x62ca,0x5a89,0x5248,0x4a28,0x4a28,0x5a89,0x5aca,0x5289,0x5269,0x5249,0x4a28,0x4a28,0x41e7,0x3165,
  0x1082,0x0841,0x0861,0x0841,0x0841,0x0841,0x0841,0x0841,0x0841,0x0840,0x0820,0x0020,0x0020,0x0020,0x0020,0x0000,0x18e3,0x3185,0x2945,0x2965,
  0x3165,0x3186,0x41e7,0x4a07,0x20e3,0x2945,0x2965,0x2945,0x2945,0x2944,0x2965,0x2945,0x18e4,0x2945,0x2124,0x2945,0x3985,0x41e7,0x41a6,0x3165,
  0x2125,0x31a6,0x3186,0x2945,0x31a6,0x3186,0x2104,0x2124,0x2945,0x2945,0x3186,0x18e4,0x4a07,0x39a6,0x20e4,0x2104,0x3186,0x39c7,0x2945,0x2125,
  0x2104,0x2124,0x2104,0x10a3,0x10a2,0x2104,0x2104,0x2965,0x2125,0x2124,0x18e4,0x18c3,0x18c3,0x18c3,0x18c3,0x18c3,0x18e3,0x10a2,0x1082,0x18e3,
  0x3144,0x18c3,0x18c3,0x18c3,0x18c3,0x18c3,0x10a2,0x1082,0x10a2,0x1082,0x1082,0x10a2,0x10a3,0x18a3,0x18e3,0x18c3,0x18c3,0x10a2,0x10a2,0x1082,
  0x41e7,0x41e7,0x41c6,0x4a07,0x5268,0x62ca,0x5227,0x3985,0x41a5,0x49e6,0x62a9,0x6aea,0x62ca,0x5a68,0x5227,0x41c6,0x18c2,0x0841,0x0841,0x0841,
  0x0861,0x0841,0x0020,0x0020,0x0861,0x1082,0x1082,0x0861,0x0861,0x1082,0x0862,0x1082,0x10a2,0x10a3,0x0861,0x0841,0x10a2,0x1082,0x0861,0x0862,
  0x1082,0x1082,0x10a3,0x10a3,0x1082,0x0862,0x0861,0x1082,0x1082,0x0862,0x0862,0x0862,0x1082,0x1082,0x0841,0x1082,0x10a3,0x10a2,0x10a3,0x10a2,
  0x2104,0x2104,0x18c3,0x18e3,0x18e3,0x2124,0x2104,0x18e3,0x18e3,0x18e3,0x1082,0x18e4,0x10a2,0x1082,0x10a3,0x18c3,0x1082,0x10a3,0x10a3,0x18e4,
  0x1082,0x1082,0x10a2,0x10a2,0x1082,0x0862,0x18c3,0x1082,0x10a3,0x2104,0x18e4,0x18e3,0x2104,0x18c3,0x1082,0x10c3,0x18e3,0x1082,0x10a3,0x18c3,
  0x18c3,0x10c3,0x18e4,0x18e4,0x18e3,0x10a3,0x1082,0x10a2,0x18c3,0x18c3,0x10a3,0x18e3,0x18c3,0x1082,0x10a2,0x18c3,0x18a3,0x18c3,0x18c3,0x18c3,
  0x0020,0x0841,0x0841,0x0841,0x0841,0x0841,0x0841,0x0841,0x0841,0x0841,0x0841,0x0841,0x0861,0x0841,0x3185,0x62aa,0x5a89,0x4a28,0x4a28,0x6b0b,
  0x62ca,0x4a28,0x5289,0x6b0b,0x5248,0x4208,0x5269,0x5aa9,0x4208,0x5269,0x6b0b,0x734b,0x62eb,0x730a,0x734b,0x6b2c,0x62eb,0x732b,0x734c,0x62eb,
  0x4a49,0x528a,0x5a89,0x5248,0x5a68,0x5aaa,0x5aaa,0x62ca,0x5a89,0x5a68,0x4a07,0x39a6,0x4a28,0x5289,0x5aaa,0x5269,0x4a28,0x4207,0x4207,0x4207,
  0x41c6,0x18c2,0x0020,0x0841,0x0841,0x0841,0x0841,0x0841,0x0820,0x0820,0x0020,0x0020,0x0020,0x0020,0x0000,0x0020,0x2104,0x39c6,0x3186,0x3186,
  0x31a6,0x3165,0x3165,0x3165,0x2104,0x20e3,0x3186,0x3186,0x2124,0x3186,0x2945,0x18e4,0x2124,0x2945,0x2945,0x3186,0x4a07,0x41c6,0x5a89,0x2945,
  0x18c3,0x2945,0x31a6,0x31a6,0x2945,0x18e4,0x2104,0x18e4,0x18e3,0x18e3,0x2104,0x2965,0x4a48,0x3186,0x2104,0x2104,0x3165,0x2945,0x2945,0x2124,
  0x2104,0x2104,0x18c3,0x18e3,0x2104,0x2104,0x18e3,0x2104,0x18e3,0x10a3,0x18e3,0x2124,0x18e3,0x18e3,0x18e3,0x2124,0x2965,0x10a2,0x1082,0x18c3,
  0x18c3,0x10a2,0x18c3,0x18c3,0x18c3,0x18c3,0x10a2,0x20e3,0x18c3,0x0882,0x0862,0x10a2,0x18c3,0x18c3,0x18a2,0x10a2,0x18c3,0x1082,0x1082,0x1082,
  0x41c6,0x41e6,0x41e6,0x41c6,0x41c6,0x4a07,0x5227,0x4a07,0x49e6,0x4a07,0x5a68,0x5a68,0x5a68,0x5227,0x41a5,0x41a5,0x49e6,0x20e3,0x0841,0x0021,
  0x0841,0x0861,0x0020,0x1082,0x18a2,0x1082,0x18a2,0x0861,0x0841,0x0882,0x0861,0x0841,0x0861,0x0862,0x1081,0x1082,0x0861,0x0862,0x0862,0x0862,
  0x0862,0x0862,0x0862,0x1082,0x1082,0x0862,0x18e3,0x2104,0x0862,0x10a3,0x18c3,0x0862,0x1082,0x10a3,0x0862,0x18c3,0x18e4,0x10c3,0x18e3,0x10a2,
  0x18c3,0x18e4,0x0882,0x10a2,0x10a3,0x18c3,0x2124,0x2104,0x2965,0x18e3,0x1082,0x10a2,0x10a3,0x10c3,0x0862,0x10a3,0x10a2,0x10a3,0x10a3,0x10a2,
  0x18c3,0x18c3,0x18c3,0x10a3,0x10c3,0x10a3,0x1082,0x18c3,0x1082,0x1082,0x18c3,0x2104,0x2945,0x10a3,0x0882,0x18c3,0x18c3,0x10a2,0x18c3,0x10a3,
  0x10a3,0x18c3,0x18c3,0x18c3,0x10a3,0x18c3,0x18c3,0x10a3,0x18e3,0x18c3,0x0862,0x18c3,0x18c3,0x0841,0x0862,0x18c3,0x10a2,0x18c3,0x18c3,0x18c3,
  0x0841,0x0020,0x0841,0x0841,0x0841,0x0841,0x0841,0x0841,0x0841,0x0841,0x0841,0x0841,0x0861,0x3985,0x5a89,0x5a69,0x5269,0x4a28,0x4a49,0x5269,
  0x4a49,0x4a28,0x5aa9,0x4a28,0x4a28,0x5269,0x5a89,0x5248,0x5269,0x6aea,0x6b0a,0x730b,0x5aaa,0x5a68,0x62a9,0x5a89,0x62ca,0x6b2b,0x62eb,0x5aca,
  0x5aaa,0x62ca,0x4a49,0x4a28,0x4a28,0x5268,0x5269,0x5a8a,0x5aca,0x5aaa,0x6b0b,0x5aaa,0x5248,0x5269,0x5248,0x4a28,0x4a28,0x5249,0x5248,0x4a28,
  0x4207,0x41e7,0x2104,0x0820,0x0841,0x0841,0x0841,0x0820,0x0020,0x0020,0x0020,0x0020,0x0000,0x0000,0x0000,0x0020,0x2944,0x39c6,0x2965,0x31a6,
  0x39c7,0x2124,0x2945,0x3165,0x2103,0x2924,0x39a6,0x2104,0x3186,0x2124,0x2124,0x2124,0x2104,0x2124,0x2124,0x4207,0x41e7,0x49e6,0x4a27,0x18e4,
  0x2124,0x3165,0x3165,0x18e3,0x2104,0x2925,0x2104,0x2945,0x2104,0x2945,0x2104,0x2945,0x2965,0x2965,0x2966,0x2125,0x2945,0x2104,0x2124,0x2104,
  0x18e3,0x18c3,0x2124,0x2104,0x2945,0x2945,0x2104,0x18e4,0x18e3,0x18e3,0x39a6,0x39a6,0x18c3,0x2124,0x2104,0x18c3,0x2944,0x2924,0x18c3,0x18c3,
  0x10a2,0x1082,0x18e3,0x18e3,0x10a2,0x18c3,0x18c3,0x2104,0x20e3,0x10a2,0x10a2,0x18c3,0x10a2,0x10a2,0x1082,0x1082,0x10a2,0x10a2,0x1062,0x1082,
  0x41e7,0x4a27,0x4a07,0x41c6,0x41c6,0x41e6,0x49e6,0x49e6,0x4a07,0x5248,0x49e6,0x41c6,0x4a06,0x5248,0x5227,0x49e6,0x4a06,0x5248,0x3164,0x0841,
  0x0020,0x0861,0x1061,0x20e3,0x18c3,0x10a2,0x10a2,0x0862,0x0861,0x0862,0x1082,0x0882,0x0861,0x0841,0x1082,0x18c3,0x0861,0x0861,0x0861,0x0862,
  0x10a2,0x0862,0x0861,0x0861,0x0861,0x10a2,0x2104,0x18c3,0x0861,0x0862,0x18c3,0x18c3,0x0862,0x18e3,0x2104,0x10c3,0x10a2,0x10a3,0x10a3,0x10a2,
  0x10a3,0x10a3,0x10c3,0x0862,0x0882,0x1082,0x18c3,0x10a3,0x18c3,0x10a2,0x10a2,0x1082,0x1082,0x0882,0x10a3,0x18c3,0x10a3,0x10a3,0x10a2,0x10a3,
  0x18c3,0x10a2,0x10a3,0x1082,0x18c3,0x18c3,0x10a3,0x10c3,0x1082,0x10a2,0x18c3,0x10a3,0x10a2,0x10a3,0x0862,0x10a2,0x10a3,0x10a3,0x2104,0x18e3,
  0x18c3,0x18c3,0x1082,0x0862,0x2104,0x18c3,0x10a3,0x1082,0x10a2,0x10a2,0x10a3,0x18e3,0x18c3,0x1082,0x1082,0x10a2,0x18e3,0x18a2,0x18e3,0x18c3,
  0x0861,0x0020,0x0841,0x0841,0x0841,0x0841,0x0841,0x0841,0x0861,0x0861,0x0841,0x1061,0x41e6,0x62a9,0x5aaa,0x4a48,0x4a28,0x5249,0x5aaa,0x4a48,
  0x4a28,0x4a28,0x41e7,0x4a48,0x5aaa,0x5248,0x4a08,0x5269,0x732b,0x5248,0x5248,0x62ca,0x5289,0x4a28,0x5269,0x5aaa,0x6aeb,0x62ea,0x62ca,0x62ca,
  0x5a89,0x41e7,0x5269,0x4a28,0x4a28,0x4a48,0x5269,0x5269,0x5269,0x5acb,0x6b2c,0x62ea,0x5a89,0x62ca,0x5289,0x5a89,0x5249,0x5a89,0x4a48,0x4a48,
  0x4a28,0x41e7,0x41e7,0x3165,0x0841,0x0020,0x0841,0x0020,0x0020,0x0020,0x0020,0x0020,0x0000,0x0000,0x0000,0x0020,0x2924,0x3165,0x2945,0x3165,
  0x3165,0x2124,0x31a6,0x3186,0x2124,0x39a6,0x3186,0x2104,0x2104,0x2945,0x2945,0x2104,0x2104,0x2124,0x3186,0x3165,0x3164,0x39a5,0x31a6,0x3166,
  0x2965,0x41e7,0x2945,0x2104,0x2945,0x2945,0x2125,0x2945,0x2104,0x18c3,0x1904,0x3185,0x2124,0x2965,0x2945,0x18e4,0x18e3,0x2104,0x2945,0x2104,
  0x18c3,0x18e4,0x18e4,0x10a2,0x18e3,0x18e4,0x2965,0x2945,0x18c3,0x18c3,0x2924,0x20e4,0x18c3,0x3165,0x3165,0x18c3,0x20e3,0x2103,0x18e3,0x10a2,
  0x10a2,0x1082,0x10a2,0x18c3,0x18c3,0x18c3,0x18c3,0x18a3,0x10a2,0x10a2,0x18e3,0x18c3,0x10a2,0x10a2,0x1082,0x1082,0x1082,0x18c3,0x18a2,0x18c3,
  0x4a07,0x4a28,0x4a07,0x41c6,0x39a6,0x41c6,0x41a5,0x41c6,0x4a07,0x5248,0x49e6,0x41c5,0x41a5,0x49e7,0x5228,0x5227,0x5227,0x5a88,0x5247,0x2903,
  0x0020,0x0841,0x1082,0x1082,0x1082,0x10a2,0x0861,0x0841,0x0861,0x1082,0x0841,0x0861,0x10a2,0x0861,0x0841,0x1082,0x0861,0x0861,0x0862,0x1082,
  0x1082,0x0861,0x0841,0x0861,0x10c3,0x1082,0x0862,0x1082,0x0862,0x0021,0x10a2,0x18e3,0x10c3,0x10a2,0x20e4,0x18c3,0x0861,0x0861,0x0861,0x10a3,
  0x18c3,0x1082,0x1082,0x1082,0x1082,0x1082,0x18c3,0x2944,0x20e3,0x0882,0x1082,0x10a3,0x18c3,0x0862,0x10c3,0x18c3,0x18c3,0x1082,0x10a2,0x1082,
  0x0841,0x0861,0x10a3,0x10c3,0x18c3,0x10a2,0x10a3,0x10c3,0x1082,0x10a2,0x1082,0x10a2,0x10a3,0x18e3,0x18c3,0x10a2,0x10a3,0x1082,0x1082,0x10a3,
  0x18e4,0x18c3,0x0882,0x10a3,0x18c3,0x0861,0x1082,0x10a2,0x10a3,0x1082,0x18c3,0x10a2,0x18c3,0x1082,0x1082,0x18c3,0x10a2,0x1082,0x18c3,0x18c3,
  0x1082,0x0020,0x0841,0x0840,0x0841,0x0841,0x0841,0x0841,0x0861,0x0841,0x18c2,0x4a07,0x5aaa,0x5aaa,0x5289,0x39c7,0x5269,0x5aa9,0x5a69,0x41e7,
  0x4a28,0x4a08,0x5269,0x62aa,0x4a28,0x41e7,0x4a48,0x4a08,0x4a07,0x4a27,0x5a89,0x5269,0x4a28,0x4a49,0x630b,0x734c,0x5aa9,0x4a48,0x7b6d,0x5289,
  0x4208,0x4a48,0x62eb,0x4a48,0x5269,0x62eb,0x5a89,0x5269,0x4a48,0x5aaa,0x62ca,0x6b0c,0x630c,0x630c,0x4a48,0x5249,0x5269,0x5a89,0x5a89,0x4207,
  0x4a07,0x4a28,0x41e7,0x4207,0x39c6,0x1081,0x0020,0x0020,0x0020,0x0020,0x0000,0x0000,0x0000,0x0000,0x0000,0x0841,0x2945,0x3185,0x39a6,0x39a6,
  0x2924,0x2124,0x3186,0x2945,0x2945,0x39c7,0x39c6,0x2924,0x18e4,0x2945,0x2925,0x18e4,0x2125,0x2945,0x39c6,0x2903,0x3985,0x39a6,0x2965,0x2945,
  0x2125,0x4a07,0x31a6,0x3186,0x2104,0x18e4,0x2945,0x2104,0x18c3,0x18e3,0x18e3,0x18e3,0x18e3,0x2104,0x18e3,0x18c3,0x18c3,0x2945,0x2945,0x2104,
  0x2104,0x18c3,0x18c3,0x18c3,0x18c3,0x2945,0x2945,0x2104,0x10a3,0x10a2,0x10a3,0x18c3,0x18c3,0x2924,0x2924,0x18e3,0x18c2,0x18a2,0x18c3,0x2924,
  0x2924,0x10a2,0x18c3,0x18e3,0x10a2,0x18a3,0x18c3,0x1082,0x1082,0x10a2,0x18c3,0x18c3,0x10a2,0x1082,0x1082,0x1082,0x0861,0x18e3,0x2103,0x18a2,
  0x41c6,0x41e6,0x41c6,0x39a5,0x3985,0x41a6,0x41a5,0x41c6,0x5227,0x5248,0x5227,0x4a06,0x41c6,0x4a07,0x4a28,0x41c6,0x41c6,0x49e6,0x41c6,0x3964,
  0x2923,0x0861,0x0821,0x0841,0x0841,0x0861,0x0841,0x0861,0x1082,0x10a2,0x0841,0x0841,0x1082,0x0861,0x0820,0x0861,0x10a2,0x1082,0x1082,0x0861,
  0x0861,0x0861,0x1082,0x0861,0x0862,0x0861,0x0862,0x1082,0x18c3,0x10a2,0x1082,0x0861,0x0862,0x0862,0x1082,0x10a3,0x1082,0x0861,0x10a2,0x1082,
  0x10a3,0x1082,0x1082,0x10a2,0x1082,0x1082,0x18e3,0x3144,0x1082,0x0041,0x1082,0x1082,0x10a2,0x10a2,0x1082,0x0862,0x1082,0x1082,0x1082,0x0882,
  0x10a2,0x10a2,0x1082,0x18c3,0x10a3,0x1082,0x10a3,0x18c3,0x1082,0x10a2,0x1082,0x18c3,0x18a3,0x18c3,0x2124,0x10a3,0x10a3,0x18c3,0x10a3,0x1082,
  0x10a2,0x1082,0x1082,0x1082,0x1082,0x0862,0x0862,0x1082,0x1082,0x10a2,0x20e4,0x18c3,0x10a3,0x0862,0x1082,0x18c3,0x1082,0x1082,0x18c3,0x18a2,
  0x1082,0x0020,0x0820,0x0840,0x0820,0x0841,0x0841,0x0841,0x0841,0x2944,0x5a69,0x6aca,0x5a69,0x5269,0x4a07,0x5248,0x6aea,0x5a69,0x4208,0x4208,
  0x4a28,0x4a28,0x5248,0x4a28,0x41e7,0x39c6,0x39c7,0x39c7,0x4a07,0x4a07,0x4a28,0x4208,0x4a28,0x5a68,0x6b2c,0x6b0b,0x62eb,0x62ea,0x62eb,0x4208,
  0x4a28,0x4a69,0x5aca,0x5aaa,0x5a69,0x5aaa,0x5248,0x41e7,0x41c7,0x4a08,0x4208,0x4208,0x4a28,0x5acb,0x62eb,0x5a89,0x5289,0x4a08,0x4a28,0x4a08,
  0x4207,0x4207,0x4a28,0x4207,0x4a28,0x41c6,0x1082,0x0000,0x0020,0x0000,0x0000,0x0000,0x0000,0x0000,0x0000,0x0861,0x3165,0x39c6,0x41c6,0x39a6,
  0x2124,0x2104,0x3165,0x2104,0x2945,0x39a6,0x3165,0x2945,0x2104,0x2945,0x3165,0x18e3,0x18e3,0x4a08,0x41c6,0x2924,0x39c6,0x2965,0x3186,0x2104,
  0x2945,0x2945,0x3186,0x2966,0x18c3,0x2104,0x2945,0x2104,0x2945,0x2104,0x3186,0x2924,0x18e4,0x2125,0x2125,0x2104,0x2945,0x2124,0x18c3,0x18e3,
  0x2124,0x18e3,0x18c3,0x18e3,0x2104,0x2104,0x18c3,0x10a3,0x18c3,0x2124,0x18e3,0x2104,0x2124,0x2104,0x2924,0x2924,0x18a2,0x1082,0x18c3,0x3984,
  0x2903,0x18c3,0x2924,0x20e3,0x10a2,0x10a2,0x10a2,0x1082,0x1082,0x1082,0x1082,0x18a2,0x1061,0x1082,0x18e3,0x18c3,0x18c3,0x1082,0x1082,0x0861,
  0x41e6,0x49e6,0x41c6,0x39a6,0x41c6,0x4a07,0x4a07,0x49e6,0x41c6,0x41c6,0x49e7,0x5247,0x5a48,0x5a68,0x5248,0x4a07,0x49e6,0x4a07,0x4a07,0x41e6,
  0x4a06,0x3164,0x0841,0x0000,0x0841,0x0861,0x0841,0x0020,0x0841,0x0861,0x0841,0x0861,0x0861,0x0841,0x0841,0x0862,0x0841,0x0841,0x0861,0x0861,
  0x0020,0x0841,0x10a3,0x1082,0x0841,0x0861,0x0841,0x0841,0x10a2,0x10a3,0x0862,0x1082,0x10a2,0x1082,0x0841,0x0862,0x1082,0x10a3,0x18a3,0x0862,
  0x0861,0x1082,0x10a3,0x1082,0x1082,0x0862,0x0861,0x18e3,0x0862,0x1082,0x18a2,0x1082,0x1082,0x10a2,0x18c3,0x0861,0x0862,0x10a3,0x1082,0x0882,
  0x10a3,0x10a2,0x10a2,0x18c3,0x1082,0x1082,0x1082,0x1082,0x0862,0x10a3,0x0862,0x10a2,0x10a2,0x1082,0x10a3,0x10a2,0x1082,0x2104,0x18c3,0x10a2,
  0x0882,0x10a2,0x1082,0x1082,0x10a2,0x0861,0x0020,0x0841,0x0861,0x1082,0x18c3,0x18c3,0x1082,0x10a3,0x18c3,0x18c3,0x10a2,0x10a2,0x1082,0x18c3,
  0x1082,0x0020,0x0020,0x0020,0x0020,0x0820,0x0020,0x1061,0x3185,0x4a48,0x5aa9,0x6289,0x5248,0x4a28,0x5269,0x62a9,0x4a08,0x4208,0x4a28,0x5269,
  0x4a49,0x4a28,0x4a08,0x39a6,0x39c6,0x41e7,0x49e7,0x5248,0x41c6,0x39a6,0x39c7,0x3186,0x5227,0x5a67,0x5aa9,0x5248,0x4a07,0x5289,0x5a8a,0x5a8a,
  0x4a28,0x4208,0x41e7,0x4a28,0x4208,0x5269,0x41e7,0x39a6,0x5aca,0x5aca,0x5aaa,0x5aaa,0x4a49,0x528a,0x5aca,0x5269,0x5a8a,0x5a89,0x4a28,0x4a08,
  0x5248,0x5248,0x4a07,0x41e7,0x39a6,0x39c6,0x39a6,0x10a2,0x0000,0x0000,0x0000,0x0000,0x0000,0x0000,0x0000,0x1061,0x3165,0x3165,0x3185,0x3165,
  0x18e3,0x2924,0x39a6,0x2104,0x2945,0x2945,0x2924,0x2924,0x2945,0x2124,0x2965,0x2104,0x18e4,0x3165,0x2903,0x3144,0x3186,0x3166,0x31a6,0x2965,
  0x2124,0x2945,0x2945,0x2104,0x2945,0x39c7,0x39c7,0x2945,0x2125,0x2945,0x3986,0x18e3,0x2124,0x2965,0x2965,0x2945,0x2945,0x2104,0x2125,0x18e4,
  0x18c3,0x18e4,0x18e4,0x2104,0x2125,0x18c3,0x18c3,0x18e3,0x18c3,0x2104,0x18e3,0x3165,0x2965,0x2124,0x20e3,0x20e3,0x18a2,0x10a2,0x18c3,0x2903,
  0x10a2,0x10a2,0x18e3,0x18a2,0x1082,0x1082,0x1082,0x10a2,0x10a2,0x1082,0x1082,0x1082,0x0841,0x1082,0x10a2,0x18a2,0x18e3,0x0861,0x0861,0x1082,
  0x4a07,0x5248,0x5248,0x49e7,0x41e6,0x49e7,0x4a07,0x41c6,0x39a5,0x3985,0x3985,0x4a27,0x5a88,0x5a68,0x5227,0x5227,0x4a27,0x49e6,0x4a07,0x4a07,
  0x49e6,0x4a06,0x3144,0x0840,0x0020,0x0841,0x0841,0x0020,0x0841,0x0841,0x0020,0x0841,0x0020,0x0841,0x1082,0x0862,0x1082,0x1082,0x0862,0x0861,
  0x0861,0x0861,0x1082,0x1082,0x0862,0x0861,0x1082,0x0882,0x0861,0x1082,0x10a3,0x0861,0x0841,0x10a3,0x10a3,0x0861,0x0861,0x0861,0x1082,0x1082,
  0x0862,0x1082,0x0862,0x0861,0x0861,0x0862,0x0862,0x0861,0x18e3,0x18c3,0x10a2,0x18c3,0x10a2,0x10c3,0x18c3,0x18e3,0x0862,0x0861,0x1082,0x0861,
  0x1082,0x1082,0x0882,0x10a3,0x1082,0x1082,0x1082,0x10a3,0x18c3,0x1082,0x10a2,0x18c3,0x10a2,0x0862,0x1082,0x10a3,0x10a2,0x18c3,0x10a2,0x10a2,
  0x1082,0x18c3,0x18c3,0x0861,0x0862,0x1082,0x0862,0x0861,0x0861,0x0862,0x0862,0x1082,0x1082,0x10a3,0x20e3,0x18a3,0x1082,0x1082,0x1082,0x10a2,
  0x1082,0x0020,0x0000,0x0020,0x0020,0x0020,0x1082,0x39a5,0x4207,0x4a28,0x5268,0x5228,0x5248,0x4a28,0x5aa9,0x4a08,0x39c7,0x41e7,0x4208,0x5248,
  0x5289,0x4a28,0x41e7,0x39c6,0x39c6,0x39a6,0x4a27,0x41e7,0x31a6,0x39c6,0x39c7,0x41e6,0x5206,0x5248,0x5269,0x41e7,0x4a27,0x5a89,0x4a28,0x5289,
  0x4a49,0x4208,0x4a28,0x4a28,0x39c7,0x4a08,0x4a48,0x5249,0x5289,0x5a89,0x5269,0x62eb,0x630b,0x4a49,0x4a28,0x5269,0x5289,0x5269,0x5269,0x5269,
  0x5269,0x5248,0x4a28,0x4a07,0x39c7,0x3186,0x39c6,0x41c7,0x10a2,0x0000,0x0000,0x0000,0x0000,0x0000,0x0000,0x0841,0x2124,0x2944,0x2944,0x2965,
  0x2124,0x2945,0x3186,0x2944,0x2124,0x2104,0x3165,0x3165,0x2104,0x2124,0x31a6,0x2945,0x2944,0x20e3,0x20e2,0x3144,0x2125,0x2945,0x2965,0x18e4,
  0x2104,0x31a6,0x2945,0x18e4,0x2965,0x31a6,0x3165,0x41e7,0x3185,0x3185,0x2104,0x18c3,0x18e3,0x2104,0x2124,0x2124,0x18e3,0x2104,0x2104,0x2104,
  0x10a2,0x18e3,0x18e4,0x2125,0x2124,0x18e3,0x18c3,0x10a2,0x1082,0x10a3,0x18e4,0x2965,0x39a5,0x2924,0x10a2,0x10a2,0x10a2,0x18a3,0x18e3,0x20e3,
  0x1082,0x10a2,0x10a2,0x20e3,0x18a2,0x1082,0x18c3,0x20e3,0x10a2,0x10a2,0x18a2,0x0861,0x0841,0x0861,0x0841,0x10a2,0x10a2,0x0861,0x1082,0x1082,
  0x41c6,0x5228,0x5248,0x4a07,0x41e6,0x41c6,0x3985,0x3985,0x41c6,0x41e6,0x41c6,0x4a07,0x4a28,0x4a07,0x4a06,0x5227,0x4a27,0x49e6,0x49e6,0x41c6,
  0x41e6,0x5268,0x5227,0x3164,0x0861,0x0020,0x0840,0x0841,0x0861,0x0861,0x0841,0x0020,0x0020,0x0020,0x0841,0x1082,0x1062,0x0861,0x0841,0x0861,
  0x10a2,0x10a2,0x0861,0x0861,0x0861,0x0841,0x10c3,0x10a2,0x0841,0x0841,0x0861,0x0841,0x0841,0x0862,0x1082,0x0861,0x0862,0x0861,0x0862,0x1082,
  0x0862,0x1082,0x0861,0x0861,0x0862,0x1082,0x1082,0x0861,0x10a2,0x10a2,0x1082,0x18c3,0x10a2,0x1082,0x1082,0x1082,0x0862,0x10a2,0x1082,0x0862,
  0x1082,0x1082,0x1082,0x1082,0x0862,0x1082,0x1082,0x1082,0x1082,0x0861,0x1082,0x1082,0x10c3,0x18c3,0x10a3,0x10a3,0x0882,0x18c3,0x18e3,0x1082,
  0x1082,0x18e3,0x10a2,0x0862,0x0841,0x0861,0x1082,0x1062,0x0841,0x0861,0x0861,0x0861,0x1082,0x18c3,0x1082,0x0861,0x10a2,0x1082,0x1082,0x10a2,
  0x1082,0x0020,0x0000,0x0020,0x0000,0x1082,0x39a6,0x41e7,0x4a28,0x4a07,0x41e7,0x41e7,0x41e7,0x5248,0x4a28,0x4207,0x39c7,0x3186,0x4a28,0x5248,
  0x41e7,0x49e7,0x4a07,0x4a27,0x39c6,0x4a07,0x41e7,0x39a6,0x3185,0x39c6,0x3185,0x41c6,0x49e6,0x5227,0x41c7,0x39c6,0x41c6,0x41e7,0x4208,0x4a48,
  0x4a28,0x41e7,0x41e7,0x4a48,0x5a89,0x4207,0x4208,0x4a28,0x5289,0x5269,0x4208,0x4208,0x4208,0x5269,0x5aa9,0x4a07,0x4a28,0x4a28,0x4a48,0x528a,
  0x5269,0x4a28,0x41e7,0x4a07,0x4a28,0x4207,0x3186,0x41e7,0x39a6,0x1082,0x0000,0x0000,0x0000,0x0000,0x0000,0x0841,0x2103,0x2104,0x3165,0x39a6,
  0x2104,0x2945,0x2945,0x2104,0x2945,0x2944,0x2124,0x2945,0x2124,0x2124,0x2124,0x18e3,0x3985,0x3144,0x2924,0x2124,0x18e4,0x2945,0x2945,0x18e3,
  0x2945,0x2965,0x2104,0x2104,0x31a6,0x2125,0x39a6,0x41e7,0x20e3,0x2124,0x2124,0x18c3,0x18e4,0x18e3,0x2104,0x2104,0x18e3,0x10a2,0x18c3,0x18e3,
  0x2104,0x2104,0x2104,0x2125,0x2124,0x18e3,0x10a2,0x0841,0x18c3,0x18e3,0x18c3,0x2104,0x2924,0x20e3,0x18a2,0x18c3,0x10a3,0x18c3,0x20e3,0x18c2,
  0x1082,0x18a2,0x2103,0x20e3,0x18a2,0x10a2,0x18c3,0x1082,0x0862,0x0861,0x10a2,0x1082,0x0861,0x10a2,0x18a2,0x2124,0x2103,0x1061,0x0861,0x0862,
  0x41c6,0x41e6,0x49e6,0x49e6,0x4a07,0x41c6,0x3985,0x3165,0x41c6,0x4a07,0x49e6,0x4a07,0x4a07,0x39a6,0x41c6,0x4a07,0x5207,0x5a68,0x5248,0x41c6,
  0x41c6,0x5248,0x4a07,0x49e6,0x3985,0x0861,0x0820,0x1082,0x1082,0x1082,0x1061,0x0020,0x0841,0x0841,0x0000,0x0841,0x0841,0x0021,0x0841,0x0861,
  0x0861,0x0862,0x0861,0x0862,0x1082,0x10a2,0x18c3,0x18c3,0x0861,0x0862,0x1082,0x0861,0x0841,0x0841,0x0841,0x0841,0x0862,0x0861,0x0861,0x0861,
  0x1082,0x1062,0x1082,0x1082,0x0861,0x0861,0x10a2,0x1082,0x10a2,0x10a3,0x1082,0x1082,0x18c3,0x1082,0x0861,0x0862,0x1082,0x10a3,0x10c3,0x1082,
  0x1082,0x10a2,0x0862,0x0862,0x0862,0x1082,0x0862,0x0862,0x10a3,0x10a2,0x1082,0x10a2,0x18c3,0x1082,0x1082,0x0861,0x10a2,0x10a2,0x10a2,0x0862,
  0x1082,0x1062,0x0841,0x1082,0x10a2,0x10a2,0x10a2,0x10a2,0x0841,0x0020,0x0841,0x0861,0x0861,0x0862,0x1082,0x1061,0x1082,0x1062,0x1062,0x10a2,
  0x10a2,0x0020,0x0020,0x0000,0x1082,0x3985,0x39a6,0x41e7,0x41c6,0x41c6,0x39a6,0x3186,0x39c7,0x3186,0x39c7,0x41e7,0x31a6,0x39c7,0x5248,0x3986,
  0x39a5,0x41e7,0x41e7,0x39e7,0x4a28,0x41e7,0x39c7,0x3185,0x3186,0x41e7,0x5248,0x3985,0x41c6,0x49e6,0x41e7,0x4207,0x4a28,0x4a28,0x39a6,0x39a6,
  0x4208,0x41e8,0x4a28,0x528a,0x4228,0x4a28,0x4a28,0x4a28,0x4208,0x4a28,0x5269,0x4a49,0x4a28,0x62ca,0x5a89,0x5269,0x4207,0x5249,0x4a48,0x41e7,
  0x4a28,0x4a28,0x4207,0x41e7,0x41e7,0x4a08,0x4207,0x3986,0x39a6,0x3165,0x1081,0x0000,0x0000,0x0000,0x0000,0x0841,0x2104,0x18e3,0x2104,0x2924,
  0x2124,0x2124,0x2104,0x2104,0x2104,0x2924,0x2104,0x3165,0x41e7,0x3186,0x2124,0x2924,0x3144,0x3164,0x3165,0x2124,0x2104,0x39a6,0x3165,0x18e4,
  0x18e3,0x18e3,0x2104,0x2124,0x3186,0x2125,0x39a6,0x18a2,0x10a3,0x2944,0x2104,0x2124,0x2124,0x18e3,0x2104,0x3185,0x18e3,0x10a3,0x18c3,0x18e3,
  0x3186,0x2965,0x18c3,0x2124,0x18c3,0x18c3,0x10a2,0x10a3,0x18e3,0x10a2,0x10a2,0x18c3,0x18a2,0x20e3,0x2103,0x18e3,0x20e3,0x20e3,0x18c2,0x18a2,
  0x1061,0x20c2,0x2903,0x18c2,0x18c3,0x10a2,0x10a2,0x0862,0x1082,0x10a2,0x1082,0x18c3,0x18e3,0x20e3,0x18c3,0x10a2,0x1082,0x1062,0x0861,0x0862,
  0x41e6,0x41c6,0x41c6,0x41c6,0x41e7,0x41e7,0x41c6,0x39a6,0x41c6,0x41e6,0x39a6,0x41c6,0x41e6,0x3985,0x3985,0x41e6,0x49e6,0x5227,0x4a07,0x41c6,
  0x41c6,0x5248,0x4a07,0x41c6,0x5227,0x3165,0x0841,0x0020,0x0841,0x0861,0x0861,0x0841,0x0861,0x0861,0x1082,0x0861,0x0841,0x0861,0x0861,0x0841,
  0x0021,0x0841,0x0841,0x0841,0x1082,0x1082,0x0861,0x0861,0x0862,0x0861,0x0861,0x10a2,0x0861,0x0841,0x0861,0x0841,0x0861,0x0862,0x1082,0x0861,
  0x1082,0x0861,0x0841,0x0861,0x0862,0x0861,0x18c3,0x10a2,0x0862,0x0882,0x10a2,0x1082,0x1082,0x1082,0x10a2,0x10a2,0x1082,0x0862,0x0861,0x0020,
  0x0020,0x0020,0x0841,0x1082,0x10a2,0x1082,0x1082,0x0862,0x1082,0x0862,0x1082,0x1082,0x0861,0x1082,0x1082,0x18a3,0x10a2,0x0861,0x1082,0x18c3,
  0x18c3,0x0862,0x1082,0x10a2,0x1082,0x0861,0x10a2,0x10a2,0x1082,0x0841,0x0841,0x0861,0x0861,0x0862,0x1082,0x1082,0x0861,0x1082,0x1082,0x1082,
  0x1082,0x0020,0x0020,0x0861,0x3185,0x39a6,0x3985,0x3185,0x39a6,0x3985,0x3186,0x39c7,0x3186,0x3986,0x39a6,0x3165,0x39a6,0x39c6,0x5248,0x3186,
  0x3165,0x3186,0x3186,0x39c7,0x41e7,0x41e7,0x2965,0x2945,0x41e7,0x62a9,0x5227,0x2944,0x2944,0x3164,0x3985,0x4a07,0x41e7,0x3185,0x39c6,0x39a6,
  0x4208,0x39e7,0x4208,0x39c7,0x39c7,0x39c7,0x4208,0x5aca,0x5289,0x4a48,0x4a48,0x5269,0x5aaa,0x4a28,0x41e7,0x4a48,0x5a89,0x4a28,0x4a48,0x4228,
  0x41c7,0x4207,0x4a28,0x5a89,0x4a48,0x39a6,0x4207,0x39a6,0x3186,0x3986,0x3986,0x1061,0x0000,0x0020,0x0000,0x0820,0x18e3,0x18e3,0x18e3,0x2104,
  0x2944,0x18c3,0x2104,0x2944,0x2124,0x2944,0x2124,0x39a6,0x3185,0x3165,0x3986,0x39a5,0x2923,0x3985,0x2944,0x2965,0x2124,0x3186,0x2124,0x18e3,
  0x18e3,0x18c3,0x2104,0x2104,0x2104,0x2925,0x2924,0x18c3,0x2104,0x18e3,0x2924,0x2945,0x2104,0x18c3,0x18c3,0x2924,0x10a2,0x10a3,0x18c3,0x10a3,
  0x2124,0x2945,0x2945,0x31a6,0x18e3,0x1082,0x18c3,0x18e3,0x2104,0x2104,0x18c3,0x2923,0x20e3,0x2104,0x18c3,0x20e3,0x2924,0x20e3,0x18c2,0x10a2,
  0x10a2,0x20e3,0x18a2,0x18a2,0x1082,0x10a2,0x1082,0x10a3,0x20e3,0x10a2,0x0882,0x18c3,0x18e3,0x18c3,0x1082,0x1082,0x1082,0x1082,0x1082,0x1082,
  0x41c6,0x41c6,0x3985,0x3985,0x41c6,0x4a07,0x4a27,0x4a07,0x41e6,0x41c6,0x39a6,0x39a5,0x41a5,0x3985,0x3985,0x41c6,0x41a5,0x41a5,0x41c5,0x41c6,
  0x4a07,0x5248,0x5227,0x5248,0x5227,0x49e6,0x2903,0x0000,0x0020,0x0020,0x0020,0x0841,0x1081,0x0882,0x1082,0x1082,0x10a2,0x0861,0x1082,0x1082,
  0x0862,0x0021,0x0841,0x0841,0x0841,0x0841,0x0861,0x1082,0x0861,0x0861,0x0861,0x18c3,0x18e4,0x0861,0x0861,0x0861,0x0861,0x0861,0x0861,0x1082,
  0x0862,0x0861,0x10a2,0x10a2,0x1082,0x0861,0x0862,0x0841,0x0861,0x0862,0x0861,0x0841,0x0841,0x0861,0x10a2,0x0862,0x1082,0x1082,0x1082,0x0841,
  0x1061,0x1081,0x0861,0x1082,0x0862,0x0861,0x0862,0x0862,0x1082,0x1082,0x1082,0x0861,0x0862,0x1082,0x18c3,0x18c3,0x18a2,0x1082,0x18a3,0x1082,
  0x18c3,0x1082,0x18c3,0x18c3,0x0841,0x0861,0x0862,0x0861,0x0862,0x0882,0x0841,0x0841,0x0861,0x0861,0x1082,0x0861,0x0861,0x10a2,0x1082,0x0861,
  0x1082,0x0020,0x0841,0x2924,0x41e6,0x39a6,0x3165,0x2944,0x2945,0x2945,0x2965,0x3986,0x3186,0x2945,0x2945,0x3186,0x39a6,0x2966,0x39e7,0x3165,
  0x3165,0x39a6,0x3185,0x3165,0x2944,0x41e6,0x4207,0x39c7,0x5248,0x5a68,0x41c6,0x2103,0x3985,0x49c5,0x41e6,0x3165,0x3165,0x3165,0x4a28,0x4207,
  0x39c7,0x39c7,0x39a6,0x41e7,0x4a07,0x5248,0x528a,0x41e7,0x41e7,0x4a07,0x39a6,0x41e7,0x4a28,0x4a48,0x4a28,0x4a28,0x4a07,0x5268,0x4a28,0x4208,
  0x41e7,0x5248,0x5268,0x5269,0x41e7,0x39a6,0x41e7,0x41e7,0x39c7,0x3186,0x39c6,0x3185,0x0841,0x0000,0x0020,0x0020,0x18c3,0x18e3,0x2104,0x20e3,
  0x2103,0x10c3,0x2924,0x2124,0x18e3,0x20e3,0x2965,0x2104,0x2124,0x2945,0x2944,0x3144,0x3165,0x41c6,0x3165,0x39c7,0x18e4,0x2945,0x2124,0x2104,
  0x2944,0x10a2,0x18c3,0x18e3,0x2965,0x39a6,0x2104,0x18c3,0x18e3,0x18c3,0x18c3,0x2104,0x20e3,0x18c3,0x18e3,0x18c3,0x18e3,0x18e4,0x18c3,0x18e3,
  0x10a2,0x18e4,0x3165,0x4a07,0x3164,0x1082,0x18e3,0x18e3,0x39a6,0x3165,0x1082,0x18c3,0x2103,0x10a2,0x0862,0x10a2,0x18a2,0x18e3,0x20e3,0x10a2,
  0x10a2,0x1082,0x18a2,0x20e3,0x20e3,0x10a2,0x1082,0x10a2,0x1082,0x1082,0x10c3,0x1082,0x1082,0x0861,0x10a2,0x10a2,0x1082,0x1082,0x1082,0x1082,
  0x3985,0x3985,0x3164,0x3165,0x39c6,0x4a07,0x4a27,0x4a07,0x41e6,0x41e6,0x41e7,0x41e7,0x41c6,0x41c5,0x41a5,0x39a5,0x3985,0x3965,0x3985,0x49e6,
  0x5248,0x5227,0x5227,0x4a07,0x41c6,0x41e6,0x41c6,0x20c3,0x0020,0x0020,0x0000,0x0020,0x0841,0x0861,0x0020,0x0841,0x1082,0x0020,0x0020,0x0862,
  0x0861,0x0841,0x0861,0x1082,0x1082,0x0841,0x0861,0x10a2,0x0841,0x0861,0x0020,0x1082,0x10a2,0x0841,0x0841,0x0861,0x0841,0x0841,0x0841,0x0861,
  0x1082,0x1082,0x18c3,0x10a2,0x1082,0x0841,0x0841,0x0841,0x0862,0x1082,0x0861,0x0861,0x0861,0x0861,0x0861,0x1082,0x0861,0x0861,0x0840,0x0020,
  0x18a2,0x18a2,0x0841,0x0861,0x0861,0x1082,0x0862,0x0862,0x0862,0x1082,0x1082,0x0841,0x1082,0x10a2,0x1082,0x1082,0x10a2,0x10a2,0x10a2,0x1082,
  0x0861,0x1082,0x1082,0x10a2,0x1082,0x1082,0x0861,0x0861,0x0862,0x1082,0x0861,0x0841,0x0841,0x0841,0x0861,0x1081,0x0861,0x0861,0x0861,0x0861,
  0x0861,0x0841,0x20e3,0x3165,0x2944,0x3165,0x2945,0x2965,0x2945,0x2945,0x2945,0x2945,0x2945,0x3165,0x39a6,0x3165,0x18e3,0x2945,0x2945,0x2945,
  0x3185,0x41c6,0x3985,0x2103,0x20e3,0x3985,0x4a07,0x3165,0x39a5,0x51e6,0x3144,0x2903,0x41a5,0x5226,0x41c6,0x2944,0x2924,0x3985,0x41c7,0x4a08,
  0x4207,0x3165,0x3165,0x41e6,0x5227,0x5248,0x4208,0x39a6,0x39e7,0x5248,0x5aaa,0x5aaa,0x4a28,0x39c6,0x5269,0x5289,0x4a48,0x41e7,0x41e7,0x4208,
  0x4a48,0x4a28,0x4a28,0x4207,0x41e7,0x41c7,0x39e7,0x41c7,0x41e7,0x39a6,0x3185,0x3185,0x2924,0x0020,0x0020,0x0020,0x18c3,0x2103,0x2104,0x18e3,
  0x18e3,0x18c3,0x2944,0x2104,0x20e3,0x2124,0x2924,0x2945,0x18c3,0x18e3,0x2103,0x20e3,0x3985,0x39a6,0x39a6,0x41e7,0x2945,0x2924,0x2965,0x2124,
  0x2104,0x18e4,0x18e3,0x2945,0x3186,0x2945,0x20e3,0x18e4,0x18e3,0x18c3,0x10a3,0x18e3,0x2104,0x2104,0x18a3,0x18c3,0x2104,0x2124,0x18e3,0x18c3,
  0x10a2,0x10a2,0x3185,0x2944,0x18c3,0x18c3,0x18e3,0x18c3,0x18c3,0x18c3,0x18a2,0x1082,0x1082,0x1082,0x1082,0x0862,0x1062,0x1082,0x18c3,0x2903,
  0x2924,0x10a2,0x1082,0x18c2,0x2923,0x10a2,0x1082,0x0861,0x1082,0x18c3,0x18c3,0x10a2,0x0861,0x0882,0x18c3,0x18e3,0x18c3,0x1082,0x0841,0x0862,
  0x3144,0x3144,0x3144,0x3144,0x3985,0x39c6,0x41c6,0x41c6,0x39a6,0x39a6,0x41e7,0x4a27,0x4a07,0x41a5,0x3984,0x3985,0x3985,0x41a6,0x39a6,0x41a5,
  0x41c6,0x49e6,0x4a27,0x41c6,0x3985,0x39a5,0x41a6,0x41c6,0x10a2,0x0020,0x0841,0x0020,0x0841,0x0020,0x0020,0x0841,0x0020,0x0841,0x0020,0x0841,
  0x0020,0x0861,0x0861,0x0841,0x0861,0x0861,0x0861,0x1082,0x0020,0x0020,0x1082,0x0861,0x0841,0x0841,0x0841,0x0861,0x0841,0x0861,0x0861,0x0841,
  0x0861,0x10a2,0x0861,0x18c3,0x10a2,0x0882,0x0841,0x1082,0x1082,0x0841,0x0841,0x0861,0x1062,0x0861,0x0861,0x0861,0x0841,0x0841,0x0020,0x0861,
  0x0862,0x0861,0x1082,0x0861,0x0841,0x0861,0x0861,0x0861,0x0861,0x0862,0x1082,0x10a2,0x18c3,0x1082,0x0841,0x0861,0x0861,0x0861,0x1082,0x1082,
  0x0841,0x0841,0x10a2,0x1082,0x1082,0x0882,0x0862,0x0861,0x0861,0x0861,0x0841,0x0841,0x0841,0x0841,0x0861,0x0841,0x0841,0x0861,0x0841,0x0861,
  0x0841,0x10a2,0x2924,0x2924,0x2924,0x2924,0x2124,0x3165,0x2945,0x2124,0x2124,0x2104,0x2924,0x3186,0x3186,0x2124,0x2944,0x2924,0x2124,0x2945,
  0x4a07,0x3165,0x2924,0x3144,0x3144,0x3985,0x2944,0x2945,0x39a6,0x41c6,0x49c5,0x41e6,0x49e6,0x41c6,0x3164,0x2944,0x2944,0x39a6,0x3186,0x3186,
  0x3186,0x39a5,0x41c5,0x5247,0x5a68,0x39a6,0x39e7,0x4208,0x4a28,0x5269,0x5269,0x41e7,0x41c7,0x4207,0x5269,0x4a48,0x5248,0x4208,0x39e7,0x4208,
  0x5269,0x4207,0x4207,0x39c7,0x4a48,0x4a28,0x4a07,0x4a27,0x4a07,0x39a6,0x3185,0x39a6,0x2945,0x2103,0x0020,0x0020,0x10a2,0x2103,0x2944,0x18e3,
  0x18c3,0x18c3,0x2104,0x2103,0x2104,0x2104,0x18e3,0x2104,0x18c3,0x18e3,0x2903,0x1061,0x20e3,0x2104,0x2124,0x31a6,0x2965,0x10a2,0x2104,0x2925,
  0x2966,0x31a6,0x2945,0x2924,0x2124,0x18e4,0x1082,0x18e4,0x18c3,0x10a2,0x1082,0x18c3,0x2104,0x2124,0x2104,0x18e3,0x2124,0x18e3,0x10a3,0x10a3,
  0x18c3,0x20e3,0x18a2,0x10a2,0x18c3,0x18e3,0x10a2,0x10a2,0x10a2,0x18e3,0x2944,0x20e3,0x10a2,0x10a2,0x1082,0x0861,0x1082,0x18c3,0x18c3,0x20e3,
  0x20e3,0x18a3,0x10c2,0x1082,0x10a2,0x18a2,0x18c3,0x1082,0x10a2,0x1082,0x0861,0x1082,0x10a2,0x0862,0x1061,0x1082,0x10a2,0x10a2,0x1082,0x1082,
  0x3164,0x3144,0x3144,0x3144,0x3144,0x3165,0x3965,0x3965,0x3165,0x3165,0x3985,0x41c6,0x41c6,0x3985,0x3144,0x3144,0x3965,0x49e6,0x4a27,0x41c6,
  0x3985,0x3965,0x39a5,0x41c6,0x4a07,0x4a07,0x41c6,0x41c6,0x3185,0x0841,0x0020,0x0020,0x0020,0x0020,0x0020,0x0841,0x0841,0x0841,0x0841,0x0861,
  0x0861,0x0861,0x0841,0x0841,0x0841,0x0861,0x0861,0x0841,0x1081,0x20e3,0x18a2,0x0841,0x1082,0x0861,0x0841,0x0841,0x1082,0x0841,0x0841,0x0841,
  0x0882,0x0861,0x0841,0x1082,0x10a2,0x1082,0x0861,0x1082,0x0861,0x0841,0x1082,0x0861,0x0861,0x0861,0x0861,0x0861,0x0862,0x1061,0x1082,0x1082,
  0x0861,0x1082,0x18c3,0x0861,0x0841,0x0861,0x0861,0x0841,0x0841,0x0041,0x0861,0x10a2,0x1082,0x0841,0x0841,0x0861,0x0861,0x1082,0x1082,0x0861,
  0x0861,0x0841,0x0841,0x0861,0x0861,0x10a2,0x1082,0x0861,0x0861,0x0861,0x0841,0x0841,0x0841,0x1082,0x0861,0x0020,0x0841,0x1082,0x0861,0x0841,
  0x1061,0x18a2,0x20e3,0x20e3,0x2924,0x2124,0x2104,0x2104,0x2945,0x3165,0x2124,0x3186,0x3186,0x2945,0x2104,0x2124,0x3985,0x2944,0x2124,0x3165,
  0x3165,0x2103,0x2924,0x3164,0x41a6,0x2924,0x2124,0x2924,0x3165,0x3185,0x39a5,0x4a07,0x41a5,0x2924,0x2104,0x3165,0x41c6,0x39a6,0x3165,0x3185,
  0x3185,0x3985,0x41c5,0x41c6,0x41a5,0x39c6,0x39a6,0x4a07,0x41c7,0x39c6,0x39a6,0x41e7,0x4208,0x4a28,0x3186,0x39a6,0x39c7,0x4a08,0x4a28,0x5a89,
  0x5aca,0x41e7,0x39c6,0x39a6,0x4a07,0x4a48,0x4a28,0x39c6,0x41c6,0x4a28,0x41c6,0x3165,0x2945,0x3165,0x18e3,0x0020,0x1082,0x18c3,0x2103,0x20e3,
  0x18e3,0x18c3,0x2104,0x2924,0x2103,0x20e3,0x20e3,0x20e3,0x2104,0x18e3,0x3144,0x3124,0x2104,0x18a2,0x2965,0x2965,0x2104,0x18e4,0x20e4,0x18c3,
  0x2104,0x3165,0x2924,0x2924,0x2124,0x3186,0x2104,0x18e3,0x2104,0x18c3,0x18a3,0x18c3,0x2104,0x2104,0x10a2,0x1062,0x18c3,0x2124,0x10a2,0x18c3,
  0x2103,0x18c3,0x10a2,0x10a3,0x1082,0x10a3,0x18c3,0x18c3,0x18e3,0x10a2,0x20e3,0x2924,0x10a2,0x1082,0x18c2,0x10a2,0x18c3,0x18e3,0x2924,0x10a2,
  0x1082,0x10a2,0x10a2,0x1082,0x10a2,0x18c3,0x18c3,0x1082,0x1082,0x0861,0x10a2,0x20e3,0x10a2,0x0861,0x0841,0x0861,0x0861,0x1082,0x1082,0x1082,
  0x3985,0x3165,0x3165,0x3165,0x3165,0x3164,0x3964,0x3984,0x3164,0x3144,0x3144,0x3964,0x3985,0x3985,0x3985,0x3985,0x3985,0x41c5,0x5227,0x4a06,
  0x39a5,0x3985,0x41c6,0x41e6,0x49e6,0x4a07,0x41e6,0x39a6,0x41c6,0x20e3,0x0000,0x0020,0x0841,0x0020,0x0020,0x0020,0x0841,0x0841,0x0841,0x0841,
  0x0861,0x0861,0x0841,0x0861,0x0861,0x0841,0x0861,0x0020,0x0820,0x1082,0x0820,0x0841,0x1082,0x0861,0x0861,0x1082,0x1082,0x0861,0x1082,0x10a2,
  0x18c3,0x10a2,0x0841,0x1082,0x10a2,0x0861,0x0861,0x0841,0x0841,0x0841,0x10a2,0x0882,0x0861,0x0861,0x0861,0x0841,0x1082,0x18a2,0x0882,0x0861,
  0x0861,0x0862,0x1062,0x0841,0x0841,0x0861,0x0861,0x0020,0x0841,0x0841,0x1061,0x1082,0x0861,0x0841,0x0861,0x0841,0x1082,0x0861,0x0861,0x0841,
  0x1082,0x1082,0x1082,0x0862,0x0882,0x10a2,0x0841,0x0861,0x0841,0x0841,0x0861,0x0841,0x0841,0x0861,0x0841,0x0020,0x0841,0x0861,0x0841,0x0841,
  0x1081,0x1081,0x18a2,0x18c3,0x2104,0x2104,0x20e3,0x18e3,0x3985,0x3165,0x3165,0x41c7,0x3165,0x2124,0x20e4,0x2924,0x2924,0x2945,0x3185,0x2965,
  0x2124,0x2103,0x2924,0x2945,0x2945,0x2104,0x2924,0x3166,0x3165,0x2924,0x2945,0x2945,0x2944,0x2103,0x2944,0x41e7,0x39c6,0x3985,0x3985,0x3985,
  0x2903,0x18c2,0x2924,0x3165,0x3985,0x3165,0x41c6,0x5a88,0x41e6,0x39a6,0x3186,0x41c6,0x41c7,0x5268,0x4a28,0x39c7,0x31a6,0x39e7,0x39c7,0x5268,
  0x5a89,0x4a08,0x39c7,0x39c6,0x5a89,0x4208,0x39c6,0x31a6,0x39a6,0x41e7,0x5269,0x4207,0x2965,0x2944,0x3165,0x1082,0x0841,0x10a2,0x18a2,0x18c3,
  0x18c3,0x18a3,0x20e4,0x2124,0x18e3,0x18c3,0x20e3,0x18e3,0x18c3,0x2924,0x3985,0x41a5,0x3185,0x10a3,0x18e3,0x2103,0x2124,0x2124,0x18c3,0x10a2,
  0x2924,0x3165,0x18c3,0x20e3,0x18a3,0x2124,0x2104,0x18e4,0x18e3,0x20e3,0x18e4,0x18c3,0x2104,0x18e4,0x2104,0x10a2,0x18a2,0x2104,0x2103,0x18e3,
  0x10a2,0x1082,0x10a2,0x1082,0x0862,0x10a2,0x18c3,0x18c3,0x18c3,0x1082,0x1082,0x18c3,0x18c3,0x18a2,0x18c3,0x18e3,0x18c3,0x18c3,0x2924,0x10a2,
  0x1082,0x1082,0x0861,0x1082,0x18c3,0x18c3,0x10a2,0x1082,0x1082,0x1082,0x10a2,0x18a2,0x1082,0x0861,0x0841,0x0861,0x10a3,0x1082,0x0841,0x0861,
  0x3985,0x3165,0x3144,0x3165,0x3985,0x3985,0x39a5,0x41c5,0x41c5,0x3985,0x3144,0x3144,0x3144,0x3164,0x3985,0x41c6,0x4a07,0x4a07,0x4a07,0x4a07,
  0x41c6,0x39a6,0x41e6,0x41c6,0x3985,0x39a5,0x39a5,0x3985,0x39a6,0x3165,0x1082,0x0020,0x0840,0x0020,0x0020,0x0020,0x0020,0x0020,0x0841,0x0020,
  0x0021,0x0821,0x0841,0x1082,0x1062,0x0841,0x0021,0x0020,0x0841,0x0020,0x0861,0x0841,0x0020,0x10a2,0x10a3,0x0861,0x1061,0x1082,0x0861,0x1082,
  0x18c3,0x10a2,0x0841,0x0861,0x0861,0x0861,0x0841,0x0861,0x0861,0x0861,0x0841,0x0861,0x0861,0x1082,0x0841,0x0020,0x0820,0x0861,0x1082,0x1082,
  0x0861,0x0862,0x0861,0x0861,0x0861,0x0862,0x0861,0x0861,0x0841,0x0841,0x0841,0x0841,0x0861,0x0862,0x1082,0x0841,0x0841,0x0841,0x0841,0x0841,
  0x0862,0x0862,0x0861,0x0861,0x0862,0x0861,0x0861,0x0861,0x0861,0x0841,0x0841,0x0841,0x0841,0x0841,0x0020,0x0820,0x0841,0x0841,0x0841,0x0020,
  0x0841,0x1082,0x18a2,0x18c3,0x20e3,0x20e3,0x2104,0x2124,0x2945,0x2104,0x39a6,0x2945,0x2104,0x2924,0x2965,0x3185,0x2104,0x2924,0x2944,0x3165,
  0x3144,0x2944,0x2124,0x2924,0x2104,0x2965,0x39e7,0x2945,0x2924,0x2924,0x2945,0x18e3,0x2924,0x4a07,0x5227,0x3165,0x2124,0x2924,0x3123,0x3143,
  0x3143,0x2903,0x2924,0x2945,0x3165,0x3165,0x49e6,0x41c5,0x3985,0x3185,0x2944,0x39a5,0x41c6,0x39a6,0x4207,0x4a28,0x5248,0x5a89,0x5248,0x3186,
  0x41e7,0x4a28,0x4a28,0x4a07,0x41e7,0x39c7,0x39c6,0x31a6,0x39a6,0x41c7,0x4207,0x5248,0x39c6,0x3165,0x2945,0x2124,0x1081,0x1082,0x10a2,0x18c2,
  0x18c3,0x18a2,0x10a2,0x18e3,0x20e3,0x2104,0x10a2,0x18e3,0x18c3,0x2103,0x2924,0x3164,0x3164,0x18c3,0x18c3,0x10a2,0x2124,0x2104,0x2124,0x2124,
  0x2124,0x10a2,0x18c3,0x18e3,0x1082,0x1082,0x18c3,0x18c3,0x18e3,0x2945,0x10a2,0x10a3,0x10a3,0x18c3,0x2124,0x2945,0x2104,0x3145,0x2104,0x10a2,
  0x18c3,0x10a2,0x1082,0x10a2,0x10a2,0x10a2,0x10a2,0x10a2,0x1082,0x0861,0x1082,0x18c3,0x10a2,0x20e3,0x2103,0x2103,0x1082,0x0861,0x18c2,0x18c3,
  0x1082,0x0861,0x1082,0x10a2,0x20e2,0x1082,0x1082,0x1082,0x1082,0x1082,0x10a3,0x18c3,0x0841,0x0861,0x0861,0x1082,0x0861,0x0841,0x0841,0x0861,
  0x3165,0x3144,0x2924,0x3144,0x3985,0x39a6,0x41c6,0x41e6,0x49e6,0x41a5,0x3144,0x3144,0x3964,0x3144,0x3144,0x3985,0x41e6,0x49e6,0x39a6,0x39a5,
  0x3985,0x39a5,0x4a07,0x4a07,0x3985,0x3985,0x3164,0x3144,0x3165,0x39a5,0x3144,0x0841,0x0000,0x0020,0x0020,0x0020,0x0020,0x0841,0x0841,0x0841,
  0x0841,0x0020,0x0841,0x1082,0x0861,0x0840,0x0000,0x0020,0x0861,0x1082,0x0861,0x0841,0x0841,0x0841,0x1082,0x10a2,0x18c3,0x10a2,0x0041,0x0841,
  0x1082,0x0861,0x0841,0x0020,0x0000,0x0841,0x0861,0x1082,0x0841,0x1082,0x0861,0x0861,0x0841,0x0861,0x0841,0x0841,0x0841,0x0020,0x0861,0x0862,
  0x0841,0x0861,0x0841,0x0861,0x0841,0x0841,0x1082,0x1082,0x0841,0x0841,0x0020,0x0841,0x0841,0x0861,0x0861,0x0840,0x0841,0x0841,0x0841,0x0861,
  0x0861,0x0861,0x0861,0x0841,0x0841,0x0841,0x1082,0x1061,0x0861,0x0861,0x0020,0x0861,0x0861,0x0020,0x0841,0x0841,0x0841,0x0841,0x0820,0x0000,
  0x0840,0x1082,0x10a2,0x18a2,0x2104,0x20e3,0x20e3,0x2924,0x2124,0x2924,0x2104,0x2124,0x2104,0x2924,0x2945,0x2945,0x18e3,0x2103,0x2924,0x2924,
  0x2944,0x2945,0x2104,0x20e3,0x2924,0x3185,0x3165,0x2104,0x2924,0x2944,0x18c3,0x1082,0x2924,0x49e7,0x3144,0x18c3,0x2103,0x2903,0x2903,0x3964,
  0x41a4,0x4184,0x3964,0x2924,0x2104,0x2944,0x39a5,0x3165,0x3165,0x3186,0x39c6,0x39a6,0x3186,0x2945,0x39e7,0x5248,0x5248,0x49e7,0x5a69,0x41e7,
  0x2944,0x39c6,0x41e7,0x3185,0x3165,0x3185,0x39a6,0x4a28,0x4a28,0x4a48,0x4a28,0x41e7,0x3186,0x39a6,0x2945,0x2945,0x20e3,0x1082,0x1082,0x18c2,
  0x18c3,0x18e3,0x10a2,0x1082,0x18c3,0x18c3,0x18e3,0x2104,0x2103,0x10a2,0x2124,0x3164,0x2924,0x18e3,0x18c3,0x18c3,0x18c3,0x18c3,0x2104,0x2104,
  0x2904,0x0861,0x1082,0x10a2,0x1082,0x10a3,0x18c3,0x1082,0x18a2,0x2104,0x10a2,0x18c3,0x18c3,0x0862,0x18c3,0x2124,0x20e3,0x2944,0x10a2,0x0861,
  0x10a2,0x10a3,0x10a3,0x10a2,0x10a2,0x1082,0x0861,0x0861,0x0861,0x0862,0x0862,0x10a2,0x18c3,0x18e3,0x18c3,0x10a2,0x1082,0x0861,0x1082,0x18c3,
  0x18c3,0x1082,0x1082,0x1082,0x10a2,0x18c2,0x0861,0x0861,0x1082,0x1082,0x10a2,0x1082,0x0841,0x1082,0x1082,0x0861,0x0861,0x0841,0x0861,0x0862,
  0x3164,0x2944,0x2944,0x2944,0x3165,0x39a6,0x41e6,0x41c6,0x3985,0x3984,0x3144,0x3144,0x41c5,0x41a5,0x3144,0x3164,0x3985,0x3165,0x3165,0x3985,
  0x3985,0x39c6,0x4a07,0x41c6,0x3985,0x39a5,0x3985,0x3144,0x3985,0x41c6,0x39a6,0x20e3,0x0000,0x0020,0x0000,0x0020,0x0020,0x0020,0x0020,0x0841,
  0x0841,0x0841,0x0841,0x0841,0x0841,0x0020,0x0020,0x0000,0x0841,0x1082,0x1082,0x0861,0x0861,0x0841,0x0841,0x1082,0x1082,0x0841,0x0841,0x1082,
  0x0862,0x0861,0x0861,0x0861,0x0841,0x0841,0x0861,0x1082,0x0862,0x0861,0x0861,0x0841,0x0841,0x0821,0x0841,0x0861,0x0841,0x0861,0x0861,0x0861,
  0x0861,0x0841,0x0841,0x0841,0x0841,0x0861,0x0861,0x0862,0x0841,0x0861,0x0841,0x0021,0x0021,0x0020,0x0020,0x0840,0x0841,0x0841,0x0841,0x0841,
  0x0841,0x0861,0x0861,0x0861,0x0841,0x0020,0x0841,0x0841,0x0841,0x0841,0x0841,0x0841,0x0841,0x0861,0x0841,0x0841,0x0841,0x0841,0x0020,0x0000,
  0x0840,0x1082,0x10a2,0x10a2,0x18c3,0x2103,0x20e4,0x3165,0x2924,0x2944,0x18e3,0x20e4,0x3185,0x41a6,0x2924,0x2104,0x2104,0x2945,0x2924,0x2104,
  0x2104,0x2124,0x2124,0x2103,0x2944,0x3165,0x2924,0x3164,0x3144,0x2924,0x20e3,0x18c3,0x20e3,0x18c3,0x18a2,0x18c2,0x2103,0x2923,0x3144,0x41a5,
  0x3144,0x3964,0x4184,0x3143,0x2903,0x2944,0x3165,0x3165,0x3985,0x3985,0x39c6,0x41e7,0x41e7,0x3185,0x3186,0x4a28,0x5227,0x41c7,0x4207,0x39c6,
  0x2903,0x3185,0x5269,0x5a89,0x41c6,0x3186,0x4a28,0x62ca,0x5a89,0x4207,0x4a28,0x5248,0x41e7,0x3185,0x3185,0x2944,0x2924,0x18c3,0x1061,0x1082,
  0x18e3,0x20e3,0x18c2,0x0861,0x10a2,0x10a2,0x18c3,0x2124,0x18e3,0x18a3,0x20e3,0x2904,0x20e3,0x18c3,0x2103,0x3145,0x18e3,0x10a2,0x10a2,0x2124,
  0x2944,0x10a2,0x1082,0x0861,0x1082,0x18c3,0x20e3,0x10a2,0x0862,0x1082,0x1082,0x10a2,0x10a2,0x10a2,0x18c3,0x1082,0x10a2,0x2124,0x10a2,0x1082,
  0x0861,0x0861,0x1082,0x10a2,0x10a2,0x1082,0x0861,0x0862,0x10a2,0x10a2,0x1082,0x1082,0x1082,0x1082,0x1082,0x1082,0x18c2,0x18c2,0x0861,0x0861,
  0x10a2,0x10a2,0x1082,0x0861,0x10a2,0x20e3,0x1082,0x0861,0x1082,0x10a2,0x1082,0x0861,0x0861,0x0841,0x0841,0x0861,0x0862,0x10a2,0x10a2,0x1082,
  0x3165,0x3165,0x3165,0x3144,0x3144,0x3985,0x41c6,0x39a6,0x3144,0x2923,0x2923,0x3964,0x5206,0x5206,0x3985,0x3164,0x3985,0x3164,0x3144,0x39a5,
  0x41c6,0x39a6,0x3985,0x3165,0x3985,0x41c6,0x4a07,0x39a5,0x3164,0x3165,0x3164,0x3164,0x0841,0x0000,0x0020,0x0000,0x0020,0x0020,0x0020,0x0020,
  0x0020,0x0841,0x0841,0x0020,0x0841,0x0841,0x0841,0x0861,0x0841,0x0841,0x0841,0x0841,0x0841,0x0841,0x0861,0x0861,0x1061,0x0861,0x1082,0x0861,
  0x0841,0x0841,0x0841,0x0841,0x0861,0x0861,0x0841,0x0841,0x0861,0x0861,0x0841,0x0841,0x0841,0x0841,0x0841,0x0861,0x0861,0x0861,0x0841,0x0841,
  0x0841,0x0841,0x0841,0x0021,0x0861,0x1082,0x0841,0x0020,0x0841,0x0841,0x0841,0x0821,0x0841,0x0020,0x0020,0x0041,0x0020,0x0841,0x0841,0x0841,
  0x0841,0x0020,0x0841,0x0841,0x0841,0x0861,0x0841,0x0020,0x0840,0x0840,0x0020,0x0020,0x0841,0x0841,0x0841,0x0820,0x0820,0x0020,0x0000,0x0000,
  0x0841,0x1082,0x18a2,0x18c3,0x2103,0x18c3,0x18c3,0x20e3,0x20e3,0x2103,0x2104,0x2104,0x3144,0x3164,0x2924,0x2103,0x3165,0x41a5,0x3164,0x2124,
  0x20e3,0x20e3,0x2924,0x2945,0x2944,0x2944,0x2924,0x3985,0x3985,0x20e3,0x20e3,0x20e3,0x2103,0x3985,0x3985,0x18e3,0x2903,0x3963,0x3964,0x3964,
  0x20c2,0x18a2,0x3143,0x3984,0x3164,0x3165,0x2945,0x2944,0x2944,0x3186,0x39a6,0x3165,0x39c6,0x39c7,0x39c7,0x5248,0x62a8,0x5227,0x39a6,0x3186,
  0x3986,0x41e7,0x41c6,0x39a6,0x4a07,0x5248,0x5a69,0x4a07,0x4a07,0x41c6,0x39c6,0x4207,0x4a07,0x41e7,0x39a6,0x3165,0x2104,0x2104,0x1081,0x0841,
  0x1082,0x18a2,0x18a2,0x10a2,0x18a2,0x18c2,0x18a2,0x20e3,0x2924,0x10a2,0x20e3,0x20e3,0x10a2,0x0861,0x20e3,0x2124,0x18c3,0x18c3,0x18e3,0x2104,
  0x2945,0x18e4,0x2124,0x18a2,0x10a2,0x18c3,0x18c3,0x1082,0x1082,0x10a3,0x2945,0x18e3,0x18e3,0x2104,0x18e3,0x1082,0x1082,0x0861,0x1082,0x10a2,
  0x1082,0x1082,0x18c3,0x18c3,0x18a2,0x1082,0x0882,0x0862,0x18c2,0x18c3,0x2104,0x10a2,0x0861,0x0861,0x0861,0x1082,0x18c3,0x18a2,0x1081,0x0861,
  0x0861,0x0861,0x0861,0x1082,0x10a2,0x1081,0x1081,0x1082,0x18c3,0x18c3,0x0861,0x0861,0x1082,0x0861,0x0861,0x0861,0x0841,0x10a2,0x10a2,0x0861,
  0x3985,0x41c6,0x41c6,0x3165,0x3144,0x3185,0x39a6,0x3185,0x2924,0x20e3,0x20e3,0x3144,0x41c5,0x41c5,0x3964,0x3144,0x39a5,0x41a6,0x39a5,0x39a5,
  0x39a5,0x3165,0x3144,0x3185,0x41e6,0x39a5,0x41a6,0x41c6,0x3985,0x3123,0x2924,0x3985,0x20e3,0x0000,0x0000,0x0000,0x0000,0x0020,0x0841,0x0020,
  0x0020,0x0020,0x0020,0x0841,0x0820,0x0841,0x18a2,0x1061,0x0841,0x0861,0x0841,0x0020,0x0841,0x0841,0x0861,0x0861,0x0861,0x0861,0x0841,0x0021,
  0x0020,0x0841,0x0841,0x1082,0x1082,0x1082,0x0821,0x0841,0x0841,0x0841,0x0861,0x0841,0x0841,0x0841,0x0841,0x0861,0x1082,0x0861,0x0020,0x0020,
  0x0020,0x0821,0x0021,0x0021,0x0841,0x0020,0x0841,0x0841,0x0841,0x0021,0x0021,0x0861,0x0841,0x0841,0x0841,0x0841,0x0841,0x0821,0x0841,0x0821,
  0x0841,0x0861,0x0020,0x0841,0x0861,0x0861,0x0841,0x0020,0x0861,0x0841,0x0020,0x0020,0x0841,0x0841,0x0820,0x0020,0x0020,0x0000,0x0000,0x0020,
  0x0861,0x1082,0x10a2,0x18c3,0x20e3,0x18e3,0x18c3,0x10a2,0x18e3,0x18c3,0x18c3,0x2104,0x20e3,0x18e3,0x2924,0x2104,0x3165,0x3985,0x2944,0x2104,
  0x20e3,0x2103,0x2944,0x2104,0x2104,0x2104,0x2104,0x2104,0x2104,0x2924,0x3165,0x41e6,0x41a5,0x41c6,0x3144,0x2924,0x2103,0x18a1,0x3143,0x2902,
  0x20c2,0x2103,0x3144,0x3985,0x39c6,0x39a6,0x2944,0x3165,0x39a5,0x3185,0x39a6,0x3185,0x2965,0x39a6,0x39a6,0x3965,0x41c6,0x3165,0x3165,0x31a6,
  0x41e7,0x39c6,0x3186,0x39c6,0x4a06,0x5227,0x4a07,0x4a28,0x4a07,0x39a6,0x3185,0x41c6,0x41c6,0x39c7,0x39c6,0x39a6,0x2944,0x2944,0x18c3,0x0020,
  0x0841,0x1061,0x1082,0x10a2,0x20e3,0x2924,0x18c3,0x2104,0x18e3,0x18e3,0x2923,0x18c2,0x10a2,0x18c3,0x1082,0x18e3,0x18c3,0x18c3,0x2924,0x18c3,
  0x10a3,0x18c3,0x2104,0x2104,0x18c3,0x18c3,0x10a2,0x18c3,0x18c3,0x18e3,0x2104,0x0861,0x18e3,0x18e3,0x1082,0x20e3,0x18c3,0x0861,0x0861,0x18c3,
  0x18c3,0x1062,0x1082,0x10a2,0x10a2,0x1082,0x10a2,0x1062,0x10a2,0x1082,0x10a2,0x0861,0x1082,0x1082,0x1082,0x1082,0x0861,0x0861,0x1082,0x0861,
  0x0861,0x0861,0x0861,0x1082,0x0861,0x0861,0x0861,0x1081,0x18a2,0x1081,0x0841,0x1082,0x1082,0x0861,0x0861,0x1082,0x0861,0x0861,0x0841,0x0841,
  0x39a6,0x4a07,0x41e7,0x3985,0x3144,0x3185,0x39a6,0x3165,0x2924,0x2103,0x2103,0x2944,0x3164,0x3144,0x2903,0x3123,0x3984,0x41c6,0x41a5,0x3164,
  0x3144,0x3144,0x3165,0x41c6,0x4a07,0x39a5,0x3164,0x39a5,0x39a5,0x3144,0x2903,0x3164,0x3144,0x0841,0x0000,0x0000,0x0000,0x0000,0x0020,0x0020,
  0x0020,0x0020,0x0020,0x0820,0x0841,0x0861,0x1082,0x0861,0x0020,0x0841,0x0020,0x0020,0x0020,0x0841,0x0861,0x0841,0x0841,0x0861,0x0841,0x0020,
  0x0041,0x1081,0x0861,0x0841,0x0861,0x0861,0x0861,0x0861,0x0841,0x0862,0x0841,0x0841,0x0861,0x0841,0x0861,0x0841,0x0861,0x0861,0x0020,0x0841,
  0x0841,0x0841,0x0020,0x0020,0x0021,0x0841,0x0841,0x0841,0x0020,0x0020,0x0841,0x0841,0x0841,0x0841,0x0020,0x0020,0x0841,0x0861,0x0841,0x0841,
  0x0841,0x0841,0x0841,0x0841,0x0820,0x0841,0x0861,0x0841,0x0841,0x0841,0x0020,0x0020,0x0841,0x0841,0x0020,0x0020,0x0020,0x0000,0x0000,0x0840,
  0x1081,0x1082,0x18a2,0x10a2,0x18c3,0x18c3,0x18c3,0x20e3,0x18e3,0x18c3,0x18c3,0x2103,0x2104,0x18e3,0x18e3,0x20e3,0x2103,0x2924,0x3165,0x20e3,
  0x20e3,0x2104,0x2924,0x2104,0x2104,0x2104,0x18e3,0x2104,0x2944,0x2104,0x2104,0x3165,0x39a5,0x3185,0x20e3,0x18c3,0x2103,0x2903,0x3103,0x3123,
  0x2923,0x3165,0x3144,0x2903,0x2944,0x3165,0x3165,0x2944,0x3165,0x2945,0x3165,0x3185,0x3165,0x4a27,0x41c6,0x3144,0x3186,0x3185,0x3186,0x39c6,
  0x4a07,0x4a28,0x4207,0x4a27,0x5247,0x4a06,0x41e7,0x4a28,0x5a89,0x4a27,0x39a6,0x3165,0x39a6,0x3185,0x39a6,0x39c6,0x3185,0x3185,0x2124,0x1082,
  0x0020,0x0861,0x1061,0x0861,0x1082,0x18a2,0x1082,0x10a2,0x1082,0x20e3,0x2903,0x18c2,0x18c3,0x18e3,0x10a2,0x18c3,0x2104,0x2944,0x3186,0x18e3,
  0x10a2,0x18c3,0x18c3,0x20e4,0x1082,0x1082,0x18e3,0x2104,0x18e3,0x18c3,0x1082,0x0841,0x18c3,0x10a2,0x1082,0x18e3,0x10a2,0x1062,0x0862,0x10a2,
  0x18c3,0x18c3,0x18e3,0x20e3,0x1062,0x0861,0x1082,0x18c3,0x18c3,0x18c3,0x18a2,0x0861,0x1082,0x1082,0x10a2,0x1082,0x0841,0x0841,0x0841,0x0861,
  0x0861,0x1082,0x1082,0x1082,0x0861,0x0841,0x0820,0x0000,0x1061,0x18c2,0x1082,0x10a2,0x1082,0x0861,0x0861,0x1082,0x0861,0x0861,0x0861,0x0861,
  0x39a6,0x41e7,0x41e7,0x3985,0x3165,0x3165,0x3185,0x3144,0x2944,0x3144,0x3164,0x2944,0x2924,0x2904,0x2924,0x3964,0x3984,0x3964,0x3144,0x2923,
  0x2923,0x3964,0x41c6,0x49e6,0x41e6,0x3985,0x3165,0x39a6,0x3985,0x3164,0x2103,0x2944,0x3144,0x10a2,0x0000,0x0020,0x0020,0x0000,0x0020,0x0020,
  0x0020,0x0020,0x0020,0x0020,0x0020,0x0861,0x0861,0x0841,0x0020,0x0020,0x0841,0x0020,0x0020,0x0841,0x0841,0x0020,0x0021,0x0841,0x0841,0x0841,
  0x0841,0x0861,0x0861,0x1082,0x0841,0x0861,0x0861,0x0841,0x0841,0x0841,0x0841,0x0841,0x0841,0x0861,0x1082,0x0841,0x0841,0x0841,0x0020,0x0841,
  0x0841,0x0020,0x0020,0x0020,0x0020,0x0020,0x0020,0x0020,0x0020,0x0020,0x0841,0x0020,0x0020,0x0020,0x0020,0x0020,0x0861,0x0841,0x0020,0x0020,
  0x0020,0x0020,0x0020,0x0020,0x0020,0x0020,0x0841,0x0020,0x0020,0x0020,0x0020,0x0020,0x0020,0x0020,0x0020,0x0020,0x0000,0x0000,0x0000,0x0820,
  0x0861,0x1061,0x18a2,0x2104,0x18c3,0x18c3,0x2104,0x18e3,0x18c3,0x10a2,0x10a2,0x2103,0x2103,0x2103,0x18c3,0x18c3,0x18a3,0x18e3,0x2104,0x2924,
  0x2924,0x2104,0x2924,0x3165,0x2104,0x2104,0x2104,0x41a6,0x3165,0x2104,0x2104,0x2104,0x2924,0x2944,0x2104,0x2104,0x31a6,0x3985,0x20c2,0x3123,
  0x3964,0x2924,0x20e3,0x3143,0x3144,0x3165,0x2945,0x3185,0x41e7,0x3186,0x41e7,0x41e6,0x39a6,0x41c6,0x3144,0x3985,0x3185,0x39a6,0x41c6,0x41c6,
  0x39a6,0x41c6,0x5a89,0x5268,0x41c6,0x3185,0x2945,0x3165,0x41e7,0x5227,0x5268,0x41e7,0x39c6,0x39a6,0x39a6,0x2945,0x2945,0x3185,0x2944,0x20e3,
  0x0841,0x0841,0x0861,0x1061,0x0861,0x1082,0x10a2,0x1082,0x10a2,0x10a2,0x18c2,0x18a2,0x10a2,0x18c3,0x18c3,0x2104,0x2104,0x2924,0x39a6,0x2104,
  0x10a2,0x1082,0x1082,0x10a2,0x1082,0x0882,0x18c3,0x2945,0x1903,0x18e3,0x1082,0x1082,0x20e3,0x18c3,0x0861,0x0861,0x2104,0x18c3,0x1082,0x1082,
  0x0861,0x18e3,0x2945,0x18c3,0x0861,0x18c3,0x18e3,0x2104,0x10a2,0x1082,0x1082,0x0861,0x0861,0x0861,0x1082,0x1082,0x0861,0x0841,0x0841,0x0861,
  0x1061,0x0861,0x1061,0x0861,0x0841,0x0820,0x0000,0x0020,0x0020,0x1081,0x1082,0x0861,0x0861,0x0861,0x0861,0x0861,0x0861,0x0841,0x0841,0x0861,
  0x3165,0x3985,0x3986,0x3185,0x2944,0x2944,0x2944,0x2924,0x3144,0x39a5,0x41a6,0x3165,0x2924,0x2924,0x3985,0x39a5,0x3964,0x2903,0x28e3,0x2923,
  0x3964,0x41a5,0x49e6,0x41c5,0x39a5,0x39a6,0x3985,0x4a07,0x4a07,0x3185,0x3144,0x3144,0x2944,0x2103,0x0020,0x0000,0x0020,0x0020,0x0000,0x0020,
  0x0000,0x0000,0x0020,0x0020,0x0020,0x0841,0x0861,0x0841,0x0020,0x0021,0x0841,0x0841,0x0841,0x0841,0x0841,0x0841,0x0020,0x0020,0x0841,0x0841,
  0x0841,0x0861,0x0841,0x0841,0x0861,0x0841,0x0861,0x0841,0x0841,0x0020,0x0020,0x0020,0x0020,0x0841,0x0841,0x0020,0x0820,0x0841,0x0820,0x0020,
  0x0020,0x0841,0x0020,0x0020,0x0020,0x0020,0x0841,0x0841,0x0861,0x0861,0x0841,0x0841,0x0021,0x0841,0x0861,0x0020,0x0841,0x0020,0x0020,0x0020,
  0x0020,0x0840,0x0020,0x0020,0x0020,0x0841,0x0020,0x0020,0x0020,0x0020,0x0020,0x0020,0x0020,0x0020,0x0020,0x0000,0x0000,0x0000,0x0020,0x0841,
  0x0841,0x0841,0x18a2,0x2124,0x18c3,0x18c3,0x18e3,0x18c3,0x10a2,0x20e3,0x18e3,0x20e3,0x2903,0x39a5,0x18e3,0x18c3,0x18c3,0x18c3,0x20e3,0x2104,
  0x3165,0x2104,0x2104,0x3985,0x2944,0x2103,0x20e3,0x20e3,0x3144,0x3145,0x18e3,0x20e3,0x2104,0x2104,0x2924,0x2924,0x2104,0x2945,0x2104,0x2904,
  0x3964,0x3144,0x2103,0x3143,0x3964,0x3165,0x2945,0x3186,0x3185,0x3165,0x3985,0x3165,0x2924,0x3965,0x49e6,0x3164,0x3985,0x41e7,0x41c6,0x39a6,
  0x2965,0x39a6,0x4a27,0x49e6,0x3165,0x39a6,0x41e7,0x41c7,0x4a08,0x41c6,0x3985,0x39a6,0x41e7,0x4207,0x4a07,0x3165,0x2945,0x3165,0x2944,0x2944,
  0x10a2,0x0020,0x0841,0x1081,0x0861,0x0861,0x1082,0x1082,0x1082,0x1061,0x18c3,0x18a2,0x1081,0x1082,0x18e3,0x2124,0x18c3,0x10a2,0x2103,0x18e3,
  0x10a2,0x18c3,0x10a2,0x10a2,0x0862,0x10a2,0x10a2,0x18c3,0x10a2,0x0861,0x0861,0x2104,0x18c3,0x10a2,0x10a2,0x10a2,0x2945,0x18c3,0x1082,0x0862,
  0x0861,0x18c3,0x18c3,0x10a2,0x0882,0x18e3,0x2103,0x20e3,0x0862,0x0861,0x0861,0x0861,0x0861,0x0841,0x0841,0x1061,0x0861,0x0861,0x1082,0x0861,
  0x1082,0x1082,0x0841,0x0841,0x0841,0x0841,0x0841,0x0820,0x0841,0x1082,0x0861,0x0841,0x0861,0x1082,0x1082,0x0861,0x0861,0x0841,0x0861,0x0841,
  0x3144,0x3144,0x3144,0x2944,0x2924,0x2924,0x2924,0x2944,0x3165,0x41c6,0x41c6,0x3165,0x2924,0x2944,0x3165,0x3965,0x3144,0x2903,0x2903,0x3123,
  0x3964,0x41a5,0x41c6,0x3984,0x3144,0x39a6,0x41e7,0x5248,0x5268,0x39a5,0x3985,0x3164,0x2903,0x2103,0x0841,0x0000,0x0000,0x0000,0x0000,0x0020,
  0x0000,0x0000,0x0000,0x0020,0x0020,0x0020,0x0020,0x0841,0x0841,0x0841,0x0841,0x0841,0x0841,0x0861,0x0841,0x0041,0x0020,0x0020,0x0020,0x0020,
  0x0020,0x0020,0x0020,0x0020,0x0020,0x0820,0x0841,0x0841,0x0020,0x0000,0x0000,0x0020,0x0020,0x0020,0x0861,0x0861,0x1082,0x10a3,0x18c3,0x18c3,
  0x18e4,0x2104,0x2125,0x2125,0x2945,0x2966,0x2945,0x2945,0x3186,0x3187,0x2966,0x2986,0x2966,0x2966,0x2966,0x2945,0x2124,0x2104,0x18e4,0x10c3,
  0x10a3,0x1062,0x0841,0x0841,0x0841,0x0020,0x0000,0x0840,0x0020,0x0020,0x0020,0x0020,0x0020,0x0020,0x0000,0x0000,0x0000,0x0000,0x0020,0x0841,
  0x0841,0x0861,0x18a2,0x18c3,0x18e3,0x18c3,0x1082,0x18a2,0x10a2,0x18e3,0x10a2,0x10a2,0x18c3,0x2924,0x2104,0x18c3,0x18c3,0x18c3,0x18e3,0x2103,
  0x2904,0x18c3,0x18c3,0x2903,0x2924,0x2904,0x20e3,0x18c3,0x2104,0x2103,0x18c2,0x20e3,0x2124,0x2924,0x2924,0x3986,0x2945,0x2945,0x3186,0x3165,
  0x41c6,0x41c6,0x3964,0x3984,0x4a07,0x39a5,0x3944,0x2924,0x3165,0x3985,0x3985,0x3144,0x3164,0x3985,0x3984,0x2923,0x3985,0x41a5,0x39a6,0x3986,
  0x3185,0x3165,0x3144,0x2924,0x2945,0x39c6,0x41c7,0x41c6,0x41e6,0x39a6,0x3165,0x3165,0x39a6,0x41c6,0x4a27,0x41c6,0x3986,0x3185,0x3165,0x3165,
  0x2124,0x0861,0x0000,0x1061,0x0841,0x1082,0x0861,0x1082,0x1082,0x1082,0x20e3,0x18a2,0x1082,0x10a2,0x2924,0x18c3,0x10a2,0x10a2,0x18c3,0x1082,
  0x10a2,0x10a3,0x10a2,0x1082,0x0861,0x1082,0x10a3,0x1082,0x18c3,0x1082,0x2104,0x3165,0x2104,0x2104,0x10a2,0x0861,0x18c3,0x18c3,0x10a2,0x10a2,
  0x18c3,0x18c3,0x1082,0x0861,0x0841,0x1082,0x10a2,0x1082,0x18c3,0x1082,0x0841,0x1061,0x0861,0x0841,0x0841,0x0841,0x0841,0x1081,0x1082,0x0861,
  0x1082,0x0882,0x0861,0x0861,0x0861,0x0841,0x0861,0x0841,0x1081,0x18c2,0x0841,0x0841,0x0841,0x0861,0x0861,0x1082,0x1082,0x0841,0x0841,0x0861,
  0x2923,0x2903,0x2903,0x2903,0x2903,0x2923,0x3164,0x3185,0x3985,0x3985,0x3165,0x2944,0x2924,0x3144,0x3164,0x3144,0x2944,0x2924,0x3144,0x3144,
  0x3964,0x3964,0x3964,0x3144,0x3144,0x3985,0x41e6,0x41e7,0x41e7,0x3185,0x3185,0x3985,0x2924,0x2103,0x1081,0x0000,0x0000,0x0000,0x0000,0x0000,
  0x0020,0x0020,0x0020,0x0000,0x0020,0x0020,0x0000,0x0020,0x0841,0x0841,0x0841,0x0841,0x0841,0x0841,0x0841,0x0841,0x0020,0x0020,0x0020,0x0020,
  0x0020,0x0020,0x0000,0x0000,0x0020,0x0841,0x0000,0x0000,0x0020,0x0861,0x10a3,0x18e4,0x2104,0x2145,0x2945,0x2945,0x2966,0x31a7,0x3187,0x31a7,
  0x31a7,0x31a7,0x31a7,0x39e8,0x39e8,0x39e8,0x39e8,0x39e8,0x39e8,0x39e8,0x31c7,0x31a7,0x39c8,0x39c7,0x39c8,0x39c8,0x39c7,0x39c7,0x39c7,0x39e8,
  0x31c7,0x3186,0x2966,0x2945,0x2125,0x18e4,0x18c3,0x1082,0x0841,0x0020,0x0020,0x0000,0x0000,0x0000,0x0000,0x0000,0x0000,0x0000,0x0020,0x0841,
  0x1081,0x18c2,0x18c2,0x18a2,0x18a2,0x18c3,0x18c3,0x18c3,0x10a2,0x18e3,0x18c3,0x18c3,0x10a2,0x18e3,0x2103,0x10a2,0x10a2,0x18c3,0x18c3,0x18c2,
  0x20e3,0x2103,0x18e3,0x18c3,0x18e3,0x18e3,0x2103,0x20e3,0x20e3,0x20e3,0x18c3,0x2924,0x2104,0x2944,0x2103,0x2944,0x3986,0x2944,0x2103,0x2944,
  0x2944,0x2924,0x2924,0x2924,0x3144,0x2924,0x3144,0x3984,0x41c6,0x5227,0x49e6,0x3964,0x41a5,0x3144,0x20e3,0x18c2,0x2924,0x41c6,0x41e7,0x39a6,
  0x4a28,0x4a28,0x41e7,0x3165,0x3165,0x4a07,0x41c7,0x2924,0x3144,0x3165,0x2924,0x3985,0x4207,0x39c6,0x3185,0x39a6,0x3185,0x39a6,0x3165,0x2945,
  0x2944,0x20e3,0x0020,0x0820,0x0861,0x1061,0x1082,0x10a2,0x1082,0x1082,0x18c2,0x18a2,0x18a2,0x18a2,0x18e3,0x10a2,0x18e3,0x18c3,0x10a2,0x10a2,
  0x10a3,0x1082,0x10a2,0x10a2,0x1082,0x18c3,0x18c3,0x18c3,0x10a2,0x18c3,0x2945,0x2924,0x2103,0x18c2,0x1082,0x1062,0x1082,0x10a2,0x1082,0x1082,
  0x18c3,0x10a2,0x0841,0x1082,0x1082,0x0861,0x0841,0x0861,0x1082,0x1082,0x0841,0x1082,0x1082,0x0861,0x0861,0x0841,0x0841,0x0841,0x0841,0x0861,
  0x0861,0x0861,0x1082,0x10a2,0x1082,0x0861,0x0841,0x0841,0x1081,0x20e3,0x18a2,0x0861,0x0841,0x0841,0x0841,0x0841,0x0861,0x0841,0x0841,0x0861,
  0x20e3,0x20c2,0x20c2,0x20e2,0x2903,0x2923,0x3164,0x3985,0x3165,0x2924,0x2924,0x2904,0x2924,0x3165,0x3985,0x3165,0x2924,0x3144,0x3985,0x3984,
  0x3964,0x3963,0x3123,0x2903,0x3144,0x3985,0x39a6,0x3165,0x3165,0x3164,0x3165,0x3185,0x2944,0x2924,0x18c2,0x0000,0x0000,0x0020,0x0000,0x0000,
  0x0020,0x0020,0x0000,0x0000,0x0020,0x0020,0x0020,0x0020,0x0020,0x0041,0x0020,0x0020,0x0020,0x0020,0x0020,0x0020,0x0020,0x0000,0x0020,0x0020,
  0x0020,0x0020,0x0000,0x0000,0x0840,0x1082,0x10a3,0x2104,0x2966,0x31a7,0x31c7,0x39c8,0x31a7,0x31a7,0x39c7,0x39e8,0x39e8,0x3a08,0x39e8,0x39e8,
  0x39e8,0x39c8,0x39c7,0x39c8,0x39e8,0x39c8,0x39c7,0x39e8,0x4209,0x4208,0x39e8,0x39c7,0x39c8,0x39c7,0x39c8,0x39c7,0x39c7,0x39e8,0x39c7,0x39c7,
  0x39e8,0x39e8,0x39e8,0x39e8,0x39c7,0x39c8,0x39c8,0x31a7,0x2986,0x2945,0x2124,0x18c3,0x0861,0x0000,0x0000,0x0000,0x0000,0x0000,0x0020,0x0841,
  0x0861,0x10a2,0x1061,0x1061,0x1082,0x10a2,0x1082,0x1082,0x18c3,0x1082,0x10a2,0x10a2,0x10a2,0x18c3,0x10a2,0x1082,0x18c3,0x18c3,0x18c3,0x10a2,
  0x2103,0x2903,0x18e3,0x18e3,0x18c3,0x18e3,0x2924,0x2124,0x18c3,0x20e3,0x18e3,0x20e3,0x2104,0x2924,0x2924,0x2104,0x2945,0x3165,0x2944,0x2924,
  0x2103,0x2103,0x2103,0x2104,0x2103,0x2103,0x2904,0x3984,0x4184,0x4184,0x3123,0x3144,0x3144,0x18c2,0x1082,0x20e3,0x2944,0x3185,0x41c7,0x49e7,
  0x49e6,0x39a6,0x3985,0x41c6,0x39a6,0x3986,0x2945,0x3165,0x39a6,0x41c6,0x39a6,0x3144,0x3185,0x4207,0x39a6,0x3185,0x3986,0x41c6,0x3165,0x2965,
  0x2124,0x2104,0x10a2,0x0000,0x0841,0x0861,0x1061,0x1081,0x1081,0x1082,0x18a2,0x20c2,0x20c2,0x18a2,0x1082,0x10a2,0x10a2,0x2104,0x18c3,0x18c3,
  0x18c3,0x0882,0x1082,0x18c3,0x1082,0x18c3,0x10a2,0x20e3,0x18c3,0x18c3,0x10a2,0x18c3,0x10a2,0x10a2,0x10a2,0x1082,0x0861,0x1082,0x1082,0x10a2,
  0x1062,0x0861,0x0841,0x1082,0x10a2,0x1082,0x0861,0x0841,0x0841,0x0841,0x1082,0x1082,0x10a2,0x0861,0x0861,0x0841,0x0861,0x0861,0x0861,0x1061,
  0x1061,0x1081,0x1082,0x0841,0x0861,0x0861,0x0861,0x0861,0x1082,0x0861,0x18a2,0x0861,0x0861,0x0841,0x0841,0x0841,0x0841,0x0841,0x0861,0x0861,
  0x20e2,0x18c2,0x20c2,0x20e2,0x2903,0x3123,0x3144,0x3164,0x2944,0x2924,0x2103,0x2103,0x2103,0x2944,0x3165,0x3144,0x2924,0x3165,0x41c6,0x39a5,
  0x3964,0x3143,0x3143,0x3123,0x3123,0x3164,0x3164,0x2924,0x2924,0x2944,0x3165,0x3144,0x2944,0x2924,0x20e3,0x0020,0x0000,0x0000,0x0020,0x0000,
  0x0000,0x0000,0x0000,0x0020,0x0020,0x0020,0x0020,0x0020,0x0020,0x0020,0x0020,0x0020,0x0020,0x0020,0x0020,0x0020,0x0020,0x0020,0x0000,0x0000,
  0x0020,0x0841,0x1082,0x18c3,0x2125,0x2966,0x3186,0x31a7,0x31a7,0x31a7,0x39c7,0x39c7,0x39c7,0x39c7,0x4229,0x4229,0x4208,0x39e8,0x4209,0x4208,
  0x39c7,0x31a7,0x31a7,0x31a7,0x2986,0x2966,0x2986,0x31a7,0x39e8,0x39e8,0x39c8,0x4229,0x4229,0x39c7,0x31a7,0x39c7,0x39c8,0x39c8,0x39e8,0x3a08,
  0x39e8,0x39e8,0x39e8,0x39e8,0x31a7,0x31a7,0x31a7,0x31a7,0x31c7,0x39c7,0x39c8,0x31c7,0x31a7,0x2986,0x2124,0x10a2,0x0841,0x0000,0x0000,0x0841,
  0x0861,0x1081,0x0861,0x0861,0x1082,0x1082,0x1082,0x1082,0x18a2,0x1082,0x1082,0x1082,0x18c3,0x10a2,0x10a2,0x18c3,0x2104,0x20e3,0x18c3,0x18c3,
  0x18c3,0x20e3,0x18c3,0x18c3,0x18c3,0x18c3,0x20e3,0x2924,0x18c3,0x18c3,0x2103,0x2924,0x2104,0x2944,0x3165,0x2104,0x2103,0x3165,0x3165,0x2103,
  0x2103,0x2924,0x2924,0x2104,0x2103,0x2103,0x2924,0x2903,0x3123,0x3964,0x41a5,0x41a5,0x3144,0x18c2,0x2104,0x3186,0x2924,0x39a6,0x39a6,0x3144,
  0x3144,0x3165,0x2944,0x3985,0x39a6,0x2924,0x3165,0x3985,0x39a6,0x3185,0x4a07,0x4a28,0x41e7,0x39a6,0x3165,0x3185,0x3165,0x41c6,0x41c6,0x2104,
  0x2924,0x2104,0x2103,0x0841,0x0020,0x0841,0x0841,0x1081,0x0861,0x1082,0x18a2,0x18a2,0x20e3,0x20e3,0x1061,0x0861,0x0861,0x10a2,0x2104,0x10a2,
  0x1082,0x1082,0x0862,0x0861,0x0861,0x1082,0x10a2,0x1082,0x1082,0x18e3,0x18a2,0x18a2,0x10a2,0x10a2,0x18e3,0x18c3,0x10a2,0x0861,0x0861,0x10a2,
  0x0861,0x0862,0x0862,0x0841,0x0861,0x0861,0x0841,0x0841,0x0041,0x0841,0x10a2,0x10a2,0x0861,0x0861,0x0861,0x10a2,0x18a2,0x10a2,0x0861,0x0841,
  0x0861,0x0861,0x0841,0x0841,0x0861,0x0841,0x0841,0x0861,0x0861,0x0841,0x0841,0x0841,0x0841,0x0861,0x0861,0x0841,0x0841,0x0841,0x1082,0x0861,
  0x20e2,0x20e2,0x2903,0x2923,0x3123,0x3143,0x3143,0x3123,0x2924,0x2103,0x2103,0x20e3,0x2103,0x2924,0x2924,0x2944,0x3144,0x3985,0x39a5,0x3164,
  0x2923,0x3144,0x3984,0x3143,0x2923,0x3144,0x3144,0x2924,0x2924,0x3144,0x3144,0x2944,0x3985,0x3164,0x2903,0x0841,0x0000,0x0000,0x0000,0x0000,
  0x0000,0x0000,0x0000,0x0000,0x0000,0x0020,0x0820,0x0020,0x0000,0x0000,0x0000,0x0000,0x0020,0x0020,0x0020,0x0000,0x0000,0x0000,0x0841,0x10a3,
  0x2125,0x2966,0x2966,0x2986,0x31a7,0x39c7,0x39c8,0x31c7,0x31a7,0x31a7,0x39c8,0x39e8,0x39c8,0x39c7,0x39e8,0x39c8,0x39c8,0x39e8,0x4208,0x39c7,
  0x3187,0x31a7,0x39e8,0x31a7,0x2966,0x31a7,0x39e8,0x39e8,0x39e8,0x39e8,0x3a08,0x4a49,0x4229,0x39e8,0x31a7,0x31c7,0x39e8,0x39e8,0x39e8,0x4209,
  0x39e8,0x31a7,0x31a7,0x31a7,0x39c7,0x39c8,0x39c7,0x31a7,0x31a7,0x39e8,0x39e8,0x39c7,0x31c7,0x39e8,0x39e8,0x39e8,0x39c7,0x2945,0x18e3,0x1082,
  0x1061,0x1061,0x0841,0x0861,0x1082,0x0861,0x1061,0x1061,0x1061,0x1082,0x1082,0x1082,0x18c3,0x18c2,0x1082,0x10a2,0x1082,0x1082,0x1082,0x18c2,
  0x18a2,0x20c2,0x20e3,0x2903,0x20e3,0x18c2,0x18e3,0x20e3,0x20e3,0x20e3,0x20e3,0x2924,0x2124,0x2944,0x3165,0x20e3,0x18c3,0x20e3,0x18e3,0x2103,
  0x2944,0x2104,0x2103,0x20e3,0x2103,0x3985,0x39a5,0x2103,0x3164,0x5247,0x41c6,0x49c5,0x3144,0x2103,0x3165,0x2945,0x18e3,0x41a6,0x3985,0x2104,
  0x41e6,0x4a27,0x3145,0x2924,0x2945,0x2945,0x3185,0x4a28,0x39c7,0x3165,0x49e7,0x4a07,0x5a89,0x39c6,0x3185,0x3986,0x3986,0x3165,0x3985,0x3165,
  0x2945,0x2924,0x2104,0x10a2,0x0000,0x0020,0x0841,0x0861,0x0841,0x1082,0x18a2,0x1082,0x1082,0x18c2,0x18c2,0x0861,0x0861,0x0841,0x18a2,0x18c3,
  0x0862,0x1082,0x18c3,0x1082,0x1082,0x10a2,0x1082,0x10a2,0x1082,0x1082,0x18c3,0x10a2,0x1082,0x1082,0x10a2,0x10a2,0x18c3,0x1082,0x0861,0x10a2,
  0x10a2,0x1082,0x0861,0x0841,0x0841,0x0861,0x0861,0x0861,0x0841,0x0841,0x1082,0x1082,0x0841,0x0841,0x0841,0x0861,0x1082,0x1082,0x0841,0x0861,
  0x0861,0x0841,0x0841,0x0861,0x0861,0x0841,0x0841,0x0841,0x0841,0x0841,0x0020,0x0841,0x0841,0x0841,0x0841,0x0841,0x0841,0x0861,0x1082,0x1082,
  0x20e3,0x2903,0x3123,0x3143,0x3943,0x3964,0x3964,0x3143,0x2903,0x2103,0x2103,0x2103,0x2903,0x2924,0x2924,0x2924,0x2924,0x3164,0x3165,0x2924,
  0x2903,0x3123,0x3964,0x3144,0x2923,0x2903,0x3144,0x3144,0x3144,0x3164,0x3144,0x3164,0x41a6,0x3985,0x2923,0x1061,0x0000,0x0000,0x0000,0x0000,
  0x0000,0x0000,0x0000,0x0000,0x0000,0x0000,0x0020,0x0020,0x0000,0x0000,0x0000,0x0000,0x0000,0x0000,0x0020,0x0841,0x1082,0x1904,0x2966,0x31a7,
  0x39c7,0x31a7,0x3187,0x39c8,0x4229,0x4208,0x39e8,0x39c8,0x39e8,0x39e8,0x39c8,0x39c7,0x31a7,0x3187,0x3186,0x31a7,0x39e8,0x3a08,0x4208,0x39c7,
  0x31c7,0x4229,0x4a6a,0x4208,0x39e8,0x4229,0x4a49,0x4209,0x39c8,0x31a7,0x31a7,0x39c7,0x39e8,0x4209,0x41e8,0x39e8,0x4208,0x39e8,0x39c7,0x31c7,
  0x39c7,0x31c7,0x3186,0x3186,0x31a7,0x39c7,0x39e8,0x39e8,0x31a7,0x31a7,0x39e8,0x39e8,0x31a7,0x39c7,0x39c7,0x31a7,0x39e8,0x39e8,0x39e8,0x39e8,
  0x31a7,0x2125,0x1082,0x0841,0x1061,0x1061,0x0861,0x1082,0x1082,0x1061,0x1061,0x1082,0x1082,0x1061,0x1082,0x1082,0x1082,0x0861,0x18a2,0x10a2,
  0x1082,0x18a2,0x18c3,0x2923,0x18c2,0x18c2,0x2924,0x20e3,0x18c3,0x2103,0x18e3,0x18e3,0x2104,0x20e4,0x2103,0x2103,0x2103,0x2103,0x20e3,0x2104,
  0x2924,0x2103,0x2103,0x2903,0x2924,0x2944,0x2924,0x20e3,0x3984,0x5227,0x4a06,0x4184,0x4185,0x2103,0x18c2,0x18c3,0x2944,0x41a5,0x3985,0x2945,
  0x41c6,0x41e6,0x3985,0x41c6,0x39a6,0x2965,0x3165,0x39a6,0x3165,0x3165,0x39a6,0x39a5,0x41c6,0x39a6,0x41c6,0x3985,0x41c6,0x3165,0x3165,0x3185,
  0x3165,0x3165,0x2924,0x2104,0x0841,0x0000,0x0020,0x0841,0x0020,0x0861,0x18a2,0x1081,0x0841,0x1081,0x18c2,0x1082,0x1082,0x18a2,0x1061,0x18c2,
  0x20e3,0x18a2,0x1082,0x1062,0x1082,0x10a2,0x18c3,0x10a2,0x10a2,0x1082,0x1082,0x0861,0x0861,0x0861,0x0861,0x1082,0x1082,0x18c3,0x1082,0x1082,
  0x1082,0x0861,0x0861,0x0861,0x1082,0x1082,0x0861,0x0861,0x0861,0x0020,0x1082,0x0861,0x0861,0x0861,0x0861,0x0861,0x1061,0x0861,0x0841,0x0841,
  0x0841,0x0841,0x0841,0x0841,0x0841,0x0841,0x0841,0x0841,0x0820,0x0020,0x0000,0x1081,0x18a2,0x1061,0x1061,0x0861,0x0861,0x0861,0x0861,0x0861,
  0x2903,0x3123,0x3944,0x3964,0x3964,0x3984,0x4185,0x3964,0x2923,0x2924,0x2924,0x2923,0x2923,0x2924,0x2924,0x2103,0x2103,0x2924,0x2944,0x2924,
  0x2923,0x2923,0x3144,0x2944,0x3144,0x3144,0x3144,0x3144,0x3144,0x3124,0x2944,0x2924,0x3144,0x2944,0x2924,0x1082,0x0000,0x0000,0x0000,0x0000,
  0x0000,0x0000,0x0000,0x0000,0x0000,0x0000,0x0000,0x0000,0x0020,0x0000,0x0000,0x0000,0x0000,0x0841,0x18c3,0x2945,0x2966,0x31a7,0x39c7,0x39c7,
  0x3187,0x3187,0x31a7,0x39e8,0x4208,0x39c7,0x31a7,0x31a7,0x39c7,0x39c7,0x3187,0x31a7,0x31a7,0x3186,0x2966,0x3186,0x31a7,0x39c7,0x39e8,0x39c8,
  0x4208,0x52aa,0x5aaa,0x4208,0x39e8,0x4208,0x41e8,0x39c7,0x39c7,0x39c7,0x31c7,0x39c7,0x39e8,0x39e8,0x39a7,0x39a7,0x39e8,0x39c7,0x31a7,0x31a7,
  0x31a7,0x39c7,0x39c7,0x31a7,0x31c7,0x31a7,0x39c7,0x4208,0x3a08,0x31a7,0x39c7,0x39e8,0x39c7,0x39c7,0x39e8,0x39e8,0x39e8,0x39e8,0x39c7,0x31c7,
  0x39c7,0x39e8,0x31c7,0x2965,0x2104,0x1082,0x1061,0x1081,0x1061,0x0861,0x0861,0x18c2,0x1082,0x0861,0x1082,0x10a2,0x0861,0x1082,0x10a2,0x10a2,
  0x10a2,0x1082,0x18c2,0x2903,0x2923,0x2903,0x2924,0x18c3,0x18e3,0x20e3,0x2103,0x2104,0x20e3,0x18e3,0x2103,0x2103,0x2924,0x2104,0x2104,0x18e3,
  0x2104,0x2924,0x2923,0x3144,0x3164,0x3144,0x3165,0x3144,0x41c5,0x5227,0x41a5,0x3143,0x4164,0x49c5,0x3165,0x3985,0x39a6,0x3965,0x2944,0x2924,
  0x3165,0x3185,0x3185,0x41c6,0x2945,0x2924,0x39a6,0x41e6,0x41c6,0x3185,0x2944,0x3185,0x41c6,0x39c6,0x3185,0x3165,0x3165,0x2924,0x2944,0x39a6,
  0x3144,0x2944,0x2924,0x2124,0x18c2,0x0000,0x0020,0x0841,0x0841,0x0841,0x1081,0x0861,0x0861,0x1081,0x1082,0x10a2,0x18a2,0x18a2,0x18a2,0x18a2,
  0x2923,0x20e3,0x0861,0x0882,0x1082,0x10a2,0x10a2,0x1082,0x0861,0x1082,0x1082,0x0841,0x0861,0x0861,0x0861,0x0841,0x0861,0x0841,0x0861,0x0861,
  0x0861,0x0861,0x1082,0x10a2,0x1082,0x0841,0x18c3,0x18c2,0x1061,0x0861,0x0041,0x0841,0x0841,0x0841,0x0841,0x0841,0x0861,0x0841,0x0841,0x0841,
  0x1061,0x0841,0x0841,0x0841,0x0841,0x0841,0x0840,0x0020,0x0041,0x0020,0x0020,0x0861,0x0861,0x0861,0x1061,0x1082,0x1061,0x0861,0x0861,0x0861,
  0x2903,0x3144,0x3984,0x41a5,0x41a5,0x3984,0x3964,0x3164,0x2924,0x2924,0x2924,0x2924,0x2924,0x3144,0x2924,0x2103,0x2103,0x2923,0x2944,0x2923,
  0x2903,0x2923,0x2924,0x2944,0x39a5,0x41c6,0x3144,0x2923,0x2903,0x2903,0x2903,0x2103,0x2903,0x2103,0x2103,0x18c2,0x0000,0x0000,0x0000,0x0000,
  0x0000,0x0000,0x0000,0x0000,0x0000,0x0000,0x0000,0x0000,0x0000,0x0000,0x0000,0x0861,0x1904,0x2966,0x31a7,0x31a7,0x3187,0x39e8,0x4229,0x39c7,
  0x3186,0x39c7,0x4208,0x39e8,0x31a7,0x3186,0x3187,0x3187,0x31a7,0x3187,0x2986,0x3186,0x31a7,0x31a7,0x3187,0x31a7,0x31a7,0x31a7,0x39c7,0x39c7,
  0x39e8,0x41e8,0x39c7,0x31a7,0x39c8,0x39e8,0x39e8,0x39c8,0x39e8,0x4208,0x39e8,0x39c8,0x39c8,0x39c7,0x39c7,0x39c7,0x39e8,0x39e8,0x39c7,0x39c8,
  0x39c8,0x39c7,0x39c7,0x39e8,0x4208,0x4208,0x4208,0x4229,0x4a49,0x4229,0x39e8,0x31a7,0x39e8,0x39e8,0x31a7,0x39c7,0x39e8,0x39c7,0x31a7,0x39c7,
  0x39c7,0x31a7,0x31a7,0x39c8,0x39e8,0x31a7,0x2945,0x18a3,0x0861,0x0820,0x0841,0x1081,0x18c2,0x1082,0x1082,0x1082,0x0861,0x10a2,0x1082,0x1082,
  0x10a2,0x10a2,0x10a2,0x20e3,0x20e3,0x18c3,0x20e3,0x18e3,0x2104,0x2104,0x18e3,0x2103,0x20e3,0x2103,0x2104,0x2103,0x20e3,0x2924,0x2124,0x2924,
  0x2924,0x2104,0x2103,0x2104,0x2924,0x3144,0x3164,0x2924,0x3144,0x3164,0x3165,0x3964,0x4184,0x4184,0x3965,0x3985,0x3164,0x20e3,0x2124,0x20e3,
  0x2103,0x2103,0x2944,0x3165,0x3165,0x39a6,0x41e7,0x3985,0x3985,0x39a5,0x39a5,0x3185,0x3165,0x3185,0x3985,0x41e7,0x4a07,0x2944,0x2103,0x3164,
  0x2944,0x2924,0x2924,0x2924,0x20e3,0x0841,0x0000,0x0020,0x0840,0x0840,0x0841,0x0841,0x0841,0x1081,0x1082,0x1082,0x10a2,0x1081,0x1082,0x0861,
  0x20e3,0x20e3,0x1082,0x18e3,0x1082,0x1062,0x0861,0x0841,0x0861,0x0861,0x0861,0x0841,0x0841,0x1082,0x0861,0x0841,0x0861,0x0841,0x0841,0x0841,
  0x0841,0x0841,0x0861,0x1082,0x0841,0x1082,0x18e3,0x1082,0x0841,0x1082,0x0861,0x0841,0x0841,0x0841,0x0861,0x0841,0x0020,0x0020,0x0841,0x0841,
  0x0841,0x0841,0x0841,0x0841,0x0020,0x0020,0x0841,0x0020,0x0020,0x0020,0x0820,0x1061,0x0020,0x0841,0x0861,0x0820,0x0020,0x0821,0x0820,0x0821,
  0x2904,0x3144,0x3985,0x41c5,0x41a5,0x3164,0x3144,0x2923,0x2924,0x2903,0x2903,0x2924,0x3144,0x3164,0x3164,0x2923,0x2924,0x3164,0x3164,0x2923,
  0x20e3,0x20e3,0x2103,0x2924,0x3985,0x39a5,0x2924,0x20e3,0x2103,0x2924,0x2103,0x20e3,0x2903,0x20e3,0x20e3,0x18c2,0x0020,0x0000,0x0000,0x0000,
  0x0000,0x0000,0x0000,0x0000,0x0000,0x0000,0x0000,0x0000,0x0000,0x0861,0x18e4,0x2946,0x3187,0x31c7,0x31c7,0x3187,0x31a7,0x39e8,0x39e8,0x31a7,
  0x39c7,0x39e8,0x39e8,0x31a7,0x3186,0x3186,0x2986,0x31a7,0x39c8,0x39c7,0x3187,0x3187,0x31a7,0x31a7,0x39c7,0x39c8,0x39c7,0x39c7,0x39e8,0x39e8,
  0x39c7,0x3186,0x2966,0x31c7,0x3a08,0x3a08,0x39e8,0x39e8,0x4208,0x4208,0x39c7,0x3187,0x3187,0x31c7,0x4229,0x4229,0x39e8,0x39e8,0x31c7,0x31c7,
  0x31c7,0x31a7,0x3187,0x31a7,0x39c7,0x39c7,0x39e8,0x4229,0x4a6a,0x4a6a,0x4229,0x39c7,0x39c7,0x39e8,0x31a7,0x3186,0x3186,0x2966,0x3186,0x31a7,
  0x39e8,0x39e8,0x39c7,0x31a7,0x39e8,0x39e8,0x31c7,0x3186,0x2125,0x10a3,0x0861,0x1061,0x18a2,0x1061,0x1082,0x0861,0x10a2,0x18c3,0x0861,0x1082,
  0x10a2,0x10a2,0x10a2,0x18c3,0x18c3,0x10a2,0x18c3,0x18a2,0x20e3,0x2104,0x18c3,0x2103,0x2103,0x18e3,0x18e3,0x2104,0x2103,0x2103,0x2104,0x2965,
  0x3144,0x2924,0x2104,0x2103,0x18e3,0x2103,0x3144,0x2103,0x2104,0x2124,0x3985,0x41c5,0x41a5,0x3164,0x2903,0x2923,0x2903,0x2103,0x2103,0x2103,
  0x20e3,0x20e3,0x41c6,0x39a5,0x2924,0x3165,0x3164,0x3165,0x3165,0x41e6,0x41c6,0x3165,0x2924,0x3145,0x4a07,0x4a07,0x41e6,0x39c6,0x3165,0x39a6,
  0x2924,0x2924,0x2924,0x2924,0x2104,0x18a2,0x0000,0x0000,0x0020,0x0020,0x0841,0x0841,0x0840,0x0841,0x1061,0x1082,0x0861,0x0861,0x0861,0x0861,
  0x1082,0x0861,0x0861,0x18c2,0x1082,0x0861,0x0841,0x1082,0x1082,0x1082,0x1061,0x0861,0x0841,0x0841,0x0841,0x0841,0x0841,0x0841,0x0841,0x0841,
  0x0841,0x0841,0x0841,0x0861,0x1082,0x1082,0x1082,0x0861,0x0841,0x0861,0x0861,0x0861,0x0841,0x1082,0x1082,0x0841,0x0020,0x0020,0x0020,0x0841,
  0x0020,0x0020,0x0841,0x0020,0x0820,0x0841,0x0861,0x1061,0x1082,0x10a2,0x18c2,0x18e3,0x18c3,0x18e3,0x20e3,0x18a2,0x18c2,0x18a2,0x1082,0x1082,
  0x2903,0x2924,0x3164,0x3985,0x3964,0x3144,0x2923,0x2923,0x2903,0x2103,0x20e3,0x2103,0x2924,0x3165,0x3185,0x2944,0x2924,0x3164,0x3164,0x2923,
  0x20e2,0x20c2,0x2103,0x2924,0x3164,0x3164,0x2924,0x20e3,0x2103,0x2103,0x20e3,0x20e3,0x20e3,0x18c2,0x20e3,0x20e3,0x0840,0x0000,0x0000,0x0000,
  0x0000,0x0000,0x0000,0x0000,0x0000,0x0000,0x0000,0x0841,0x18c3,0x2945,0x2966,0x3186,0x3187,0x31a7,0x31a7,0x2966,0x3187,0x31a7,0x31a7,0x39c7,
  0x4208,0x4208,0x31a7,0x2966,0x3186,0x31a7,0x31a7,0x39c7,0x39c7,0x39c7,0x39c8,0x31c7,0x31a7,0x31a7,0x39c7,0x31a7,0x31a7,0x39c8,0x39e8,0x39e8,
  0x39c7,0x31a7,0x31a7,0x31c7,0x39e8,0x39c8,0x39c8,0x39e8,0x4208,0x39e8,0x31a7,0x3186,0x3186,0x31a7,0x39e8,0x39e8,0x39c7,0x31a7,0x31a7,0x31c7,
  0x31a7,0x31a7,0x31a7,0x31a7,0x31a7,0x31a7,0x31a7,0x39c7,0x39e8,0x39e8,0x39e8,0x31c7,0x3187,0x31a7,0x39c7,0x39c7,0x31a7,0x3166,0x3186,0x31a7,
  0x39e8,0x4229,0x41e8,0x31a7,0x31c7,0x31a7,0x3186,0x31a7,0x31a7,0x3186,0x2945,0x18c3,0x1061,0x1061,0x1061,0x0841,0x0861,0x1061,0x0861,0x1061,
  0x1061,0x10a2,0x1082,0x18a2,0x10a2,0x10a2,0x18c2,0x18a2,0x18a2,0x18c3,0x18e3,0x2924,0x20e3,0x18e3,0x18e3,0x20e3,0x2104,0x20e3,0x3165,0x2124,
  0x2103,0x3144,0x2124,0x2103,0x2924,0x3165,0x2924,0x2924,0x3144,0x2124,0x2944,0x3185,0x3144,0x2903,0x2924,0x3984,0x2924,0x2903,0x2103,0x2944,
  0x3144,0x2924,0x3164,0x20e3,0x18e3,0x2103,0x2923,0x2924,0x2944,0x3165,0x2944,0x2944,0x39a6,0x39c6,0x4a07,0x39a6,0x2944,0x3165,0x39c6,0x39a6,
  0x3165,0x2924,0x2103,0x18e3,0x18e3,0x20e3,0x0841,0x0000,0x0000,0x0000,0x0020,0x0841,0x0840,0x0020,0x0841,0x0861,0x0861,0x0861,0x0861,0x0861,
  0x0861,0x0841,0x0861,0x0841,0x0841,0x0841,0x0861,0x0861,0x0841,0x0861,0x0861,0x0861,0x0841,0x0861,0x0861,0x0841,0x0841,0x0841,0x0841,0x0841,
  0x0841,0x0841,0x0841,0x0841,0x0861,0x0861,0x0861,0x0861,0x0861,0x0861,0x0861,0x0861,0x0841,0x0841,0x0841,0x0841,0x0020,0x0020,0x0841,0x1082,
  0x18c2,0x20e3,0x2104,0x2924,0x2945,0x3165,0x3165,0x3185,0x39a6,0x39c6,0x39a6,0x39a6,0x39a6,0x3185,0x3185,0x39a6,0x39a6,0x39a6,0x3986,0x3986,
  0x2903,0x2903,0x2903,0x2924,0x2924,0x2923,0x2923,0x2923,0x2903,0x2103,0x20e3,0x2103,0x2944,0x3165,0x3185,0x2944,0x2924,0x2944,0x3144,0x2923,
  0x20e3,0x2103,0x3144,0x3164,0x3124,0x2924,0x2924,0x20e3,0x20e3,0x20e3,0x18c2,0x20e3,0x18c2,0x18c2,0x2103,0x2903,0x0841,0x0000,0x0000,0x0000,
  0x0000,0x0000,0x0000,0x0000,0x0000,0x0000,0x10a2,0x2125,0x2946,0x2966,0x3187,0x31c7,0x39c7,0x31a7,0x2966,0x2986,0x39c7,0x39c7,0x31a7,0x31a7,
  0x39e8,0x39c7,0x3187,0x2986,0x31c7,0x39e8,0x39c8,0x31a7,0x3186,0x31a7,0x31c7,0x31a7,0x31a7,0x31a7,0x31a7,0x31a7,0x31a7,0x39c8,0x39c7,0x39c7,
  0x31a7,0x31a7,0x31a7,0x3187,0x3187,0x31a7,0x39c7,0x39e8,0x39e8,0x39c8,0x39c7,0x39c7,0x39c7,0x31a7,0x31a7,0x31a7,0x31a7,0x39c8,0x39e8,0x39e8,
  0x39c7,0x39a7,0x39c7,0x39c7,0x39e8,0x39c7,0x31a7,0x3186,0x3186,0x3186,0x3186,0x31a7,0x3187,0x3187,0x39c7,0x4208,0x41e8,0x39c7,0x39c7,0x39c8,
  0x39c8,0x4208,0x4208,0x39c7,0x31a7,0x3186,0x2945,0x3187,0x39c8,0x31c7,0x39e8,0x39c7,0x2966,0x18e3,0x0841,0x0020,0x1081,0x18a2,0x0861,0x0861,
  0x1081,0x18c3,0x18a2,0x1082,0x1082,0x10a2,0x18a2,0x18a2,0x18c3,0x18c3,0x18c2,0x18c3,0x18c3,0x18e3,0x2103,0x20e3,0x2103,0x20e3,0x2103,0x2104,
  0x2103,0x18c3,0x2124,0x2104,0x2924,0x2924,0x2104,0x2124,0x2944,0x2104,0x2103,0x2104,0x2923,0x2103,0x3144,0x39a5,0x2924,0x2924,0x2104,0x3165,
  0x2944,0x18c3,0x18a2,0x20e3,0x3165,0x3143,0x2903,0x2903,0x3123,0x2103,0x2104,0x3145,0x3985,0x39a5,0x39a5,0x3165,0x3165,0x2944,0x39a6,0x39a6,
  0x2944,0x2944,0x2924,0x20e3,0x18c3,0x2103,0x1082,0x0000,0x0000,0x0000,0x0020,0x0020,0x0840,0x0020,0x0020,0x0841,0x0841,0x0861,0x0841,0x0861,
  0x0841,0x0861,0x0861,0x0861,0x1081,0x0861,0x0841,0x0841,0x0861,0x0841,0x0861,0x0841,0x0861,0x0861,0x0841,0x0841,0x0841,0x0841,0x0841,0x0841,
  0x0841,0x1062,0x0861,0x0041,0x0841,0x0841,0x0841,0x0841,0x0861,0x0841,0x0841,0x0841,0x0861,0x1082,0x18a2,0x2103,0x2924,0x3145,0x3185,0x39a6,
  0x41e7,0x4a07,0x4a28,0x4a28,0x4a07,0x4207,0x4a07,0x4a07,0x4a07,0x41e7,0x41c6,0x39a6,0x39a6,0x39a6,0x39c6,0x41c7,0x41c7,0x41c6,0x41c6,0x41e7,
  0x2903,0x2103,0x20e3,0x2103,0x2923,0x2923,0x3144,0x3143,0x2923,0x2903,0x2903,0x2944,0x3164,0x3164,0x3144,0x2924,0x2924,0x2924,0x2903,0x2903,
  0x2903,0x2923,0x3165,0x3985,0x2924,0x2103,0x2903,0x20e3,0x20e3,0x20c2,0x20e2,0x20e3,0x18c2,0x18c2,0x18c2,0x20e3,0x0841,0x0000,0x0000,0x0000,
  0x0000,0x0000,0x0000,0x0000,0x0841,0x18e3,0x2945,0x2945,0x2986,0x31a7,0x31c7,0x31c7,0x31a7,0x31a7,0x31a7,0x31a7,0x39a7,0x3186,0x2986,0x3186,
  0x3186,0x3186,0x2966,0x31a7,0x39e8,0x4208,0x39c7,0x3187,0x2986,0x31a7,0x3187,0x3187,0x31a7,0x39c7,0x31a7,0x31a7,0x31a7,0x31a7,0x31a7,0x31c7,
  0x31a7,0x3186,0x3187,0x3187,0x3187,0x31a7,0x39c8,0x39c7,0x3187,0x3187,0x31a7,0x39c8,0x39e8,0x39e8,0x31a7,0x31a7,0x31a7,0x39e8,0x39e8,0x39e8,
  0x39c7,0x31a7,0x31a7,0x39c7,0x39e8,0x39e8,0x39c7,0x31a7,0x3186,0x3186,0x3186,0x31a7,0x31a7,0x31a7,0x31a7,0x39c7,0x4208,0x39e8,0x39c7,0x31a7,
  0x3187,0x39a7,0x39e8,0x39e8,0x39e8,0x3186,0x2945,0x2966,0x39c7,0x39c8,0x39c7,0x31a7,0x31a7,0x31a7,0x2945,0x18c3,0x0861,0x0861,0x0861,0x0861,
  0x1082,0x18c2,0x18c2,0x18a2,0x1082,0x1082,0x10a2,0x18a2,0x10a2,0x18a2,0x18a2,0x18e3,0x18c3,0x18e3,0x2103,0x2103,0x2104,0x20e3,0x2103,0x20e3,
  0x20e3,0x18c3,0x20e3,0x2103,0x2103,0x2104,0x2924,0x2944,0x2924,0x2924,0x20e3,0x2924,0x2903,0x2903,0x2924,0x20e3,0x2103,0x3985,0x3985,0x2944,
  0x18e3,0x10a2,0x1082,0x2103,0x41a5,0x3143,0x20e2,0x3123,0x3123,0x2903,0x2944,0x2944,0x3985,0x3165,0x2924,0x2924,0x3165,0x3165,0x3164,0x2924,
  0x3165,0x3165,0x3145,0x2103,0x18e3,0x18e3,0x20e3,0x0020,0x0000,0x0000,0x0020,0x0020,0x0020,0x0020,0x0020,0x0841,0x0841,0x0861,0x0861,0x0841,
  0x0861,0x0841,0x0841,0x0861,0x10a2,0x10a2,0x0841,0x0841,0x0861,0x0841,0x0020,0x0841,0x0841,0x0020,0x0841,0x0841,0x0841,0x0861,0x0841,0x0840,
  0x0020,0x0841,0x1061,0x0861,0x0841,0x0020,0x0020,0x0840,0x0861,0x18a2,0x2103,0x2944,0x3985,0x41e7,0x41e7,0x41e7,0x41e7,0x41e7,0x41e7,0x41c7,
  0x39c6,0x41e7,0x4a07,0x41e7,0x41e7,0x4a07,0x5248,0x5248,0x4a07,0x41e7,0x41c7,0x41c6,0x41e7,0x41e7,0x41e7,0x41c7,0x39c6,0x39a6,0x39a6,0x39c6,
  0x2903,0x20e3,0x20e3,0x2903,0x2923,0x3144,0x3144,0x3143,0x2923,0x2903,0x2903,0x3144,0x3144,0x3144,0x3123,0x2923,0x2924,0x2903,0x2103,0x2903,
  0x2903,0x2903,0x3165,0x3185,0x2924,0x2103,0x2923,0x2923,0x20e3,0x20e2,0x20e3,0x20c2,0x18a2,0x18c2,0x18a2,0x18a2,0x0841,0x0000,0x0000,0x0000,
  0x0000,0x0000,0x0000,0x0862,0x2104,0x2945,0x2945,0x3186,0x31a7,0x31a7,0x39c7,0x39e8,0x39c7,0x31a7,0x39c7,0x39e8,0x39c7,0x3187,0x2966,0x2966,
  0x2966,0x2966,0x2966,0x31a7,0x39c7,0x39c7,0x31a7,0x3186,0x3186,0x3186,0x2986,0x3187,0x31a7,0x31a7,0x31a7,0x31a7,0x3186,0x3166,0x3187,0x31a7,
  0x31a7,0x2986,0x3187,0x31a7,0x31c7,0x39c7,0x39c7,0x31a7,0x2966,0x2946,0x2966,0x2986,0x31a7,0x39c8,0x39c7,0x31a7,0x39c7,0x39e8,0x39c8,0x31a7,
  0x31a7,0x31a7,0x3187,0x31a7,0x31a7,0x39c8,0x39c7,0x31a7,0x31a7,0x39c7,0x39c7,0x39c7,0x31a7,0x3186,0x3186,0x3186,0x31a7,0x39a7,0x39c7,0x31a7,
  0x2966,0x2966,0x3166,0x3186,0x31a7,0x31a7,0x3186,0x3186,0x31a7,0x31a7,0x3186,0x3186,0x2966,0x3186,0x39c7,0x31a7,0x2145,0x10a3,0x0841,0x0841,
  0x0861,0x1082,0x18a2,0x10a2,0x1082,0x1082,0x10a2,0x10a2,0x1082,0x1082,0x18a2,0x18a2,0x18c3,0x18c3,0x18c3,0x20e3,0x2103,0x20e3,0x2924,0x2104,
  0x20e3,0x2124,0x2924,0x3185,0x2924,0x20e3,0x2103,0x2924,0x2924,0x2103,0x2903,0x2924,0x2103,0x2903,0x3144,0x3985,0x2104,0x2944,0x3165,0x18c3,
  0x2104,0x2924,0x2103,0x20e3,0x28e2,0x28e2,0x2903,0x3143,0x3143,0x3964,0x39a5,0x2944,0x2944,0x3144,0x2104,0x2104,0x3165,0x2944,0x2944,0x2904,
  0x2924,0x2945,0x2924,0x2923,0x20e3,0x18c3,0x20e3,0x1081,0x0000,0x0000,0x0000,0x0020,0x0020,0x0020,0x0820,0x0020,0x0841,0x0841,0x0841,0x0841,
  0x0861,0x0861,0x0021,0x0841,0x1082,0x10a2,0x0861,0x0020,0x0841,0x0841,0x0841,0x0841,0x0841,0x0841,0x0841,0x0841,0x0841,0x0861,0x0861,0x0841,
  0x0020,0x0000,0x0000,0x0020,0x0841,0x1082,0x2103,0x3165,0x41c6,0x4a07,0x4a08,0x4a08,0x4a28,0x4a28,0x41e7,0x41e7,0x41e7,0x41e7,0x41e7,0x41c7,
  0x39c6,0x41c6,0x41c6,0x41c6,0x41c6,0x41e7,0x4a07,0x41e7,0x41c7,0x41e7,0x41e7,0x4a07,0x4a07,0x4207,0x41c7,0x39a6,0x39a6,0x39a6,0x39a6,0x39a6,
  0x2903,0x2103,0x2903,0x2903,0x2923,0x3144,0x3144,0x3143,0x2923,0x2903,0x2103,0x2923,0x3144,0x3144,0x3123,0x2903,0x2903,0x2103,0x20e3,0x2903,
  0x2903,0x2103,0x2924,0x2924,0x20e3,0x20e3,0x2923,0x3144,0x2903,0x20e3,0x20e2,0x18a2,0x10a2,0x18a2,0x18a2,0x18a2,0x0841,0x0000,0x0000,0x0000,
  0x0000,0x0000,0x10a2,0x2125,0x2966,0x2966,0x3186,0x31a7,0x3186,0x2966,0x31a7,0x39c7,0x31a7,0x2966,0x2986,0x39c7,0x39e8,0x3187,0x2966,0x2966,
  0x2986,0x31a7,0x31a7,0x31a7,0x3186,0x2986,0x2966,0x2966,0x2966,0x3186,0x2986,0x2966,0x2966,0x2986,0x3186,0x31a7,0x31a7,0x3186,0x3186,0x31a7,
  0x3187,0x3186,0x3187,0x31a7,0x31a7,0x3186,0x31a7,0x3187,0x3186,0x2966,0x2966,0x2966,0x3186,0x31a7,0x3187,0x3186,0x31a7,0x39c7,0x39c7,0x31a7,
  0x31a7,0x3187,0x3186,0x31a6,0x3187,0x3186,0x3186,0x2986,0x3186,0x31a7,0x39c7,0x39c7,0x31a7,0x2986,0x2966,0x3186,0x3186,0x3186,0x31a7,0x31a7,
  0x2966,0x2966,0x3186,0x2966,0x3186,0x39c7,0x39e7,0x31a7,0x31a7,0x31a7,0x2966,0x2966,0x2966,0x3186,0x3186,0x31a6,0x31a7,0x3186,0x2104,0x1082,
  0x1061,0x1061,0x1061,0x1081,0x1082,0x1082,0x1082,0x1082,0x1082,0x1082,0x10a2,0x1082,0x18a2,0x10a2,0x18c3,0x2103,0x18c3,0x10a2,0x20e3,0x20e3,
  0x18e3,0x2965,0x2944,0x3145,0x2103,0x18e3,0x2104,0x20e3,0x20e3,0x2904,0x2103,0x3144,0x2944,0x18c3,0x2903,0x3144,0x20e3,0x2124,0x3144,0x20e3,
  0x18e3,0x2103,0x2103,0x18a2,0x20c2,0x3123,0x2902,0x20e3,0x4184,0x49c5,0x3165,0x2944,0x2923,0x2924,0x20e3,0x20e3,0x2924,0x2924,0x2924,0x3144,
  0x2924,0x20e3,0x2924,0x2923,0x20e3,0x20e3,0x18e3,0x18c2,0x0020,0x0000,0x0000,0x0000,0x0000,0x0820,0x0861,0x0841,0x0020,0x0841,0x0841,0x0841,
  0x0861,0x0841,0x0841,0x0041,0x0841,0x0861,0x1081,0x0841,0x0841,0x0841,0x0841,0x0841,0x0841,0x0841,0x0841,0x0841,0x0020,0x0841,0x0861,0x0020,
  0x0020,0x0841,0x1082,0x2104,0x3185,0x41e7,0x4a28,0x4a28,0x5248,0x5248,0x4a28,0x41e7,0x41e7,0x41e7,0x41c7,0x41c7,0x41e7,0x4a28,0x4a28,0x41e7,
  0x39c6,0x41c6,0x41c6,0x41c7,0x41e7,0x41e7,0x39a6,0x3185,0x3986,0x39a6,0x41e7,0x41e7,0x41e7,0x41e6,0x39a6,0x39a6,0x3986,0x39a6,0x41c6,0x41c6,
  0x2903,0x2903,0x2903,0x2903,0x2923,0x3144,0x3144,0x3123,0x2903,0x20e3,0x20e3,0x2903,0x2924,0x3144,0x2923,0x2903,0x2903,0x2103,0x2103,0x3144,
  0x3165,0x2924,0x20e3,0x20e3,0x20e2,0x20e2,0x2903,0x3164,0x2944,0x20e3,0x20c2,0x18a2,0x18a2,0x18c2,0x18c2,0x18a2,0x0840,0x0000,0x0000,0x0000,
  0x0020,0x18c3,0x2125,0x2145,0x2965,0x3186,0x31a7,0x31a7,0x2966,0x2945,0x2946,0x2966,0x2966,0x2946,0x2966,0x3186,0x3187,0x2966,0x2966,0x3186,
  0x31a7,0x39c7,0x39e8,0x39c7,0x2966,0x2945,0x2945,0x2966,0x2986,0x2986,0x2966,0x2966,0x2945,0x2946,0x2966,0x3187,0x31a7,0x3186,0x3186,0x3186,
  0x3186,0x3186,0x3186,0x3186,0x2966,0x2946,0x2946,0x2966,0x31a7,0x31a7,0x31a7,0x31a7,0x31a7,0x3186,0x2966,0x2945,0x2966,0x3186,0x31a7,0x3186,
  0x3186,0x3186,0x31a7,0x39a7,0x39a7,0x3186,0x2946,0x2945,0x2966,0x3186,0x31a7,0x3187,0x3186,0x3186,0x3186,0x3186,0x3186,0x2966,0x3186,0x3186,
  0x2966,0x2945,0x3186,0x31a7,0x3186,0x3186,0x31a7,0x3166,0x2966,0x3186,0x2945,0x2125,0x2945,0x2986,0x2966,0x2966,0x2966,0x2946,0x2966,0x2966,
  0x20e4,0x1061,0x0861,0x18a2,0x18a2,0x1061,0x1082,0x1061,0x1062,0x18a2,0x18a2,0x10a2,0x18a2,0x18c3,0x18c3,0x20e3,0x18a2,0x18c3,0x20e3,0x2924,
  0x18e3,0x18c3,0x18e3,0x2104,0x18c3,0x18e3,0x18e3,0x18c3,0x20e4,0x18e3,0x20e3,0x2104,0x2103,0x18c2,0x18e3,0x20e3,0x2903,0x20e3,0x20e3,0x20e3,
  0x18c2,0x18c3,0x20e3,0x2103,0x20e3,0x2903,0x2903,0x2923,0x3144,0x3985,0x2924,0x2924,0x2903,0x20e3,0x2924,0x3165,0x3165,0x3144,0x3144,0x3165,
  0x2924,0x2103,0x20e3,0x18c3,0x2103,0x20c3,0x18c2,0x18a2,0x0841,0x0000,0x0000,0x0000,0x0000,0x0020,0x0020,0x0020,0x0020,0x0020,0x0841,0x0841,
  0x0841,0x0841,0x0841,0x0841,0x1082,0x1082,0x1081,0x0841,0x0841,0x0841,0x0841,0x0841,0x0841,0x0020,0x0020,0x0020,0x0020,0x0000,0x0841,0x1082,
  0x2104,0x3185,0x41e7,0x4a07,0x4a08,0x4a08,0x4a08,0x4a28,0x4a07,0x41e7,0x41e7,0x41e7,0x41e7,0x41e7,0x41e7,0x41e7,0x4a07,0x4a48,0x5248,0x41e7,
  0x41c6,0x49e7,0x4a07,0x4a07,0x4a07,0x41e6,0x3986,0x3165,0x3185,0x39a6,0x41c6,0x39a6,0x39a6,0x39a6,0x39a6,0x39a6,0x39a6,0x39a6,0x41c6,0x41c6,
  0x2103,0x2903,0x2903,0x2903,0x2923,0x3144,0x2923,0x2903,0x2903,0x20e3,0x20e2,0x2103,0x2924,0x2924,0x2923,0x20e3,0x2103,0x2903,0x2924,0x3165,
  0x3985,0x2944,0x20e3,0x20c2,0x20e2,0x20e3,0x2103,0x2924,0x2903,0x20e3,0x18c2,0x18c2,0x18c2,0x18c2,0x18a2,0x1081,0x0020,0x0000,0x0000,0x0020,
  0x18c3,0x2125,0x2945,0x2945,0x3186,0x31a7,0x3186,0x3186,0x2966,0x2966,0x2966,0x2966,0x2966,0x2966,0x2966,0x2966,0x2946,0x2966,0x3186,0x3187,
  0x3186,0x31a7,0x39a7,0x31a7,0x2966,0x2945,0x2946,0x2966,0x2966,0x2966,0x2946,0x2125,0x2125,0x2125,0x2966,0x3186,0x3186,0x2966,0x2966,0x2946,
  0x2946,0x2966,0x2966,0x2966,0x2945,0x2945,0x2945,0x2966,0x31a7,0x39c7,0x31a7,0x31a7,0x31a7,0x3186,0x2945,0x2125,0x2125,0x2945,0x2966,0x2966,
  0x2966,0x3186,0x31a7,0x39c7,0x39a7,0x3186,0x2966,0x2945,0x2966,0x3186,0x3186,0x2966,0x2966,0x2966,0x2986,0x3186,0x3186,0x3186,0x2966,0x2966,
  0x2945,0x2945,0x3186,0x31a7,0x3186,0x2946,0x2966,0x2966,0x2966,0x2945,0x2125,0x2925,0x2945,0x2966,0x2966,0x2966,0x2945,0x2945,0x2945,0x2945,
  0x2945,0x2125,0x1082,0x1061,0x1082,0x1061,0x1081,0x0861,0x1061,0x1082,0x1082,0x1082,0x10a2,0x10a2,0x18a2,0x18a2,0x18a2,0x18c2,0x20e3,0x18c3,
  0x18a2,0x18c3,0x20e3,0x20e3,0x2103,0x18c3,0x10a2,0x18e3,0x2104,0x20e3,0x18a2,0x18c3,0x18c3,0x18c2,0x20e3,0x2924,0x3144,0x2903,0x18c2,0x18a2,
  0x2103,0x2923,0x2103,0x2944,0x2104,0x20e3,0x2924,0x3964,0x2104,0x2924,0x2944,0x2944,0x2944,0x2924,0x3144,0x3165,0x3144,0x2103,0x2103,0x2103,
  0x2903,0x2944,0x2103,0x2944,0x2924,0x18c3,0x10a2,0x1082,0x1082,0x0000,0x0000,0x0000,0x0000,0x0020,0x0020,0x0020,0x0020,0x0840,0x0020,0x0020,
  0x0020,0x0841,0x0841,0x0841,0x0861,0x1082,0x1061,0x0020,0x0020,0x0841,0x0841,0x0861,0x0841,0x0841,0x0020,0x0000,0x0861,0x20e3,0x3165,0x41e7,
  0x4a07,0x4a07,0x4a28,0x4a07,0x41e7,0x41e7,0x4a07,0x4a07,0x41e7,0x41e7,0x41e7,0x41e7,0x41c6,0x41c6,0x39c6,0x39c6,0x41e7,0x4a28,0x4a07,0x41e7,
  0x41e7,0x4a07,0x4a28,0x4a07,0x41c6,0x39a6,0x39a6,0x39a6,0x39a6,0x41c6,0x39a6,0x3185,0x3165,0x3185,0x39a6,0x41c6,0x41c6,0x39a6,0x3985,0x3985,
  0x20e3,0x20e3,0x20e3,0x2903,0x2903,0x2923,0x2903,0x20e3,0x20e3,0x20e3,0x20e3,0x2903,0x2924,0x2924,0x2103,0x20e2,0x20e3,0x2923,0x3144,0x3144,
  0x2944,0x2103,0x20c2,0x20e3,0x2103,0x2103,0x20e3,0x20e3,0x18c2,0x18c2,0x20e3,0x20e3,0x18a2,0x18a2,0x1081,0x1081,0x0020,0x0000,0x0020,0x18c3,
  0x2124,0x2945,0x2945,0x2945,0x3186,0x31a7,0x2966,0x2945,0x2966,0x3186,0x2966,0x3186,0x3186,0x3186,0x2966,0x2945,0x2945,0x2946,0x2966,0x2966,
  0x2945,0x2966,0x2966,0x3187,0x31a7,0x2966,0x2966,0x2986,0x2966,0x2946,0x2125,0x2125,0x2125,0x2125,0x2966,0x2966,0x2945,0x2125,0x2125,0x2145,
  0x2145,0x2945,0x2945,0x2946,0x2945,0x2945,0x2945,0x2945,0x2966,0x2966,0x2966,0x3186,0x3186,0x2966,0x2945,0x2125,0x2125,0x2945,0x2945,0x2145,
  0x2945,0x2966,0x3186,0x3186,0x3186,0x3166,0x2966,0x2966,0x2966,0x3186,0x2966,0x2966,0x2966,0x2945,0x2945,0x2966,0x2966,0x2966,0x2966,0x2966,
  0x2966,0x2966,0x2966,0x2966,0x2966,0x2945,0x2945,0x2966,0x2966,0x2945,0x2945,0x2966,0x31a6,0x3186,0x2966,0x2966,0x2945,0x2966,0x3186,0x2966,
  0x2945,0x2966,0x2965,0x18e3,0x1082,0x1061,0x1061,0x0841,0x0861,0x0861,0x1061,0x10a2,0x10a2,0x1082,0x10a2,0x10a2,0x1082,0x10a2,0x18c2,0x10a2,
  0x18c2,0x2945,0x2104,0x20c3,0x18c2,0x18c2,0x18c3,0x2924,0x18e3,0x18c3,0x18a2,0x18c2,0x18c3,0x18c3,0x20e3,0x20e3,0x18c3,0x18c2,0x18a2,0x18c2,
  0x3143,0x2923,0x20e3,0x18e3,0x2103,0x2104,0x2103,0x20e3,0x18a2,0x20e3,0x2924,0x2944,0x2103,0x2103,0x2924,0x20e3,0x20e3,0x20e3,0x20e3,0x2103,
  0x2924,0x2924,0x2103,0x2924,0x2103,0x20e3,0x18a2,0x1061,0x10a2,0x0841,0x0000,0x0000,0x0000,0x0000,0x0020,0x0000,0x0000,0x0020,0x0020,0x0020,
  0x0020,0x0020,0x0841,0x0841,0x0841,0x0841,0x0840,0x0020,0x0000,0x0020,0x0020,0x0841,0x0820,0x0861,0x10a2,0x2103,0x39a6,0x4a28,0x5268,0x5248,
  0x4a07,0x4a28,0x4a28,0x41e7,0x41e7,0x4a28,0x4a28,0x41e7,0x41c6,0x4a07,0x5248,0x4a07,0x39c6,0x39a6,0x39c6,0x41c6,0x41e7,0x41e7,0x41c6,0x39c6,
  0x41e7,0x4207,0x41e7,0x39c6,0x39a6,0x39a6,0x39c6,0x41e7,0x41e7,0x41c7,0x3986,0x3165,0x3165,0x3185,0x39a6,0x41c6,0x41c6,0x39a6,0x3165,0x3165,
  0x20e3,0x20e3,0x20e2,0x20e3,0x20e3,0x2903,0x20e2,0x20e3,0x20e3,0x20e3,0x2903,0x2923,0x2923,0x2103,0x20e3,0x20e3,0x2103,0x2924,0x2903,0x2103,
  0x2103,0x20e3,0x18c2,0x20e3,0x2924,0x2903,0x18c2,0x18a2,0x18a2,0x18c2,0x18c2,0x18c2,0x18a2,0x10a2,0x1081,0x0861,0x0020,0x0020,0x10a2,0x2104,
  0x2104,0x2125,0x2945,0x2945,0x2945,0x3186,0x3186,0x2966,0x3186,0x31a7,0x3186,0x3186,0x39a7,0x31a7,0x2966,0x2945,0x2945,0x2966,0x3187,0x3186,
  0x2945,0x2945,0x2966,0x31a7,0x31a7,0x3186,0x2966,0x2966,0x2966,0x2946,0x2966,0x2966,0x2945,0x2945,0x2946,0x2945,0x2125,0x2125,0x2125,0x2125,
  0x2125,0x2125,0x2125,0x2945,0x2945,0x2945,0x2945,0x2145,0x2125,0x2145,0x2145,0x2945,0x2945,0x2945,0x2145,0x2125,0x2145,0x2966,0x2966,0x2945,
  0x2945,0x2945,0x2966,0x2966,0x2966,0x2966,0x2966,0x2945,0x2966,0x2966,0x2945,0x2945,0x2945,0x2125,0x2125,0x2125,0x2125,0x2945,0x3166,0x3186,
  0x3186,0x2966,0x2945,0x2945,0x2145,0x2145,0x2945,0x2945,0x2945,0x2966,0x2966,0x3186,0x39c7,0x31a7,0x2945,0x2945,0x2945,0x2945,0x2945,0x3186,
  0x2966,0x2925,0x2945,0x2966,0x2104,0x1062,0x0841,0x0841,0x0841,0x1061,0x1081,0x18a2,0x1081,0x1082,0x1082,0x10a2,0x18c2,0x10a2,0x10a2,0x18c2,
  0x18c2,0x18c2,0x2103,0x2903,0x10a2,0x18c2,0x2104,0x3145,0x18e3,0x18a2,0x18c3,0x18e3,0x18c3,0x18c2,0x18c2,0x18a2,0x1082,0x18c3,0x18c3,0x2103,
  0x3144,0x2903,0x18c3,0x18e3,0x20e3,0x20e3,0x18c3,0x18c2,0x18c3,0x18c3,0x18a2,0x20e3,0x20e3,0x20e2,0x2903,0x20e3,0x2903,0x2103,0x20e3,0x20e3,
  0x2923,0x2923,0x2944,0x2103,0x20e3,0x2103,0x18c3,0x10a2,0x18c2,0x1081,0x0000,0x0000,0x0000,0x0000,0x0000,0x0000,0x0000,0x0000,0x0020,0x0841,
  0x0841,0x0820,0x0020,0x0020,0x0020,0x0020,0x0841,0x0820,0x0020,0x0020,0x0000,0x0020,0x1082,0x2924,0x39a6,0x4207,0x4a08,0x4a07,0x4a07,0x4a07,
  0x4a07,0x5248,0x5248,0x4a07,0x4a28,0x5269,0x5268,0x4a07,0x41c7,0x4a28,0x5248,0x4a07,0x41c6,0x41e7,0x4207,0x41e7,0x41e7,0x39a6,0x3986,0x3986,
  0x39a6,0x39a6,0x39a6,0x3185,0x3986,0x39a6,0x41c6,0x41e7,0x41e7,0x39c6,0x3985,0x3185,0x3985,0x39a6,0x39a6,0x39a6,0x39a6,0x3986,0x3985,0x3985,
  0x20e2,0x20e2,0x20c2,0x20e2,0x20e3,0x2103,0x2903,0x2903,0x20e3,0x20e3,0x2103,0x2903,0x2903,0x2103,0x18c2,0x20e3,0x2103,0x2103,0x20e3,0x20e3,
  0x20e3,0x20e2,0x20e3,0x2903,0x2924,0x20e3,0x18a2,0x1081,0x18a2,0x18a2,0x18a2,0x18a2,0x1082,0x1082,0x1081,0x0841,0x0020,0x1082,0x18e3,0x20e4,
  0x2104,0x2945,0x2966,0x2125,0x2125,0x2966,0x3186,0x2966,0x3187,0x31a7,0x2966,0x2966,0x2966,0x2966,0x2945,0x2125,0x2946,0x31a7,0x39e8,0x39c7,
  0x2966,0x2125,0x2966,0x3186,0x3186,0x2946,0x2945,0x2945,0x2945,0x2966,0x3186,0x3186,0x2966,0x2145,0x2945,0x2945,0x2145,0x2125,0x2125,0x2125,
  0x2125,0x2125,0x2125,0x2145,0x2145,0x2125,0x2145,0x2125,0x2125,0x2104,0x2125,0x2125,0x2125,0x2145,0x2125,0x2125,0x2125,0x2966,0x2966,0x2966,
  0x2945,0x2945,0x2945,0x2125,0x2145,0x2925,0x2125,0x2125,0x2945,0x2945,0x2966,0x2966,0x2945,0x2125,0x2125,0x2124,0x2125,0x2966,0x3166,0x3186,
  0x3166,0x2945,0x2945,0x2945,0x2945,0x2945,0x2125,0x2125,0x2125,0x2945,0x2945,0x2966,0x3186,0x2966,0x2125,0x2945,0x2945,0x2945,0x2125,0x2945,
  0x2965,0x2945,0x2945,0x2966,0x2945,0x2104,0x1082,0x0840,0x0841,0x1061,0x1081,0x0861,0x0861,0x0861,0x1081,0x1082,0x1082,0x18a2,0x18a2,0x10a2,
  0x18a2,0x18c2,0x18c2,0x18e3,0x18c3,0x18c3,0x2924,0x2903,0x20e3,0x18a2,0x18e3,0x18c3,0x10a2,0x18e3,0x20e3,0x10a2,0x18a2,0x20e3,0x20e3,0x18c2,
  0x18c2,0x18c2,0x20e3,0x2944,0x3985,0x3144,0x18a2,0x18c3,0x20e3,0x20e3,0x2103,0x2924,0x20e3,0x18c2,0x18c3,0x2103,0x2923,0x20e3,0x18c2,0x2103,
  0x2103,0x20e3,0x2903,0x20e3,0x2103,0x2903,0x20e3,0x10a2,0x18a2,0x18a2,0x0000,0x0000,0x0000,0x0000,0x0000,0x0000,0x0000,0x0000,0x0000,0x0020,
  0x0020,0x0020,0x0820,0x0820,0x0020,0x0020,0x0020,0x0000,0x0820,0x0861,0x1082,0x2924,0x41c6,0x41e7,0x41e7,0x41e7,0x41e7,0x41e7,0x41e7,0x41e7,
  0x4a28,0x4a28,0x4a07,0x4a28,0x5248,0x5268,0x5248,0x41e7,0x41e7,0x4a28,0x4a07,0x41c7,0x39c6,0x4207,0x4a28,0x4a07,0x41c6,0x39a6,0x3985,0x3986,
  0x39a6,0x3986,0x3165,0x3165,0x3165,0x3985,0x39a6,0x39c6,0x39a6,0x3986,0x3185,0x3986,0x39a6,0x39a6,0x3185,0x3165,0x3165,0x3185,0x39a6,0x39a6,
  0x20c2,0x20e2,0x20e3,0x20e3,0x20e3,0x2103,0x2903,0x2903,0x20e3,0x20e2,0x20e3,0x20e3,0x20e3,0x20e3,0x18c2,0x18a2,0x18c2,0x20c2,0x18c2,0x20c2,
  0x20e3,0x20e3,0x2103,0x2923,0x2103,0x18c2,0x18a2,0x1081,0x18a2,0x18c2,0x18a2,0x1081,0x1081,0x1081,0x0861,0x0841,0x0861,0x18c3,0x18e3,0x18e4,
  0x2125,0x2945,0x2945,0x2125,0x2125,0x2945,0x2945,0x2945,0x2966,0x2966,0x2945,0x2945,0x2945,0x2125,0x2125,0x2945,0x2966,0x31a7,0x39e8,0x39c7,
  0x2966,0x2945,0x2966,0x2966,0x2945,0x2125,0x2125,0x2125,0x2945,0x2966,0x3186,0x3166,0x2945,0x2125,0x2145,0x2945,0x2145,0x2125,0x2125,0x2125,
  0x2125,0x2125,0x2125,0x2125,0x2125,0x2125,0x2125,0x2125,0x2125,0x2104,0x2104,0x2125,0x2945,0x2945,0x2125,0x2125,0x2125,0x2125,0x2945,0x2945,
  0x2125,0x2125,0x2104,0x2104,0x2104,0x2104,0x2104,0x2104,0x2125,0x2945,0x3166,0x3186,0x2966,0x2945,0x2125,0x2125,0x2945,0x2966,0x2966,0x2965,
  0x2945,0x2945,0x2945,0x2945,0x2945,0x2125,0x2125,0x2125,0x2125,0x2125,0x2125,0x2945,0x2945,0x2125,0x2104,0x2104,0x2945,0x2125,0x2104,0x2125,
  0x2945,0x2945,0x2945,0x2945,0x2125,0x2124,0x2104,0x18c3,0x0861,0x1061,0x1061,0x0841,0x0841,0x1061,0x1061,0x0861,0x1082,0x10a2,0x18a2,0x1082,
  0x1082,0x1081,0x10a2,0x10a2,0x10a2,0x18c3,0x18a2,0x18a2,0x18a2,0x18a2,0x18c3,0x18c3,0x20e3,0x20e3,0x20e3,0x18c2,0x10a2,0x18c2,0x18a2,0x18c2,
  0x18c2,0x2924,0x2103,0x2924,0x3144,0x2103,0x18c3,0x18c3,0x18c3,0x18e3,0x2103,0x20e3,0x18a2,0x18c3,0x20e3,0x20e3,0x20e3,0x20e3,0x20c3,0x20e3,
  0x2103,0x2923,0x2924,0x2103,0x2103,0x20e3,0x2103,0x20e3,0x10a2,0x18a2,0x0020,0x0000,0x0000,0x0000,0x0000,0x0000,0x0000,0x0000,0x0020,0x0020,
  0x0820,0x0820,0x0020,0x0020,0x0020,0x0020,0x0020,0x0020,0x1061,0x2924,0x41e7,0x4a28,0x4a07,0x41e7,0x41e7,0x41e7,0x41e7,0x41e7,0x4207,0x4a28,
  0x5248,0x4a28,0x4a07,0x4a28,0x5228,0x4a28,0x41e7,0x41c6,0x41c7,0x41e7,0x41c6,0x39a6,0x39a6,0x41e7,0x41e7,0x41e7,0x41c6,0x41c6,0x41c6,0x41c6,
  0x41c6,0x39a6,0x3185,0x3165,0x3165,0x3185,0x3985,0x39a6,0x3185,0x3165,0x3165,0x3185,0x3186,0x3165,0x2945,0x2924,0x2944,0x3165,0x3985,0x3185,
  0x20c2,0x20e3,0x20e3,0x20e2,0x20e2,0x20e3,0x2103,0x20e3,0x20e3,0x20e3,0x20e3,0x20e2,0x20c2,0x18c2,0x18a2,0x18a2,0x18c2,0x18c2,0x18c2,0x20c3,
  0x20e3,0x20e3,0x2103,0x2103,0x18c2,0x18a2,0x18a2,0x1082,0x18a2,0x18a2,0x1081,0x0861,0x0861,0x0861,0x0841,0x0841,0x1082,0x18c3,0x18e4,0x2104,
  0x2104,0x2104,0x2945,0x2945,0x2945,0x2945,0x2945,0x2125,0x2945,0x2945,0x2945,0x2966,0x2966,0x2945,0x2945,0x2945,0x2966,0x3186,0x31a7,0x3186,
  0x2966,0x2966,0x2966,0x2946,0x2125,0x2125,0x2104,0x2125,0x2945,0x2945,0x2946,0x2945,0x2125,0x2105,0x2125,0x2145,0x2125,0x2125,0x2104,0x2125,
  0x2125,0x2125,0x2125,0x2125,0x2125,0x2125,0x2125,0x2125,0x2125,0x2104,0x2104,0x2125,0x2945,0x2945,0x2125,0x2104,0x2104,0x2104,0x2104,0x2104,
  0x2104,0x2104,0x18e4,0x18e4,0x2104,0x2104,0x2104,0x2104,0x2125,0x2945,0x2966,0x2966,0x2965,0x2945,0x2945,0x2945,0x2945,0x2945,0x2945,0x2945,
  0x2125,0x2104,0x2125,0x2125,0x2125,0x2125,0x2125,0x2125,0x2125,0x2125,0x2125,0x2945,0x2945,0x2125,0x2104,0x2125,0x2945,0x2945,0x2104,0x2125,
  0x2945,0x2945,0x2125,0x2104,0x2125,0x2945,0x2945,0x2966,0x18e3,0x0841,0x0840,0x0820,0x0841,0x1061,0x0861,0x1061,0x1061,0x1081,0x18a2,0x18a2,
  0x10a2,0x1082,0x1082,0x18c3,0x2104,0x2124,0x18a2,0x18a2,0x1082,0x10a2,0x10a2,0x2103,0x20e3,0x20e3,0x10a2,0x18a2,0x18a2,0x1082,0x2103,0x2103,
  0x18c2,0x18e3,0x18c3,0x18c3,0x18a2,0x18c3,0x18c3,0x2103,0x3985,0x2944,0x20e3,0x20e3,0x18c3,0x2103,0x3164,0x2924,0x18e3,0x20c2,0x20e3,0x18e3,
  0x2103,0x2924,0x2103,0x20e3,0x2103,0x18c2,0x18c2,0x20c3,0x18c2,0x18a2,0x0861,0x0000,0x0000,0x0000,0x0000,0x0000,0x0000,0x0000,0x0000,0x0000,
  0x0020,0x0020,0x0020,0x0020,0x0020,0x0020,0x0841,0x20e3,0x3185,0x41e7,0x4a28,0x4a08,0x41e7,0x4207,0x4a28,0x41e7,0x41c7,0x4a07,0x5248,0x5269,
  0x5248,0x4a28,0x4a07,0x41e7,0x41e7,0x41e7,0x41c6,0x41c6,0x41c6,0x41c6,0x39a6,0x3986,0x39a6,0x41c6,0x39a6,0x39a6,0x39a6,0x39a6,0x41c6,0x41c6,
  0x41c6,0x39a6,0x3185,0x3185,0x3185,0x39a6,0x39a6,0x3985,0x3165,0x3165,0x3165,0x3165,0x3165,0x2945,0x2924,0x2104,0x2924,0x2945,0x3145,0x2944,
  0x20e3,0x20e3,0x20e3,0x20c2,0x20c2,0x20e2,0x20e2,0x20c2,0x20e2,0x20e3,0x20e3,0x20c2,0x18c2,0x18c2,0x18c2,0x18c2,0x20e3,0x20e3,0x20c3,0x20e3,
  0x20e3,0x20e2,0x20e3,0x20e3,0x18c2,0x18a2,0x18a2,0x18a2,0x18a2,0x1082,0x1081,0x0861,0x0841,0x0841,0x0020,0x0841,0x1082,0x18c3,0x2104,0x2105,
  0x20e4,0x2104,0x2965,0x2965,0x2125,0x2945,0x2965,0x2945,0x2125,0x2125,0x2125,0x2966,0x2966,0x2945,0x2945,0x2945,0x2966,0x2966,0x2945,0x2945,
  0x2945,0x2966,0x2966,0x2945,0x2125,0x2125,0x2125,0x2125,0x2945,0x2945,0x2125,0x2105,0x2104,0x2104,0x2104,0x2125,0x2125,0x2104,0x2104,0x2125,
  0x2125,0x2125,0x2125,0x2125,0x2125,0x2125,0x2125,0x2125,0x2125,0x2104,0x2104,0x2104,0x2125,0x2125,0x2104,0x1904,0x2104,0x2104,0x2104,0x18e4,
  0x18e4,0x18e4,0x18e4,0x1904,0x2104,0x2104,0x2104,0x2104,0x2104,0x2125,0x2125,0x2945,0x2925,0x2125,0x2945,0x2945,0x2945,0x2125,0x2125,0x2125,
  0x2104,0x2104,0x2125,0x2125,0x2125,0x2125,0x2125,0x2125,0x2125,0x2125,0x2125,0x2125,0x2125,0x2125,0x2125,0x2945,0x3186,0x3186,0x2945,0x2125,
  0x2125,0x2945,0x2945,0x2125,0x2125,0x2945,0x2125,0x2945,0x2965,0x18e3,0x0841,0x0020,0x0841,0x0841,0x0841,0x0841,0x0861,0x0861,0x1081,0x1082,
  0x18c2,0x10a2,0x1082,0x18c2,0x2903,0x18a2,0x18a2,0x18c3,0x1082,0x18a2,0x18e3,0x18c3,0x20e3,0x20e3,0x18a2,0x10a2,0x1082,0x10a2,0x20e3,0x18c2,
  0x18c2,0x20e3,0x18a2,0x18c2,0x18e3,0x18c3,0x18c3,0x2104,0x49e7,0x3965,0x18c3,0x20e3,0x2924,0x3144,0x3123,0x2944,0x20e3,0x18c2,0x18c2,0x20e3,
  0x2923,0x2103,0x20e3,0x2103,0x2103,0x18c2,0x20e3,0x18a2,0x18a2,0x18a2,0x1061,0x0000,0x0000,0x0000,0x0000,0x0000,0x0000,0x0000,0x0000,0x0000,
  0x0000,0x0020,0x0020,0x0000,0x0000,0x10a2,0x2944,0x41c6,0x4207,0x41e7,0x41e7,0x41e7,0x4a28,0x5248,0x4a28,0x41e7,0x41c6,0x49e7,0x5248,0x5268,
  0x4a28,0x4a07,0x41e7,0x41c6,0x41c6,0x41c6,0x41c6,0x41c6,0x41c6,0x41c6,0x41c6,0x41a6,0x39a6,0x39a6,0x3986,0x3985,0x3985,0x3985,0x3985,0x39a6,
  0x39a6,0x3986,0x3185,0x3165,0x3185,0x39a6,0x39a6,0x3185,0x3165,0x3165,0x3145,0x3165,0x3145,0x2924,0x2104,0x2104,0x2104,0x2924,0x2924,0x2924,
  0x20e2,0x20e3,0x20e3,0x20e2,0x20e2,0x20c2,0x20c2,0x18c2,0x20e2,0x20e3,0x20e3,0x20c2,0x18c2,0x18a2,0x18a2,0x18c2,0x20e3,0x20e3,0x18c2,0x18c2,
  0x18c2,0x18c2,0x20c2,0x20c3,0x18c2,0x18c2,0x18c2,0x18c2,0x18a2,0x1081,0x1081,0x0861,0x0820,0x0020,0x0000,0x0841,0x10a3,0x18c3,0x2104,0x2125,
  0x2124,0x2124,0x2125,0x2125,0x2125,0x2945,0x2966,0x2965,0x2125,0x2104,0x2104,0x2125,0x2945,0x2925,0x2945,0x2945,0x2945,0x2945,0x2125,0x2125,
  0x2945,0x2945,0x2945,0x2125,0x2125,0x2125,0x2145,0x2125,0x2125,0x2145,0x2125,0x2104,0x2104,0x2104,0x2104,0x2104,0x2104,0x2104,0x1904,0x2104,
  0x2104,0x2104,0x2104,0x2104,0x2104,0x2104,0x2104,0x2104,0x2104,0x2104,0x1904,0x18e4,0x2104,0x18e4,0x18e4,0x18e4,0x18e4,0x18e4,0x18e4,0x18e4,
  0x18e4,0x18e4,0x18e4,0x1904,0x2104,0x2104,0x2104,0x1904,0x18e4,0x18e4,0x2104,0x2104,0x2124,0x2125,0x2125,0x2125,0x2125,0x2124,0x2104,0x2104,
  0x2104,0x2104,0x2104,0x2125,0x2124,0x2124,0x2125,0x2125,0x2104,0x2104,0x2104,0x2104,0x2104,0x2104,0x2104,0x2125,0x3186,0x31a6,0x2966,0x2125,
  0x2125,0x2125,0x2945,0x2945,0x2925,0x2125,0x2104,0x2104,0x2125,0x2125,0x18e4,0x0841,0x0020,0x0820,0x0841,0x0861,0x0861,0x1061,0x1061,0x0861,
  0x1081,0x18a2,0x1082,0x1081,0x1082,0x18a2,0x18c3,0x18e3,0x18c3,0x18c2,0x18c3,0x18a2,0x18a2,0x18c3,0x18c2,0x10a2,0x2103,0x2924,0x2103,0x18c2,
  0x18a2,0x18c2,0x18a2,0x20e3,0x20e3,0x20e3,0x18c2,0x2103,0x2924,0x2103,0x18c2,0x18a2,0x20e3,0x2903,0x2903,0x20e3,0x20e3,0x18c3,0x18c2,0x18c2,
  0x20e2,0x20e3,0x2903,0x3144,0x3985,0x2103,0x18c2,0x18a2,0x1082,0x18a2,0x1061,0x0020,0x0000,0x0000,0x0000,0x0000,0x0000,0x0000,0x0000,0x0000,
  0x0000,0x0000,0x0000,0x0841,0x2904,0x41c7,0x41e7,0x4a28,0x4a07,0x41c7,0x41e7,0x4a28,0x5248,0x5248,0x41e7,0x39a6,0x41c6,0x41e7,0x4a07,0x4a07,
  0x4a07,0x41c7,0x41c6,0x4a07,0x4a07,0x41e6,0x39a6,0x39a6,0x41c6,0x41e7,0x41e6,0x41c6,0x39a6,0x3986,0x3986,0x3986,0x3985,0x3185,0x3185,0x39a6,
  0x39a6,0x3185,0x3165,0x3145,0x3165,0x3185,0x3985,0x3185,0x3165,0x2945,0x2945,0x2945,0x2945,0x2944,0x2924,0x2924,0x2124,0x2124,0x2104,0x2104,
  0x20e2,0x20e2,0x20e3,0x2903,0x20e2,0x20c2,0x18c2,0x20c2,0x20e2,0x20e2,0x20c2,0x18c2,0x18a2,0x18a2,0x18a2,0x18c2,0x18c2,0x18c2,0x18a2,0x18a2,
  0x18c2,0x18a2,0x18c2,0x18a2,0x18a2,0x18c2,0x20e3,0x18c2,0x18a2,0x1081,0x1081,0x0861,0x0820,0x0000,0x0020,0x0862,0x10a3,0x18c3,0x18e4,0x2124,
  0x2124,0x2104,0x2104,0x2104,0x2125,0x2945,0x2966,0x2945,0x2104,0x18e4,0x18e4,0x2104,0x2125,0x2945,0x2966,0x2966,0x2945,0x2125,0x2125,0x2125,
  0x2125,0x2125,0x2125,0x2105,0x2125,0x2125,0x2945,0x2125,0x2125,0x2125,0x2125,0x2104,0x2104,0x2104,0x2104,0x2104,0x18e4,0x18e4,0x18e4,0x1904,
  0x1904,0x2104,0x2104,0x2104,0x2104,0x1904,0x18e4,0x2104,0x2104,0x2104,0x18e4,0x18e4,0x18c3,0x18c3,0x18c3,0x18e3,0x18e4,0x18e4,0x18e4,0x18e4,
  0x18e4,0x18e4,0x18e4,0x18e4,0x18e4,0x18e4,0x18e4,0x18e4,0x18e4,0x1904,0x18e4,0x2104,0x2104,0x2104,0x2104,0x2104,0x18e4,0x1904,0x2104,0x2104,
  0x2104,0x2124,0x2124,0x2104,0x2104,0x2104,0x2124,0x2104,0x2104,0x2104,0x1904,0x2104,0x2104,0x18e4,0x2104,0x2124,0x2945,0x2945,0x2945,0x2125,
  0x2124,0x2125,0x2945,0x2945,0x2124,0x2104,0x2104,0x20e4,0x2104,0x2104,0x2945,0x2104,0x0841,0x0000,0x0820,0x0841,0x0861,0x1061,0x0861,0x1081,
  0x1061,0x18c2,0x18a2,0x1061,0x10a2,0x18c3,0x10a2,0x10a2,0x18e3,0x18e3,0x18c2,0x1082,0x10a2,0x18a2,0x18c3,0x18c3,0x2923,0x20e3,0x18c3,0x18c2,
  0x10a2,0x1082,0x10a2,0x18a2,0x2923,0x3165,0x18c3,0x18a2,0x20e3,0x20e3,0x18c3,0x18c3,0x18c3,0x10a2,0x18a2,0x18c2,0x18c2,0x20e3,0x18a2,0x18c2,
  0x18c2,0x18c2,0x20c2,0x20e2,0x2103,0x20e3,0x18a2,0x18a2,0x18e3,0x10a2,0x1081,0x0840,0x0000,0x0000,0x0000,0x0000,0x0000,0x0000,0x0000,0x0000,
  0x0000,0x0000,0x0861,0x3165,0x4a28,0x4a07,0x4207,0x4a28,0x41e7,0x41c6,0x4a07,0x4a28,0x4a28,0x41e7,0x39a6,0x39a6,0x41c6,0x41c6,0x41c6,0x39c6,
  0x39a6,0x39a6,0x41e6,0x4a27,0x4a27,0x41e7,0x39a6,0x3986,0x39a6,0x41c6,0x41c6,0x39a6,0x39a6,0x39a6,0x39a6,0x39a6,0x3985,0x3986,0x39a6,0x41c6,
  0x39a6,0x3185,0x3165,0x3165,0x3165,0x3165,0x3185,0x3165,0x3165,0x2944,0x2924,0x2944,0x2944,0x3165,0x3145,0x2945,0x2944,0x2924,0x2104,0x2104,
  0x20c2,0x20c2,0x20e2,0x20e2,0x20e2,0x18c2,0x18c2,0x20e2,0x20e2,0x18c2,0x18a2,0x18a2,0x18a2,0x18a2,0x18c2,0x20e3,0x18c2,0x18c2,0x18a2,0x18a2,
  0x18a2,0x18c2,0x18a2,0x1081,0x1081,0x18a2,0x18c2,0x18a2,0x1081,0x1081,0x1061,0x0861,0x0020,0x0000,0x0841,0x1082,0x18c3,0x18c3,0x2104,0x2104,
  0x2104,0x2104,0x2125,0x2945,0x2125,0x2125,0x2925,0x2125,0x2104,0x2104,0x2104,0x2124,0x2125,0x2945,0x2945,0x2945,0x2125,0x2125,0x2125,0x2125,
  0x2104,0x2104,0x2104,0x2104,0x2125,0x2145,0x2125,0x2125,0x2104,0x2104,0x2104,0x2104,0x2104,0x2104,0x1904,0x18e4,0x18e4,0x18e4,0x18e4,0x18e4,
  0x18e4,0x1904,0x2104,0x2104,0x2104,0x18e4,0x2104,0x2104,0x2104,0x2104,0x18e4,0x18c3,0x18c3,0x18c3,0x18e4,0x18e4,0x18e4,0x18e4,0x18e4,0x18e4,
  0x18e4,0x18e4,0x18e4,0x18e4,0x18e4,0x18e4,0x18e4,0x1904,0x18e4,0x1904,0x18e4,0x18e4,0x18e4,0x1904,0x18e4,0x18e4,0x18c3,0x18e4,0x18e4,0x18e4,
  0x2104,0x2124,0x2104,0x2104,0x2104,0x2104,0x2104,0x2104,0x2104,0x2104,0x2104,0x1904,0x1904,0x1904,0x1904,0x2104,0x18e4,0x2104,0x2104,0x2104,
  0x2104,0x2104,0x2104,0x2124,0x2124,0x2104,0x2104,0x20e4,0x18e4,0x2124,0x2125,0x2124,0x18e3,0x0020,0x0020,0x0040,0x0841,0x0840,0x0840,0x1061,
  0x1081,0x1081,0x1082,0x18c2,0x20e3,0x1082,0x10a2,0x18c3,0x18c2,0x18c2,0x18c2,0x10a2,0x10a2,0x10a2,0x18c2,0x18c2,0x20e3,0x2103,0x18a2,0x18a2,
  0x18c3,0x18c3,0x10a2,0x10a2,0x18c2,0x2944,0x20e3,0x18a2,0x18e3,0x2924,0x2103,0x20e3,0x2103,0x10a2,0x1082,0x10a2,0x18a2,0x20c2,0x20e2,0x20e3,
  0x18c2,0x20e3,0x2103,0x18c3,0x20e3,0x18c2,0x18a2,0x1882,0x18a2,0x18a2,0x1082,0x0841,0x0000,0x0000,0x0000,0x0000,0x0000,0x0000,0x0000,0x0000,
  0x0000,0x10a2,0x3185,0x41e7,0x41e7,0x41e7,0x41e7,0x41c6,0x41c6,0x41c6,0x41e7,0x41e7,0x41c6,0x41c6,0x39a6,0x39a6,0x39c6,0x39a6,0x3985,0x3165,
  0x3185,0x39a6,0x41c6,0x41e6,0x41e6,0x41c6,0x39a6,0x39a6,0x39c6,0x41c6,0x39a6,0x3985,0x3185,0x39a6,0x39c6,0x39a6,0x39a5,0x39a6,0x41c6,0x41c6,
  0x41c6,0x3985,0x3165,0x3185,0x3185,0x3185,0x3165,0x3165,0x2944,0x2944,0x2924,0x2944,0x3165,0x3165,0x3185,0x3165,0x2945,0x2924,0x2924,0x2124,
  0x20c2,0x18c2,0x18c2,0x20c2,0x18c2,0x18a2,0x18a2,0x18c2,0x18c2,0x18a2,0x18a2,0x1082,0x18a2,0x18a2,0x20e3,0x2103,0x20e3,0x18c2,0x18a2,0x1082,
  0x18a2,0x18a2,0x1081,0x1061,0x1081,0x10a2,0x1082,0x1081,0x1061,0x1061,0x0861,0x0840,0x0000,0x0000,0x0861,0x10a2,0x18c3,0x18e4,0x2124,0x2124,
  0x2104,0x2104,0x2125,0x2945,0x2124,0x2104,0x2104,0x2104,0x2124,0x2125,0x2125,0x2125,0x2125,0x2125,0x2125,0x2125,0x2145,0x2125,0x2125,0x2104,
  0x2104,0x1904,0x1904,0x2104,0x2125,0x2125,0x2125,0x2104,0x2104,0x2104,0x2104,0x2104,0x2104,0x1904,0x18e4,0x18e4,0x18e4,0x18e4,0x18e4,0x18e4,
  0x18e4,0x18e4,0x2104,0x1904,0x18e4,0x18e4,0x18e4,0x2104,0x2104,0x2104,0x18e4,0x18c3,0x18c3,0x18e3,0x18e4,0x2104,0x18e4,0x18e4,0x18e4,0x18e3,
  0x18e4,0x18e3,0x18e3,0x18e3,0x18e4,0x18e4,0x18e4,0x1904,0x18e4,0x18e4,0x18e4,0x18e4,0x18e3,0x18c3,0x18c3,0x18c3,0x18c3,0x18e3,0x18e4,0x18e4,
  0x18e4,0x2104,0x2104,0x18e4,0x18e4,0x18e4,0x18e4,0x18e4,0x2104,0x2104,0x18e4,0x18e4,0x2104,0x2104,0x2104,0x18e4,0x18c3,0x18e4,0x18e4,0x18e4,
  0x2104,0x2104,0x2104,0x2124,0x2945,0x2945,0x2145,0x2104,0x20e4,0x2104,0x2104,0x18e4,0x2104,0x10a3,0x0000,0x0020,0x0020,0x0820,0x0820,0x0841,
  0x1061,0x0861,0x1061,0x18c2,0x18a2,0x0861,0x1082,0x18c2,0x20e3,0x2103,0x18c3,0x10a2,0x1082,0x18a2,0x18c2,0x18a2,0x18a2,0x18c2,0x10a2,0x18c2,
  0x20e3,0x18c3,0x18a2,0x18e3,0x18c2,0x18c2,0x20e3,0x1082,0x1082,0x18c2,0x3144,0x3165,0x20e3,0x18a2,0x10a2,0x18a2,0x18a2,0x18a2,0x2903,0x18c2,
  0x18c2,0x18c2,0x20e3,0x18a2,0x18c2,0x18c2,0x20c2,0x18a2,0x18a2,0x1081,0x1061,0x0841,0x0000,0x0000,0x0000,0x0000,0x0000,0x0000,0x0000,0x0000,
  0x18c2,0x39a6,0x41c6,0x39c6,0x41e7,0x41e7,0x41c6,0x41c6,0x4a07,0x41e7,0x39a6,0x3986,0x3986,0x39a6,0x39c6,0x41e6,0x41c6,0x3985,0x3165,0x3165,
  0x3985,0x39c6,0x41c6,0x39a6,0x3985,0x3985,0x39a6,0x41c6,0x41c6,0x39a6,0x3985,0x3165,0x3185,0x39a6,0x39a5,0x3985,0x3165,0x3186,0x39a6,0x39c6,
  0x39a6,0x3185,0x3165,0x3185,0x39a6,0x39a6,0x3165,0x2944,0x2944,0x2924,0x2944,0x2944,0x3165,0x3185,0x3185,0x3185,0x3165,0x2924,0x2924,0x2104,
};
}
